time,sensor_1,sensor_2,sensor_3
0.0,1.0,5.5498573151000575e-27,9.412325796428487e-14
3.630560583333341e-05,1.0,5.5498573151000575e-27,9.412325796428487e-14
7.261121166666682e-05,0.9912797424645861,-3.142114880796811e-27,8.507180473460627e-14
0.00010891681750000023,0.9739014055308484,-2.0951918383971886e-26,6.677490213881388e-14
0.00014522242333333364,0.9479888675942285,-4.8741185083862963e-26,3.8844569822411954e-14
0.00018152802916666705,0.9137267832754264,-8.782713146738423e-26,6.989561235972309e-16
0.00021783363500000046,0.8713592056256074,-1.400122268111215e-25,-4.843734111004049e-14
0.00025413924083333387,0.8211877656268177,-2.0762362839141213e-25,-1.0953256052913054e-13
0.0002904448466666673,0.7635694236040065,-2.935622136484467e-25,-1.8374642015960356e-13
0.0003267504525000007,0.6989138105976574,-4.0136091249320595e-25,-2.7242780002001417e-13
0.0003630560583333341,0.6276801810219085,-5.35251855633251e-25,-3.7711107715360235e-13
0.0003993616641666675,0.5503740010238074,-7.00241590324886e-25,-4.995106520617446e-13
0.0004356672700000009,0.46754319983840703,-9.021932542203257e-25,-6.415131279545328e-13
0.0004719728758333343,0.37977411407715544,-1.1479141188456126e-24,-8.051665224836197e-13
0.0005082784816666677,0.2876871572711522,-1.4452462910772736e-24,-9.926658055086196e-13
0.0005445840875000011,0.1919322490964526,-1.8031575640936826e-24,-1.2063339659207027e-12
0.0005808896933333346,0.09318404051847576,-2.2318284043719503e-24,-1.448597715709874e-12
0.000617195299166668,-0.007863027407736634,-2.7427298089295413e-24,-1.721956840598841e-12
0.0006535009050000014,-0.11049979216671149,-3.348685221984163e-24,-2.0289461041642654e-12
0.0006898065108333348,-0.21400752607886162,-4.063907811042583e-24,-2.3720885071467284e-12
0.0007261121166666682,-0.31766313998988266,-4.904002110815143e-24,-2.7538385965989955e-12
0.0007624177225000016,-0.4207443939059117,-5.885916283659134e-24,-3.1765144119202105e-12
0.000798723328333335,-0.5225350742918444,-7.027827944134513e-24,-3.642216548285744e-12
0.0008350289341666684,-0.6223300982494722,-8.34894257136447e-24,-4.152732714492335e-12
0.0008713345400000018,-0.7194405056195615,-9.869178896776663e-24,-4.70942606418835e-12
0.0009076401458333352,-0.8131983011984875,-1.1608710209017295e-23,-5.313105489691123e-12
0.0009439457516666686,-0.9029611107136358,-1.3587324157381566e-23,-5.9638759894400745e-12
0.000980251357500002,-0.9881166159480104,-1.5823556248264344e-23,-6.6609671574614135e-12
0.0010165569633333355,-1.068086736426339,-1.8333543698787998e-23,-7.402537800468473e-12
0.001052862569166669,-1.1423315273531893,-2.112953651738003e-23,-8.185454670448431e-12
0.0010891681750000023,-1.2103527660067523,-2.4217991501479398e-23,-9.005043313503936e-12
0.0011254737808333356,-1.2716972015166652,-2.759716215967907e-23,-9.854809085732221e-12
0.001161779386666669,-1.3259594458654138,-3.125408326943726e-23,-1.072612648116424e-11
0.0011980849925000026,-1.37278448702386,-3.516083277639767e-23,-1.1607895063134396e-11
0.001234390598333336,-1.4118698083343948,-3.92699359542449e-23,-1.2486160497561966e-11
0.0012706962041666692,-1.4429671015612309,-4.3508757134428036e-23,-1.3343699463937635e-11
0.0013070018100000027,-1.4658835644067916,-4.777270288776793e-23,-1.4159567577548137e-11
0.0013433074158333363,-1.480482776715959,-5.191703736028922e-23,-1.4908609905639532e-11
0.0013796130216666696,-1.4866851530258947,-5.574708567828622e-23,-1.5560934212565473e-11
0.0014159186275000029,-1.48446797253817,-5.90065751892338e-23,-1.6081347736947702e-11
0.0014522242333333364,-1.4738649909624069,-6.136383717116377e-23,-1.6428759100591912e-11
0.00148852983916667,-1.454965641977667,-6.239556405996284e-23,-1.6555547888010125e-11
0.0015248354450000032,-1.427913839251547,-6.156778994690849e-23,-1.640690553100262e-11
0.0015611410508333365,-1.3929063930207708,-5.821373606598753e-23,-1.5920152399253233e-11
0.00159744665666667,-1.3501910581459706,-5.1508139495330684e-23,-1.5024037449825542e-11
0.0016337522625000035,-1.300064233283989,-4.043766396736951e-23,-1.3638028440266908e-11
0.0016700578683333368,-1.2428683333521071,-2.3766978569691776e-23,-1.1671602575853764e-11
0.0017063634741666701,-1.1789888597708496,-8.577725394093571e-29,-9.02354955484297e-12
0.0017426690800000037,-1.1088511950484745,3.266351216680729e-23,-5.58130130896422e-12
0.0017789746858333372,-1.0329171500963616,7.637819616959743e-23,-1.2203053209788792e-12
0.0018152802916666705,-0.9516812942280921,1.3370750641241745e-22,4.1965387536723866e-12
0.0018515858975000038,-0.8656670990865101,2.0768558585515102e-22,1.0819356321214731e-11
0.0018878915033333373,-0.7754229287554009,3.018849629156943e-22,1.881166271512135e-11
0.0019241971091666708,-0.6815179090411476,4.2049070220024287e-22,2.835058581062584e-11
0.001960502715000004,-0.5845377093529431,5.683807594141608e-22,3.962691257896887e-11
0.0019968083208333374,-0.4850802707684771,7.51212123139737e-22,5.2844921584227416e-11
0.002033113926666671,-0.3837515137486265,9.755119993806735e-22,6.822195899052379e-11
0.0020694195325000045,-0.2811610585651307,1.2487728800171336e-21,8.598771098581112e-11
0.002105725138333338,-0.17791799083745904,1.5795498167689989e-21,1.0638312066833016e-10
0.002142030744166671,-0.07462670364927272,1.9775575786960654e-21,1.2965889241977307e-10
0.0021783363500000046,0.028117153456629997,2.4537645818100376e-21,1.560735216512511e-10
0.002214641955833338,0.12973058970886972,3.0204795193314163e-21,1.8589078261104705e-10
0.002250947561666671,0.22964702528557157,3.691425462754647e-21,2.1937660175529212e-10
0.0022872531675000047,0.32731985497734295,4.481794816238407e-21,2.5679523908549556e-10
0.002323558773333338,0.4222257998657557,5.408276855623327e-21,2.984046949456999e-10
0.0023598643791666717,0.5138680256984454,6.48904763088223e-21,3.444512551576017e-10
0.0023961699850000052,0.6017790089279526,7.743709715881912e-21,3.951630831813199e-10
0.0024324755908333383,0.6855231337803748,9.193166607489448e-21,4.5074276436716413e-10
0.002468781196666672,0.7646990062085838,1.0859413459662638e-20,5.113587044728547e-10
0.0025050868025000054,0.8389414731396392,1.2765222236823562e-20,5.771352826437803e-10
0.0025413924083333385,0.9079233380234268,1.493369523190927e-20,6.481416581939984e-10
0.002577698014166672,0.9713567663059046,1.7387656163982496e-20,7.243791310067687e-10
0.0026140036200000055,1.0289943770624437,2.0148842693781262e-20,8.057669574409797e-10
0.002650309225833339,1.0806300196119634,2.3236858119783697e-20,8.921265275511727e-10
0.0026866148316666725,1.1260992364690003,2.666783319187953e-20,9.831638154930905e-10
0.0027229204375000056,1.165279416457617,3.0452741359440574e-20,1.0784500235043031e-09
0.002759226043333339,1.1980896441883646,3.4595302318497255e-20,1.1774003511517969e-09
0.0027955316491666726,1.2244902543688743,3.908939941362585e-20,1.2792508359763382e-09
0.0028318372550000057,1.2444821015629906,4.391592627490572e-20,1.38303322960586e-09
0.0028681428608333392,1.258105558017142,4.9038967041161796e-20,1.4875478952417877e-09
0.0029044484666666728,1.2654392540219537,5.440120267757792e-20,1.5913347385409483e-09
0.0029407540725000063,1.2665985769597519,5.991842331371014e-20,1.6926422147289357e-09
0.00297705967833334,1.2617339466941742,6.547301332595494e-20,1.7893944907014679e-09
0.003013365284166673,1.2510288862779604,7.090626223990462e-20,1.879156882311818e-09
0.0030496708900000064,1.2346979080824323,7.600934067225326e-20,1.9590997344129985e-09
0.00308597649583334,1.2129842363822896,8.051276678858095e-20,2.025960964919152e-09
0.003122282101666673,1.1861573881591574,8.407417553797469e-20,2.0760075545480104e-09
0.0031585877075000065,1.1545106344156952,8.626419076766073e-20,2.10499633135325e-09
0.00319489331333334,1.1183583646197193,8.655018988488005e-20,2.1081344739619376e-09
0.0032311989191666736,1.0780333770272192,8.427774284120428e-20,2.080040239858545e-09
0.003267504525000007,1.033884117568606,7.864950287219895e-20,2.0147045153027593e-09
0.00330381013083334,0.9862718897299315,6.870132685129392e-20,1.9054538816585627e-09
0.0033401157366666737,0.9355680574276675,5.3275409774028075e-20,1.7449159990833137e-09
0.003376421342500007,0.8821512622708636,3.099023252029242e-20,1.524988222610015e-09
0.0034127269483333403,0.8264046758384382,2.0714670850549251e-22,1.2368104874652271e-09
0.003449032554166674,0.7687133066834848,-4.1006542423271693e-20,8.707436296723149e-10
0.0034853381600000073,0.7094613807233727,-9.491808177507916e-20,4.1635444411113225e-10
0.003521643765833341,0.6490298124975465,-1.6417338049643757e-19,-1.3759107541938775e-10
0.0035579493716666744,0.5877937834884778,-2.518446468900987e-19,-8.031247218168584e-10
0.0035942549775000074,0.526120442319973,-3.614813546223348e-19,-1.5930615415553263e-09
0.003630560583333341,0.4643667401861562,-4.971641892553671e-19,-2.520971883310762e-09
0.0036668661891666745,0.40287741333932076,-6.635614374660119e-19,-3.6011379722722057e-09
0.0037031717950000076,0.3419831228909738,-8.659870492277322e-19,-4.848492797954995e-09
0.003739477400833341,0.281998760573162,-1.1104593206783418e-18,-6.27853894978287e-09
0.0037757830066666746,0.22322192748175707,-1.4037588045481149e-18,-7.907244886208397e-09
0.003812088612500008,0.1659315911946123,-1.753483647232867e-18,-9.750915982515364e-09
0.0038483942183333416,0.11038692503971553,-2.1681000673649458e-18,-1.1826037572869933e-08
0.0038846998241666747,0.05682633169542328,-2.656985119705981e-18,-1.4149087087210007e-08
0.003921005430000008,0.005466651749614608,-3.230458219155559e-18,-1.6736312287120997e-08
0.003957311035833341,-0.04349744366055691,-3.899797120623092e-18,-1.9603472531272394e-08
0.003993616641666675,-0.08989387845029953,-4.6772331486793636e-18,-2.2765539955015495e-08
0.004029922247500008,-0.13357341912387669,-5.575919432872132e-18,-2.6236357435502005e-08
0.004066227853333342,-0.17440974923024316,-6.609864716432225e-18,-3.0028250238707215e-08
0.004102533459166675,-0.2122993769218271,-7.793823953577166e-18,-3.4151588313948694e-08
0.004138839065000009,-0.24716138290374468,-9.14313537945092e-18,-3.8614296321171063e-08
0.004175144670833342,-0.2789370170603817,-1.0673492012913954e-17,-4.342130865305524e-08
0.004211450276666676,-0.30758915293744704,-1.2400633622610557e-17,-4.85739669548562e-08
0.004247755882500009,-0.3331016100364343,-1.4339943038902932e-17,-5.406935795699924e-08
0.004284061488333342,-0.35547835454223586,-1.6505928318141412e-17,-5.989958982631397e-08
0.004320367094166676,-0.3747425896519329,-1.891156965372689e-17,-6.605100571896128e-08
0.004356672700000009,-0.39093574710317885,-2.1567507076445604e-17,-7.250333378929889e-08
0.004392978305833343,-0.40411639181487324,-2.4481041895176877e-17,-7.922877358182516e-08
0.004429283911666676,-0.4143590517528293,-2.7654921504759272e-17,-8.619101951552887e-08
0.00446558951750001,-0.4217529852217321,-3.1085873644419714e-17,-9.334422306883603e-08
0.004501895123333342,-0.42640089776567525,-3.476285245072455e-17,-1.0063189629592808e-07
0.004538200729166676,-0.42841762073762574,-3.8664954747625306e-17,-1.0798576045808017e-07
0.004574506335000009,-0.4279287633787636,-4.2758961000366476e-17,-1.1532454484277377e-07
0.004610811940833343,-0.42506934993791645,-4.6996451293303716e-17,-1.225527422738159e-07
0.004647117546666676,-0.41998245296600234,-5.1310442656456924e-17,-1.2955932939170886e-07
0.00468342315250001,-0.4128178334477403,-5.561149016648193e-17,-1.3621646150803738e-07
0.0047197287583333435,-0.4037305978905116,-5.97831906151074e-17,-1.4237815371226495e-07
0.004756034364166677,-0.39287988188609074,-6.367702433225298e-17,-1.4787896193402592e-07
0.0047923399700000105,-0.38042756900314717,-6.710646816666224e-17,-1.525326798368893e-07
0.004828645575833343,-0.3665370531652043,-6.984031089780719e-17,-1.5613106973666894e-07
0.004864951181666677,-0.35137205192843646,-7.159510175741553e-17,-1.5844264819232892e-07
0.00490125678750001,-0.3350954773045387,-7.202666360581496e-17,-1.5921154950142835e-07
0.004937562393333344,-0.31786836998407936,-7.072060502226969e-17,-1.581564930330224e-07
0.004973867999166677,-0.2998489020132167,-6.718177057725299e-17,-1.5496988313399205e-07
0.005010173605000011,-0.2811914521691721,-6.082257637534096e-17,-1.4931707323149102e-07
0.005046479210833344,-0.26204575747485503,-5.0950189183851494e-17,-1.4083582870246522e-07
0.005082784816666677,-0.24255614349763047,-3.6752522771920935e-17,-1.291360260649719e-07
0.00511909042250001,-0.2228608352981176,-1.7283045245749358e-17,-1.1379962903506668e-07
0.005155396028333344,-0.20309135013837032,8.555582955405568e-18,-9.438098495270138e-08
0.0051917016341666775,-0.1833719723305888,4.2028988170102826e-17,-7.040748797114152e-08
0.005228007240000011,-0.16381930991290267,8.45895871610832e-17,-4.1380658182853974e-08
0.0052643128458333445,-0.14454193218243575,1.3789597341672147e-16,-6.77768847170284e-09
0.005300618451666678,-0.1256400865019152,2.0383298462823404e-16,3.3946486717302474e-08
0.0053369240575000115,-0.10720549222801981,2.8453217853063614e-16,8.135654437252074e-08
0.005373229663333345,-0.0893212090903464,3.823923596601383e-16,1.3603348956780622e-07
0.005409535269166678,-0.0720615768815563,5.000996999501743e-16,1.985706762846069e-07
0.005445840875000011,-0.0554922229035727,6.40646879650629e-16,2.6956907201666926e-07
0.005482146480833345,-0.0396701332526454,8.073505398867657e-16,3.496317054299495e-07
0.005518452086666678,-0.024643783718110348,1.0038661822534484e-15,4.3935723665269084e-07
0.005554757692500012,-0.010453325815608852,1.2341994720626438e-15,5.393325908019898e-07
0.005591063298333345,0.002869176725263784,1.50271269806619e-15,6.501245972035574e-07
0.005627368904166679,0.015299465847586425,1.8141249104728857e-15,7.722705795235925e-07
0.0056636745100000115,0.02682076635486519,2.1735039986928374e-15,9.06267845800621e-07
0.005699980115833345,0.03742342737634831,2.5862486783576105e-15,1.052562032236957e-06
0.0057362857216666785,0.04710453308969975,3.0580580317878256e-15,1.2115342606805386e-06
0.005772591327500012,0.05586748764058328,3.5948858854091706e-15,1.3834870770939048e-06
0.0058088969333333455,0.06372157911773244,4.202876910131234e-15,1.5686291470616238e-06
0.005845202539166679,0.07068152732345663,4.88828089525973e-15,1.7670586946207823e-06
0.0058815081450000126,0.07676701992650824,5.6573411724701234e-15,1.9787456824965694e-06
0.005917813750833346,0.08200224140018686,6.516152653726065e-15,2.2035127452654353e-06
0.00595411935666668,0.08641539893695445,7.470484396573466e-15,2.4410149021224078e-06
0.005990424962500012,0.09003824929520698,8.525561023754287e-15,2.6907180928574814e-06
0.006026730568333346,0.09290563027775105,9.685796704523542e-15,2.9518765993969632e-06
0.006063036174166679,0.0950550002685205,1.095447475679935e-14,3.223509435873512e-06
0.006099341780000013,0.0965259889676597,1.2333365258392145e-14,3.5043758126711413e-06
0.006135647385833346,0.09735996216875532,1.3822272370082506e-14,3.7929498042477664e-06
0.00617195299166668,0.09759960311908615,1.5418502383582398e-14,4.087394376746028e-06
0.006208258597500013,0.09728851269752847,1.7116242826409487e-14,4.385534959417628e-06
0.006244564203333346,0.09647083033830489,1.8905842299458635e-14,4.6848327736360106e-06
0.0062808698091666795,0.09519087732502167,2.0772980111061644e-14,4.982358164657175e-06
0.006317175415000013,0.09349282378113068,2.2697714226998438e-14,5.274764214178389e-06
0.0063534810208333466,0.09142038039257967,2.465339560707723e-14,5.558260945976062e-06
0.00638978662666668,0.08901651561824062,2.660543667827717e-14,5.828590472278281e-06
0.006426092232500014,0.08632319887573542,2.850992154024888e-14,6.081003464808284e-06
0.006462397838333347,0.08338116993625176,3.031204555543102e-14,6.310237371346863e-06
0.006498703444166681,0.08022973452332678,3.194437229401366e-14,6.510496835887678e-06
0.006535009050000014,0.07690658588857285,3.332489644151589e-14,6.675436817640493e-06
0.006571314655833347,0.07344765193286278,3.4354902299700975e-14,6.7981489408705e-06
0.00660762026166668,0.06988696725526293,3.491660899416232e-14,6.871151643399798e-06
0.006643925867500014,0.0662565693444455,3.487059552735614e-14,6.886384726047424e-06
0.006680231473333347,0.06258641797864649,3.405300147676859e-14,6.835208937810123e-06
0.006716537079166681,0.05890433677048335,3.227250253684497e-14,6.7084112616060615e-06
0.006752842685000014,0.05523597568194169,2.9307064353135056e-14,6.496216592293763e-06
0.006789148290833348,0.051604793242259486,2.4900483321254397e-14,6.1883065217733054e-06
0.0068254538966666806,0.04803205712681042,1.8758729355872647e-14,5.773845964572158e-06
0.006861759502500014,0.0445368616978202,1.0546113220845324e-14,5.241518370674312e-06
0.006898065108333348,0.041136161067136974,-1.1868999391770134e-16,4.579570279697398e-06
0.006934370714166681,0.037844816216516274,-1.3666719094962474e-14,3.7758659710601767e-06
0.006970676320000015,0.03467565470108627,-3.058285223675678e-14,2.8179529576929135e-06
0.007006981925833348,0.03163954146586821,-5.140991088439999e-14,1.693139055291709e-06
0.007043287531666682,0.028745459322413743,-7.675265720277736e-14,3.8858173426340156e-07
0.007079593137500015,0.026000597661702235,-1.0728158110685796e-13,-1.1086095734902366e-06
0.007115898743333349,0.023410448019288117,-1.4373635201825462e-13,-2.8112575867720436e-06
0.007152204349166681,0.020978905158135427,-1.8692878647989753e-13,-4.731987137851555e-06
0.007188509955000015,0.018708372392434152,-2.377451559939571e-13,-6.883080487687119e-06
0.007224815560833348,0.01659986994075832,-2.971476295876078e-13,-9.276317579122926e-06
0.007261121166666682,0.014653145167999272,-3.661746125112325e-13,-1.1922800911171871e-05
0.007297426772500015,0.012866783651405197,-4.459397059896697e-13,-1.4832764829680394e-05
0.007333732378333349,0.011238320085628641,-5.376289729629124e-13,-1.8015369156972724e-05
0.0073700379841666825,0.00976434812382161,-6.424961511888778e-13,-2.1478477225917895e-05
0.007406343590000015,0.008440628335479042,-7.618554079044577e-13,-2.5228418542568e-05
0.007442649195833349,0.007262193545943552,-8.970711794762706e-13,-2.9269736476265363e-05
0.007478954801666682,0.006223450906358224,-1.0495445852131067e-12,-3.360492156694889e-05
0.007515260407500016,0.005318280125589921,-1.22069584693487e-12,-3.823413124618294e-05
0.007551566013333349,0.004540127376536505,-1.4119420852731037e-12,-4.315489699088448e-05
0.007587871619166683,0.00388209446766524,-1.6246698004061878e-12,-4.8361820166341357e-05
0.007624177225000016,0.003337022946085774,-1.8602012795316347e-12,-5.3846258067190514e-05
0.00766048283083335,0.002897572870505929,-2.1197541065254688e-12,-5.95960019306313e-05
0.007696788436666683,0.0025562960606985274,-2.404392881786124e-12,-6.559494897411653e-05
0.007733094042500016,0.002305703694341114,-2.714972193257235e-12,-7.182277079867332e-05
0.007769399648333349,0.002138328182059348,-3.0520698143421828e-12,-7.825458079717328e-05
0.007805705254166683,0.0020467793070456496,-3.4159090423838755e-12,-8.486060351234135e-05
0.007842010860000016,0.002023794666621012,-3.80626903438232e-12,-9.160584919982683e-05
0.007878316465833349,0.0020622844994844926,-4.2223819467604e-12,-9.844979716473378e-05
0.007914622071666683,0.0021553710241128095,-4.662815645698346e-12,-0.00010534609175280631
0.007950927677500016,0.002296422450826394,-5.125340726635693e-12,-0.00011224225518688173
0.00798723328333335,0.0024790818624551725,-5.606780569174111e-12,-0.00011907942174186494
0.008023538889166683,0.0026972911863768025,-6.102843160414747e-12,-0.0001257920980436652
0.008059844495000017,0.002945310504054863,-6.6079334497880645e-12,-0.0001323079545553193
0.00809615010083335,0.0032177329632020408,-7.114945056216802e-12,-0.00013854765357269392
0.008132455706666684,0.0035094955724963325,-7.615030239026904e-12,-0.0001444247192882583
0.008168761312500017,0.0038158861695848103,-8.09734717294057e-12,-0.00014984545568977456
0.00820506691833335,0.004132546860151619,-8.548783740838798e-12,-0.00015470891823649415
0.008241372524166684,0.004455474229367763,-8.953657282403434e-12,-0.00015890694539354223
0.008277678130000018,0.0047810166273695946,-9.293390019425647e-12,-0.0001623242562004522
0.008313983735833351,0.005105868827840913,-9.54616022722913e-12,-0.00016483862009702882
0.008350289341666685,0.0054270643536234306,-9.686529644562329e-12,-0.00016632110522357357
0.008386594947500018,0.005741965755880347,-9.685048120229198e-12,-0.00016663641134770908
0.008422900553333352,0.006048253124012609,-9.507837092880996e-12,-0.00016564329344136237
0.008459206159166684,0.006343911092590579,-9.116154200420251e-12,-0.00016319508173379807
0.008495511765000017,0.006627214599310176,-8.465942127346243e-12,-0.00015914030379500678
0.00853181737083335,0.006896713634682961,-7.507365732316379e-12,-0.00015332341385357372
0.008568122976666684,0.007151217210067144,-6.18434256455514e-12,-0.0001455856341200254
0.008604428582500018,0.007389776755954583,-4.43407308684521e-12,-0.00013576591236661912
0.008640734188333351,0.007611669147331751,-2.1865782848380916e-12,-0.00012370199940412005
0.008677039794166685,0.00781637953758747,6.357461328992547e-13,-0.00010923164939237216
0.008713345400000018,0.008003584166980621,4.118548043159789e-12,-9.219394512211916e-05
0.008749651005833352,0.008173133296221975,8.35589694708424e-12,-7.24307495089925e-05
0.008785956611666685,0.008325034400366927,1.345060689832293e-11,-4.978828354607759e-05
0.008822262217500019,0.008459435743052945,1.9514487222045353e-11,-2.4118829869098636e-05
0.008858567823333352,0.008576610436235178,2.6668501473136044e-11,4.717440100907874e-06
0.008894873429166686,0.008676941076063167,3.5042812430684456e-11,3.6850518756432174e-05
0.00893117903500002,0.0087609050314887,4.477668807822192e-11,7.239849933820336e-05
0.008967484640833353,0.008829060448688513,5.601824047989823e-11,0.00011146540356259377
0.009003790246666685,0.00888203302151389,6.892396624066394e-11,0.00015413890754246163
0.009040095852500018,0.008920503566027882,8.36580538468187e-11,0.00020048797532064636
0.009076401458333352,0.0089451964258386,1.003914196405074e-10,0.000250560411020074
0.009112707064166685,0.008956868724452284,1.1930043051234191e-10,0.00030438034235579913
0.009149012670000019,0.008956300471306416,1.4056526763145009e-10,0.0003619456500412553
0.009185318275833352,0.008944285519536906,1.6436788171057294e-10,0.00042322535944103775
0.009221623881666686,0.008921623365899986,1.9088948647236979e-10,0.00048815701266181433
0.00925792948750002,0.008889111776602532,2.203075331981077e-10,0.0005566440411161617
0.009294235093333353,0.008847540217067075,2.5279210556779593e-10,0.0006285531604245877
0.009330540699166686,0.008797684058822872,2.8850167051900877e-10,0.0007037118113207375
0.00936684630500002,0.008740299532709621,3.2757811764951487e-10,0.0007819056719745348
0.009403151910833353,0.008676119394331246,3.701410168686499e-10,0.0008628762688273348
0.009439457516666687,0.008605849265122808,4.1628102168012715e-10,0.0009463187146205545
0.00947576312250002,0.008530164610411933,4.660523437852453e-10,0.0010318796037722092
0.009512068728333354,0.008449708314388852,5.194642237761353e-10,0.0011191550965910276
0.009548374334166687,0.00836508881087612,5.764713227057244e-10,0.0012076892249913776
0.009584679940000021,0.008276878728151475,6.369629604530124e-10,0.0012969724533596644
0.009620985545833353,0.008185614005779593,7.007511292445971e-10,0.0013864405289994517
0.009657291151666686,0.00809179344141832,7.675572146589667e-10,0.0014754736571235005
0.00969359675750002,0.007995878625862717,8.369973621590198e-10,0.0015633960356416178
0.009729902363333353,0.007898294225165749,9.085664349178188e-10,0.0016494757849894648
0.009766207969166687,0.007799428569524203,9.816205186865757e-10,0.0017329253079318015
0.00980251357500002,0.007699634509741569,1.0553579419819825e-09,0.001812902113631539
0.009838819180833354,0.007599230503473529,1.1287987952364888e-09,0.0018885101392821923
0.009875124786666687,0.007498501895118763,1.2007629510672725e-09,0.001958801601236238
0.009911430392500021,0.007397702355122287,1.2698466097956133e-09,0.0020227794058077335
0.009947735998333354,0.007297055446584862,1.3343974201146482e-09,0.0020794001477688465
0.009984041604166688,0.007196756289384176,1.3924882546916308e-09,0.0021275777219836645
0.010020347210000021,0.007096973294465941,1.4418897548337327e-09,0.002166187570618763
0.010056652815833355,0.006997849943502686,1.4800417974737699e-09,0.002194071584931539
0.010092958421666689,0.0068995065916872735,1.50402408196526e-09,0.0022100436767609035
0.010129264027500022,0.006802042273968709,1.51052608382169e-09,0.002212896030530945
0.010165569633333354,0.006705536497494519,1.4958166778782762e-09,0.00220140604183114
0.010201875239166687,0.00661005100534877,1.4557137946522727e-09,0.0021743439434654182
0.01023818084500002,0.00651563149882987,1.385554541148815e-09,0.0021304811142803734
0.010274486450833354,0.0064223093074724956,1.280166291174905e-09,0.002068599060108379
0.010310792056666688,0.006330102997771814,1.1338393304982196e-09,0.0019874990498176255
0.010347097662500021,0.006239019913117999,9.403017289643916e-10,0.0018860123827765282
0.010383403268333355,0.006149057638809414,6.926972049289412e-10,0.0017630112570482766
0.010419708874166688,0.006060205387208227,3.835668469355026e-10,0.0016174202003714582
0.010456014480000022,0.005972445299163757,4.835663238152746e-12,0.0014482280184990707
0.010492320085833355,0.0058857536587902945,-4.521949588446908e-10,0.0012545002078104427
0.010528625691666689,0.005800102019580418,-9.96847685152387e-10,0.001035391771333456
0.010564931297500023,0.005715458240689971,-1.6390612387336188e-09,0.0007901603694779279
0.010601236903333356,0.005631787433067617,-2.3893725311187497e-09,0.0005181797289497839
0.01063754250916669,0.005549052815931333,-3.2588873486690226e-09,0.00021895322555909986
0.010673848115000023,0.005467216484917292,-4.25923789289594e-09,-0.00010787245097323915
0.010710153720833357,0.005386240094034119,-5.402525344729784e-09,-0.00046249364948819637
0.01074645932666669,0.005306085454330285,-6.701245495573749e-09,-0.0008449362334947421
0.010782764932500022,0.005226715052900646,-8.168195364598705e-09,-0.0012550422939498831
0.010819070538333355,0.0051480924964937445,-9.81635860438511e-09,-0.001692457217963177
0.010855376144166689,0.005070182884508345,-1.1658767388273461e-08,-0.0021566172383231867
0.010891681750000022,0.00499295311656375,-1.370833837552665e-08,-0.002646737593738426
0.010927987355833356,0.0049163721400780815,-1.5977680267846022e-08,-0.003161801433940291
0.01096429296166669,0.004840411143385345,-1.8478870406463442e-08,-0.003700549607222542
0.011000598567500023,0.004765043699868779,-2.1223197816843195e-08,-0.004261471470505055
0.011036904173333357,0.004690245868398262,-2.42208700922067e-08,-0.004842796863525209
0.01107320977916669,0.004615996255055632,-2.7480681522223986e-08,-0.005442489389198384
0.011109515385000024,0.004542276040743553,-3.100963992422578e-08,-0.006058241141474006
0.011145820990833357,0.004469068978834936,-3.481254972643928e-08,-0.006687469020075221
0.01118212659666669,0.004396361366566583,-3.8891548991617246e-08,-0.007327312768285008
0.011218432202500024,0.004324141993446258,-4.3245598260886366e-08,-0.007974634865373175
0.011254737808333358,0.004252402069555421,-4.7869919347825744e-08,-0.008626022399299525
0.011291043414166691,0.004181135136311808,-5.275538252806493e-08,-0.00927779103794044
0.011327349020000023,0.004110336962018914,-5.7887840956609924e-08,-0.009925991208241454
0.011363654625833356,0.004040005424375627,-6.324741161033595e-08,-0.010566416582380691
0.01139996023166669,0.003970140382041334,-6.880770260335717e-08,-0.01119461495823327
0.011436265837500023,0.00390074353733419,-7.453498736500596e-08,-0.011805901608163784
0.011472571443333357,0.003831818292160876,-8.038732691053034e-08,-0.012395375155465349
0.01150887704916669,0.003763369599309592,-8.631364227974201e-08,-0.01295793602164667
0.011545182655000024,0.0036954038112580667,-9.225274017479027e-08,-0.013488307470294733
0.011581488260833358,0.003627928528631232,-9.813229590062339e-08,-0.013981059254477637
0.011617793866666691,0.003560952450370121,-1.0386779890556356e-07,-0.014430633854682396
0.011654099472500025,0.0034944852275327993,-1.093614675390608e-07,-0.014831375273204963
0.011690405078333358,0.0034285373224362467,-1.1450114109249344e-07,-0.015177560328838706
0.011726710684166692,0.00336311987457026,-1.1915915876915171e-07,-0.015463432372773134
0.011763016290000025,0.0032982445743838067,-1.23191236942304e-07,-0.015683237322962354
0.011799321895833359,0.0032339235456804926,-1.2643535790504656e-07,-0.01583126189001281
0.011835627501666692,0.003170169236986977,-1.287106852903297e-07,-0.01590187384304708
0.011871933107500026,0.003106994321902122,-1.2981652344006532e-07,-0.01588956413921284
0.01190823871333336,0.0030444116081202433,-1.2953134022233113e-07,-0.01578899071572435
0.011944544319166691,0.002982433954570291,-1.2761187512677927e-07,-0.015595023718759855
0.011980849925000025,0.002921074195939591,-1.2379235689918058e-07,-0.015302791919414081
0.012017155530833358,0.0028603450737640177,-1.177838574924516e-07,-0.01490773004345117
0.012053461136666692,0.002800259173266021,-1.0927381169625695e-07,-0.014405626719057266
0.012089766742500025,0.002740828865199723,-9.792573443971414e-08,-0.013792672725395992
0.012126072348333359,0.002682066252103027,-8.337917041761214e-08,-0.01306550920476978
0.012162377954166692,0.0026239831185396567,-6.524991334181458e-08,-0.012221275482831891
0.012198683560000026,0.0025665908851152425,-4.313053473405024e-08,-0.011257656124823304
0.012234989165833359,0.002509900566246366,-1.6591264717768233e-08,-0.010172926841467136
0.012271294771666693,0.002453922731826839,1.4818730305552723e-08,-0.008965998846176538
0.012307600377500026,0.002398667473052742,5.156962594151919e-08,-0.007636461255847341
0.01234390598333336,0.002344144372723999,9.41487248353024e-08,-0.006184621120930243
0.012380211589166693,0.002290362480329857,1.430576974407394e-07,-0.004611540666911661
0.012416517195000027,0.0022373302921504645,1.9880922604098805e-07,-0.002919071328963961
0.01245282280083336,0.0021850557364758564,2.619229984473814e-07,-0.0011098841645222615
0.012489128406666692,0.0021335461638721793,3.329209971690193e-07,0.0008125037649469255
0.012525434012500026,0.0020828083422323555,4.123220297380975e-07,0.002843707441577554
0.012561739618333359,0.002032848456156132,5.00635446371388e-07,0.004978456752854917
0.012598045224166693,0.001983672110033981,5.983539923266439e-07,0.007210584534529972
0.012634350830000026,0.001935284334079475,7.059457442571759e-07,0.009533020140228502
0.01267065643583336,0.001887689592479963,8.238450826642102e-07,0.011937788857927683
0.012706962041666693,0.0018408917928241504,9.524426562826276e-07,0.014416017464294923
0.012743267647500027,0.0017948942960192076,1.0920742990002166e-06,0.016957946174948915
0.01277957325333336,0.0017496999260242741,1.2430088657928619e-06,0.019552947212108714
0.012815878859166694,0.0017053109788903059,1.4054349612466412e-06,0.02218955017097794
0.012852184465000027,0.0016617292307919212,1.5794465426192748e-06,0.02485547432273999
0.01288849007083336,0.0016189559449457922,1.7650273891513135e-06,0.027537667945426357
0.012924795676666694,0.001576991877511711,1.962034440550928e-06,0.0302223547244105
0.012961101282500028,0.001535837282747271,2.170180020318224e-06,0.032895087212158475
0.012997406888333361,0.0014954919178187744,2.389012973911044e-06,0.03554080728245431
0.013033712494166695,0.001455955047747861,2.617898767740238e-06,0.038143913457967436
0.013070018100000028,0.0014172254509896482,2.855998612663036e-06,0.040688334932128874
0.01310632370583336,0.0013793014260944157,3.1022476950498924e-06,0.04315761204725046
0.013142629311666694,0.0013421807998078312,3.3553326196489854e-06,0.04553498293110389
0.013178934917500027,0.001305860936826441,3.61366819136197e-06,0.0478034759342462
0.01321524052333336,0.0012703387512617728,3.8753736876532845e-06,0.04994600745072978
0.013251546129166694,0.0012356107196962443,4.138248799599957e-06,0.05194548464598201
0.013287851735000028,0.0012016728955557773,4.399749447481659e-06,0.053784912558109896
0.013324157340833361,0.0011685209243945756,4.656963706217253e-06,0.05544750498321849
0.013360462946666695,0.0011361500596005028,4.9065881067506715e-06,0.05691679850207307
0.013396768552500028,0.0011045551779937542,5.144904611520928e-06,0.058176768955131436
0.013433074158333362,0.0010737307948102944,5.367758595229944e-06,0.059211949626167625
0.013469379764166695,0.0010436710776322866,5.5705381960239815e-06,0.0600075503519369
0.013505685370000029,0.0010143698589424861,5.748155436668409e-06,0.06054957673711557
0.013541990975833362,0.0009858206471258153,5.895029550020981e-06,0.06082494862059006
0.013578296581666696,0.0009580166359034975,6.005072977754747e-06,0.06082161691154661
0.01361460218750003,0.0009309507123461966,6.071680545465425e-06,0.06052867789217312
0.013650907793333361,0.0009046154637559476,6.0877223505942615e-06,0.05993648406854294
0.013687213399166695,0.0008790031838177664,6.045540931537767e-06,0.0590367506427792
0.013723519005000028,0.0008541058784897678,5.936953316388954e-06,0.05782265667822688
0.013759824610833362,0.0008299152721191272,5.753258577407013e-06,0.056288940035366775
0.013796130216666695,0.0008064228142392704,5.485251541948515e-06,0.05443198516981578
0.013832435822500029,0.0007836196874254659,5.1232433315781085e-06,0.05224990290513828
0.013868741428333362,0.0007614968164704627,4.657089417737764e-06,0.04974260132244864
0.013905047034166696,0.0007400448790015609,4.076225893983697e-06,0.04691184694595517
0.01394135264000003,0.0007192543175104774,3.3697146706613017e-06,0.043761315448652686
0.013977658245833363,0.0006991153526232347,2.5262982972164236e-06,0.040296631155217866
0.014013963851666696,0.0006796179973138051,1.5344651093509535e-06,0.036525394679627524
0.01405026945750003,0.0006607520716747293,3.8252538212191017e-07,0.032457198102865174
0.014086575063333363,0.0006425072178090645,-9.413008549517202e-07,0.028103627170989413
0.014122880669166697,0.0006248729144050078,-2.448783719478674e-06,0.02347825007542286
0.01415918627500003,0.000607838490596757,-4.151570518486461e-06,0.018596592465123452
0.014195491880833364,0.0005913931387972989,-6.061059412030621e-06,0.013476098433792813
0.014231797486666697,0.0005755259263015457,-8.188259247412409e-06,0.008136077323863974
0.01426810309250003,0.0005602258055892379,-1.054363519473866e-05,0.0025976362920329074
0.014304408698333363,0.0005454816233923512,-1.3136939909426505e-05,-0.003116401312164021
0.014340714304166696,0.0005312821287172296,-1.5977030056138405e-05,-0.008981591593546877
0.01437701991000003,0.0005176159801144831,-1.9071668152037794e-05,-0.014971979511291285
0.014413325515833363,0.0005044717525595716,-2.2427309825594905e-05,-0.021060221645721095
0.014449631121666697,0.0004918379443373023,-2.6048876740748993e-05,-0.027217721832512306
0.01448593672750003,0.00047970298431176803,-2.9939515605223524e-05,-0.0334147790521544
0.014522242333333364,0.00046805523991149355,-3.410034386623021e-05,-0.039620746851307766
0.014558547939166697,0.00045688302607381,-3.853018289656323e-05,-0.04580420346402939
0.01459485354500003,0.0004461746152821728,-4.322527968888017e-05,-0.05193313169569799
0.014631159150833364,0.0004359182487070949,-4.817901830530543e-05,-0.057975107531836094
0.014667464756666698,0.0004261021483384662,-5.338162257268369e-05,-0.06389749633887173
0.014703770362500031,0.00041671452988690675,-5.88198517699451e-05,-0.06966765543515771
0.014740075968333365,0.00040774361614553164,-6.447669132197521e-05,-0.07525314172919408
0.014776381574166698,0.00039917765044950363,-7.033104079271967e-05,-0.08062192304886333
0.01481268718000003,0.00039100490985394796,-7.635740175734639e-05,-0.08574259172142405
0.014848992785833364,0.00038321371767222897,-8.252556842721768e-05,-0.09058457890979753
0.014885298391666697,0.00037579245507331677,-8.880032419999636e-05,-0.09511836816703849
0.01492160399750003,0.00036872957152252347,-9.514114760794522e-05,-0.0993157066384468
0.014957909603333364,0.00036201359395495185,-0.00010150193143761446,-0.10314981232011293
0.014994215209166698,0.00035563313468445033,-0.00010783071909059575,-0.10659557577426956
0.015030520815000031,0.0003495768981609439,-0.00011406946254451884,-0.1096297547060218
0.015066826420833365,0.00034383368678452794,-0.00012015380655236187,-0.11223115982312727
0.015103132026666698,0.0003383924060561985,-0.0001260129039825559,-0.11438083043066657
0.015139437632500032,0.0003332420693857254,-0.00013156926744814504,-0.1160621982557461
0.015175743238333365,0.0003283718028834251,-0.00013673866259603519,-0.11726123805375784
0.015212048844166699,0.0003237708504345098,-0.0001414300486225274,-0.11796660361701865
0.015248354450000032,0.0003194285792958426,-0.00014554557174409216,-0.11816974788854082
0.015284660055833366,0.00031533448637195396,-0.00014898061747774783,-0.11786502597784777
0.0153209656616667,0.00031147820522903886,-0.0001516239276683761,-0.1170497799816271
0.015357271267500033,0.0003078495138027017,-0.0001533577882356764,-0.11572440462897902
0.015393576873333367,0.00030443834265807317,-0.00015405829359601915,-0.11389239289833146
0.015429882479166698,0.00030123478357942546,-0.0001535956936390088,-0.11156036088990709
0.015466188085000032,0.0002982290982085981,-0.00015183482899997465,-0.10873805138299537
0.015502493690833365,0.00029541172642290163,-0.00014863566016286048,-0.10543831566016157
0.015538799296666699,0.00029277329414608593,-0.0001438538956482574,-0.10167707333978604
0.015575104902500032,0.00029030462031960186,-0.00013734172418404877,-0.09747325012276238
0.015611410508333366,0.00028799672282178875,-0.00012894865531706975,-0.09284869352751504
0.0156477161141667,0.0002858408232031952,-0.00011852247239948447,-0.08782806685838898
0.01568402172000003,0.0002838283501984755,-0.00010591030126989306,-0.08243872182453083
0.015720327325833366,0.0002819509420696712,-9.095979724369612e-05,-0.07671055039820097
0.015756632931666698,0.00028020044792263,-7.352045222781063e-05,-0.07067581667158307
0.015792938537500033,0.00027856892820921173,-5.344502288001453e-05,-0.06436896963813304
0.015829244143333365,0.0002770486546759566,-3.059107974237384e-05,-0.0578264379868776
0.0158655497491667,0.00027563211004066115,-4.822676191642678e-06,-0.051086408154388654
0.015901855355000032,0.0002743119876702774,2.398786513154242e-05,-0.044188587028011435
0.015938160960833368,0.000273081191498117,5.595805202614085e-05,-0.037173950833935314
0.0159744665666667,0.0002719328363596421,9.119321354043084e-05,-0.030084481873548088
0.016010772172500035,0.00027086024885055425,0.0001297843883078742,-0.02296289488995418
0.016047077778333366,0.0002698569687264401,0.00017180611835372205,-0.015852354952391182
0.0160833833841667,0.00026891675077861496,0.00021731415791288646,-0.00879618883846567
0.016119688990000033,0.00026803356704459936,0.0002663431084582518,-0.0018375919716692429
0.01615599459583337,0.00026720160915143324,0.00031890399285008095,0.004980666966337169
0.0161923002016667,0.0002664152905515903,0.0003749817832701868,0.011616541583411574
0.016228605807500036,0.0002656692483981191,0.00043453289938636606,0.01802900129042981
0.016264911413333367,0.000264958344818712,0.0004974826949890863,0.02417832057487202
0.0163012170191667,0.0002642776673859486,0.0005637229531380377,0.030026361834882578
0.016337522625000035,0.00026362252863880773,0.0006331094116339863,0.03553684959814705
0.016373828230833366,0.00026298846458257057,0.0007054593423731724,0.04067563399176081
0.0164101338366667,0.0002623712321730075,0.0007805492098277918,0.04541094138883758
0.016446439442500033,0.00026176680586827795,0.0008581124355062417,0.04971361023463476
0.01648274504833337,0.00026117137340056176,0.0009378372967591004,0.053557310149012036
0.0165190506541667,0.0002605813309724043,0.001019364989688613,0.05691874251249331
0.016555356260000036,0.0002599932781150908,0.0011022878871673597,0.059777820869320986
0.016591661865833367,0.0002594040124552131,0.001186148024051766,0.062117829621783215
0.016627967471666703,0.00025881052462048887,0.001270435842563726,0.06392555964472711
0.016664273077500034,0.0002582099934787708,0.0013545892314841808,0.06519141961638036
0.01670057868333337,0.0002575997818491319,0.0014379928932313662,0.06590952204010656
0.0167368842891667,0.00025697743275673434,0.0015199780730592227,0.0660777431201184
0.016773189895000037,0.0002563406662307987,0.0015998226844842643,0.06569775585097312
0.01680949550083337,0.00025568737657469834,0.0016767518646089452,0.06477503588429154
0.016845801106666704,0.0002550156299759936,0.0017499389922342738,0.06331883994491996
0.016882106712500036,0.00025432366227805324,0.0018185072005235067,0.06134215678097653
0.016918412318333367,0.00025360987670815856,0.0018815314144733522,0.05886163084612926
0.016954717924166703,0.00025287284135202143,0.0019380409415524062,0.05589745912625428
0.016991023530000034,0.00025211128618163857,0.001987022641564069,0.05247326173451631
0.01702732913583337,0.0002513240994803449,0.0020274246990712227,0.048615927107102726
0.0170636347416667,0.00025051032356185647,0.0020581610185737564,0.04435543283454815
0.017099940347500037,0.0002496691497435262,0.0020781162590522598,0.0397246433590673
0.01713624595333337,0.00024879991260152805,0.0020861515204801755,0.03475908595487997
0.017172551559166704,0.0002479020836004838,0.002081110690464702,0.029496706584541826
0.017208857165000035,0.00024697526424576267,0.0020618274543103042,0.023977607388249327
0.01724516277083337,0.00024601917894790797,0.002027132966518893,0.018243767713526097
0.017281468376666703,0.0002450336678114834,0.0019758641760633947,0.012338750728290798
0.017317773982500038,0.00024401867956305205,0.001906872791717326,0.006307397779847048
0.01735407958833337,0.00024297426481501128,0.0018190348673180578,0.0001955127647534041
0.017390385194166705,0.00024190056982563324,0.0017112609801168354,-0.005950461141099735
0.017426690800000037,0.0002407978308647124,0.0015825069683609119,-0.012083769977329878
0.01746299640583337,0.00023966636923389203,0.0014317851870042308,-0.018157680257820764
0.017499302011666704,0.00023850658692708962,0.0012581762330003059,-0.02412581050614773
0.017535607617500035,0.00023731896285577274,0.0010608410840469084,-0.029942460574301024
0.01757191322333337,0.00023610404951208985,0.0008390335869847107,-0.03556293626544819
0.017608218829166702,0.00023486246990502476,0.0005921132243639697,-0.04094386681572957
0.017644524435000038,0.000233594914584377,0.00031955808005224864,-0.0460435128442152
0.01768083004083337,0.0002323021385662764,2.097791723408342e-05,-0.05082206245373071
0.017717135646666705,0.00023098495799199852,-0.00030387272517353245,-0.05524191325767773
0.017753441252500037,0.00022964424638705595,-0.0006550815187182677,-0.059267938218458306
0.017789746858333372,0.0002282809304362269,-0.0010325655219454147,-0.06286773331073203
0.017826052464166704,0.00022689598524738296,-0.0014360586612420067,-0.06601184516640857
0.01786235807000004,0.0002254904291369384,-0.0018650996356896592,-0.06867397701678458
0.01789866367583337,0.0002240653180264876,-0.0023190203707279073,-0.07083117141922325
0.017934969281666706,0.00022262173958812227,-0.0027969351498274017,-0.07246396843977793
0.017971274887500038,0.0002211608073103331,-0.003297730556975199,-0.07355653815760843
0.01800758049333337,0.00021968365467398137,-0.0038200563654958316,-0.07409678656026869
0.018043886099166705,0.0002181914296269345,-0.00436231751048741,-0.07407643410922354
0.018080191705000036,0.00021668528952678548,-0.004922667282860546,-0.0734910664704885
0.01811649731083337,0.00021516639668561175,-0.005499001882552465,-0.07234015712424541
0.018152802916666703,0.00021363591460254826,-0.0060889564668776845,-0.0706270617878102
0.01818910852250004,0.000212095004913864,-0.006689902827104774,-0.06835898480655053
0.01822541412833337,0.00021054482503179216,-0.0072989488221580166,-0.06554691788541316
0.018261719734166706,0.00020898652638832638,-0.007912939692783786,-0.06220555174779195
0.018298025340000038,0.0002074212531539437,-0.008528461372553935,-0.05835316151675949
0.018334330945833373,0.00020585014126823858,-0.009141845903672834,-0.0540114668144668
0.018370636551666705,0.00020427431760291145,-0.009749179055692498,-0.0492054677671319
0.01840694215750004,0.00020269489907897184,-0.010346310233915412,-0.04396325828392057
0.01844324776333337,0.00020111299157913725,-0.010928864751484193,-0.038315818146707675
0.018479553369166707,0.00019952968853123414,-0.011492258524941915,-0.03229678560284503
0.01851585897500004,0.00019794606908539713,-0.012031715237432124,-0.025942212293430016
0.018552164580833374,0.00019636319586228696,-0.012542285996743542,-0.019290302474082827
0.018588470186666706,0.00019478211230596288,-0.013018871497157159,-0.012381138592961024
0.018624775792500037,0.00019320383972782495,-0.013456246674604436,-0.005256395380882856
0.018661081398333373,0.00019162937417193927,-0.013849087824092289,0.0020409553196286847
0.018697387004166705,0.00019005968326271677,-0.01419200212680705,0.009466946706291552
0.01873369261000004,0.00018849570321030344,-0.014479559511905306,0.016976923835588496
0.01876999821583337,0.00018693833614573664,-0.014706326754879278,0.024525852778215358
0.018806303821666707,0.0001853884479372719,-0.01486690369070865,0.03206862978559335
0.01884260942750004,0.00018384686660334666,-0.014955961395954042,0.03956038816420273
0.018878915033333374,0.00018231438138999686,-0.014968282169697976,0.04695680059556389
0.018915220639166706,0.00018079174252591318,-0.014898801118998238,0.0542143746986784
0.01895152624500004,0.00017927966161214478,-0.014742649130498348,0.06129073970796373
0.018987831850833373,0.00017777881255130344,-0.014495196986262927,0.06814492223234195
0.019024137456666708,0.00017628983287817256,-0.014152100359003208,0.07473760916921214
0.01906044306250004,0.00017481332532414296,-0.013709345399867526,0.08103139596945995
0.019096748668333375,0.00017334985943480845,-0.013163294611136238,0.08699101858523392
0.019133054274166707,0.00017189997306465393,-0.012510732676725854,0.09258356757964377
0.019169359880000042,0.00017046417359459044,-0.011748911905619597,0.0977786830354193
0.019205665485833374,0.00016904293875495585,-0.010875596927446173,0.10254872906644423
0.019241971091666706,0.00016763671698482213,-0.009889108265665995,0.10686894691042
0.01927827669750004,0.00016624592731321166,-0.008788364402429047,0.11071758576114914
0.019314582303333373,0.00016487095880364554,-0.0075729219403663575,0.114076010683454
0.019350887909166708,0.00016351216965473667,-0.006243013460581528,0.11692878714094426
0.01938719351500004,0.00016216988609115047,-0.004799582673119383,0.11926374185509937
0.019423499120833375,0.00016084440120700134,-0.0032443164563882875,0.12107199990183233
0.019459804726666707,0.00015953597393482665,-0.0015796733855640206,0.12234799813727477
0.019496110332500042,0.0001582448283065432,0.00019109164295252033,0.12308947522643437
0.019532415938333374,0.00015697115314888913,0.0020639070732976074,0.1232974387251469
0.01956872154416671,0.00015571510231715527,0.004033869006047564,0.12297610983596724
0.01960502715000004,0.00015447679552138148,0.006095230518069654,0.12213284662098607
0.019641332755833376,0.00015325631974360401,0.008241396314225536,0.12077804660778356
0.019677638361666708,0.00015205373118878303,0.010464923013142575,0.11892502986770123
0.019713943967500043,0.0001508690576613542,0.012757525339830189,0.11658990377729972
0.019750249573333375,0.00014970230121906893,0.015110088464804914,0.11379141079336229
0.019786555179166707,0.00014855344093001236,0.01751268669270908,0.11055076067831546
0.019822860785000042,0.0001474224355500704,0.019954608663311613,0.1068914487058086
0.019859166390833374,0.0001463092259475892,0.02242438918445099,0.10283906145489777
0.01989547199666671,0.0001452137371286392,0.024909847770143354,0.09842107186542283
0.01993177760250004,0.0001441358797575341,0.02739813390799406,0.09366662527649444
0.019968083208333376,0.00014307555111894813,0.02987577902851649,0.08860631820439648
0.020004388814166708,0.00014203263552493858,0.0323287550953115,0.08327197163567371
0.020040694420000043,0.00014100700422667499,0.03474253967966198,0.07769640061585627
0.020077000025833375,0.00013999851494099063,0.03710218732634993,0.07191318190444293
0.02011330563166671,0.0001390070111408913,0.03939240695983857,0.06595642144281672
0.020149611237500042,0.00013803232128289917,0.04159764502183611,0.059860523344208175
0.020185916843333377,0.0001370742581501189,0.04370217397315306,0.05365996206427044
0.02022222244916671,0.00013613261847752773,0.045690185735183124,0.047389059348004935
0.020258528055000044,0.00013520718299641344,0.0475458895897983,0.04108176747448741
0.020294833660833376,0.00013429771699106674,0.04925361400148328,0.03477146023598454
0.020331139266666708,0.00013340397140719514,0.05079791177268272,0.02849073299358629
0.020367444872500043,0.0001325256844934979,0.05216366789314145,0.02227121304843792
0.020403750478333375,0.00013166258390133101,0.05333620939702369,0.0161433814571156
0.02044005608416671,0.00013081438911817693,0.05430141649833904,0.010136407302771518
0.02047636169000004,0.00012998081407377426,0.05504583423620399,0.004277995311525563
0.020512667295833377,0.0001291615697370853,0.05555678382723414,-0.001405752422632136
0.02054897290166671,0.0001283563665199706,0.05582247289337869,-0.0068904599702684565
0.020585278507500044,0.00012756491631983044,0.055832103710229834,-0.012153585852933085
0.020621584113333376,0.00012678693406697542,0.055575978603688646,-0.017174515711649907
0.02065788971916671,0.00012602213868977014,0.05504560161222815,-0.021934639116381067
0.020694195325000043,0.00012527025346688485,0.05423377552820404,-0.026417410404559114
0.020730500930833378,0.00012453100579558912,0.053134693435014015,-0.030608393563269762
0.02076680653666671,0.00012380412646185112,0.05174402386763572,-0.03449529129245664
0.020803112142500045,0.00012308934854624932,0.0500589887423609,-0.03806795850467292
0.020839417748333377,0.00012238640613439078,0.04807843322750783,-0.04131840062955314
0.020875723354166712,0.00012169503301806018,0.04580288676058979,-0.044240757197525224
0.020912028960000044,0.0001210149615718331,0.04323461445883044,-0.04683127127660986
0.020948334565833376,0.00012034592196945612,0.04037765821896385,-0.04908824542782631
0.02098464017166671,0.00011968764186694703,0.037237866858782796,-0.05101198492819242
0.021020945777500043,0.00011903984662886987,0.033822914716676276,-0.05260472908511146
0.021057251383333378,0.00011840226011572704,0.030142308196124536,-0.05387057153171059
0.02109355698916671,0.00011777460598986742,0.026207379819424805,-0.054815370449157054
0.021129862595000045,0.0001171566094409564,0.022031269438357415,-0.055446649708941295
0.021166168200833377,0.00011654799918570684,0.017628892338555236,-0.0557734919654844
0.021202473806666712,0.0001159485095650468,0.013016894068426625,-0.05580642475719147
0.021238779412500044,0.0001153578825485121,0.008213591921956401,-0.05555730069230907
0.02127508501833338,0.00011477586946186013,0.003238903106863405,-0.05503917280481282
0.02131139062416671,0.00011420223227915664,-0.0018857402653359482,-0.05426616616528635
0.021347696230000046,0.00011363674436237188,-0.007137489123634281,-0.053253346822665706
0.021384001835833378,0.00011307919058560746,-0.012492187964065798,-0.05201658913519121
0.021420307441666713,0.00011252936684194048,-0.01792449749754922,-0.050572442523372285
0.021456613047500045,0.00011198707899227325,-0.023408028849929072,-0.048937998644725623
0.02149291865333338,0.00011145214137118729,-0.028915488638429736,-0.0471307599500397
0.021529224259166712,0.00011092437500885917,-0.03441883414454908,-0.045168510534537985
0.021565529865000044,0.000110403605756009,-0.039889437702685285,-0.04306919014518348
0.02160183547083338,0.00010988966250767245,-0.04529825932747771,-0.04085077214814314
0.02163814107666671,0.0001093823757103241,-0.05061602651190403,-0.03853114619878764
0.021674446682500046,0.00010888157630661536,-0.055813420043543276,-0.03612800629123035
0.021710752288333378,0.00010838709522577207,-0.06086126460899061,-0.033658744796008305
0.021747057894166713,0.00010789876347023749,-0.06573072288705503,-0.03114035302377695
0.021783363500000045,0.00010741641278633966,-0.0703934917708997,-0.028589328780523404
0.02181966910583338,0.00010693987684508035,-0.07482199930845013,-0.026021591306483755
0.021855974711666712,0.00010646899280497,-0.07898960090988624,-0.02345240391734268
0.021892280317500047,0.00010600360308780267,-0.08287077334146324,-0.020896304593041322
0.02192858592333338,0.00010554355717467359,-0.08644130500680466,-0.018367044687235736
0.021964891529166714,0.00010508871322589801,-0.08967848101061895,-0.015877535859714815
0.022001197135000046,0.00010463893934524656,-0.09256126150585428,-0.013439805265447564
0.02203750274083338,0.0001041941143444094,-0.0950704518438679,-0.011064958967889255
0.022073808346666713,0.00010375412791423157,-0.09718886307838386,-0.008763153481194346
0.022110113952500045,0.000103318880169832,-0.098901461417872,-0.006543575286475342
0.02214641955833338,0.0001028882806009864,-0.1001955052774173,-0.004414428111576925
0.022182725164166712,0.00010246224652046634,-0.10106066864995804,-0.002382927712320186
0.022219030770000047,0.00010204070115501211,-0.10148914959763944,-0.00045530384607817134
0.02225533637583338,0.00010162357156084562,-0.10147576275652206,0.001363190913913706
0.022291641981666714,0.00010121078656418266,-0.10101801485145538,0.003068265912766706
0.022327947587500046,0.00010080227492508552,-0.10011616233191933,0.00465657111866573
0.02236425319333338,0.00010039796390035016,-0.09877325036328406,0.006125670247878636
0.022400558799166713,9.99977783402217e-05,-0.09699513254037276,0.007474008782583
0.022436864405000048,9.960164039875769e-05,-0.09479047083046942,0.008700877371849715
0.02247317001083338,9.920946987426732e-05,-0.09217071539993774,0.009806371119032965
0.022509475616666715,9.882118513099942e-05,-0.08915006413127277,0.01079134526694539
0.022545781222500047,9.843670449290178e-05,-0.08574540179448421,0.011657367795696929
0.022582086828333382,9.805594795111467e-05,-0.08197621899693741,0.01240666944713206
0.022618392434166714,9.767883899403486e-05,-0.07786451119783104,0.013042091684630757
0.022654698040000046,9.73053063557568e-05,-0.07343465823600423,0.013567033087889414
0.02269100364583338,9.693528548688087e-05,-0.06871328498134688,0.013985394669439594
0.022727309251666713,9.656871958028962e-05,-0.06372910387932525,0.014301524583386193
0.022763614857500048,9.620556003061816e-05,-0.05851274031361755,0.014520162677460651
0.02279992046333338,9.58457662650402e-05,-0.05309654186217718,0.014646385317311337
0.022836226069166715,9.548930494856464e-05,-0.04751437266582477,0.014685550887323467
0.022872531675000047,9.513614863248595e-05,-0.04180139426436954,0.01464324634551293
0.022908837280833382,9.47862739731402e-05,-0.03599383438198141,0.014525235181512344
0.022945142886666714,9.443965969357377e-05,-0.030128745259845137,0.014337407096703595
0.02298144849250005,9.409628448836101e-05,-0.024243753238869226,0.014085729694484577
0.02301775409833338,9.375612507867986e-05,-0.018376801387324247,0.013776202436818286
0.023054059704166716,9.341915461009031e-05,-0.012565887046774983,0.013414813090918857
0.023090365310000048,9.308534155072583e-05,-0.006848796233683647,0.01300749685748918
0.023126670915833383,9.27546491963594e-05,-0.001262836882851248,0.012560098339630853
0.023162976521666715,9.242703582633552e-05,0.004155427048188944,0.012078336479675947
0.02319928212750005,9.210245548714333e-05,0.009370438578093552,0.011567772559999112
0.023235587733333382,9.178085931543266e-05,0.01434790576827013,0.01103378133359618
0.023271893339166714,9.146219725632184e-05,0.019055052838329686,0.010481525321078664
0.02330819894500005,9.114641999176595e-05,0.023460862345537434,0.009915932282927453
0.02334450455083338,9.083348087186872e-05,0.027536306494046925,0.0093416758495459
0.023380810156666716,9.052333764166043e-05,0.03125456570695333,0.008763159267001474
0.023417115762500048,9.021595377711842e-05,0.034591232677620154,0.00818450219347208
0.023453421368333383,8.991129928491609e-05,0.037524500215767365,0.0076095304604204324
0.023489726974166715,8.960935087634956e-05,0.0400353313177582,0.007041768693487035
0.02352603258000005,8.931009149131101e-05,0.042107610018547875,0.006484435671076215
0.023562338185833382,8.90135092162513e-05,0.043728271723885034,0.005940442283645424
0.023598643791666717,8.87195957037055e-05,0.04488741187448636,0.005412391943809737
0.02363494939750005,8.84283442534953e-05,0.04557837195781741,0.004902583286535338
0.023671255003333384,8.81397477516628e-05,0.0457978020564837,0.004413014989893157
0.023707560609166716,8.785379667874216e-05,0.04554569930364406,0.003945392540034659
0.02374386621500005,8.75704773924712e-05,0.044825421803798754,0.0035011367591779954
0.023780171820833383,8.728977086211288e-05,0.04364367777020352,0.0030813939123814555
0.02381647742666672,8.70116519850661e-05,0.04201048982638723,0.0026870472076467697
0.02385278303250005,8.673608955621061e-05,0.03993913461713334,0.002318729504339924
0.023889088638333382,8.646304689270976e-05,0.03744605807212668,0.0019768370469347464
0.023925394244166717,8.61924830488445e-05,0.03455076686155944,0.0016615440445592014
0.02396169985000005,8.592435449398638e-05,0.0312756967756311,0.0013728179216341292
0.023998005455833384,8.565861707846866e-05,0.027646058947385664,0.0011104350709120418
0.024034311061666716,8.539522808195928e-05,0.023689665019062,0.0008739969473189602
0.02407061666750005,8.513414813016084e-05,0.019436732524497922,0.0006629463490425594
0.024106922273333383,8.487534277921983e-05,0.014919671922602204,0.0004765837411618292
0.02414322787916672,8.461878360174595e-05,0.01017285686804916,0.0003140834866445544
0.02417953348500005,8.436444866025455e-05,0.005232379443811784,0.00017450985961857616
0.024215839090833385,8.41123223177604e-05,0.00013579220469437595,5.683272632358831e-05
0.024252144696666717,8.386239440451132e-05,-0.0050781610094627,-4.005721005116939e-05
0.024288450302500052,8.361465882723004e-05,-0.010369823438740558,-0.00011733369345971026
0.024324755908333384,8.336911176568631e-05,-0.015698910817466608,-0.00017622080979334237
0.02436106151416672,8.312574964482728e-05,-0.02102480165004128,-0.00021797956313925512
0.02439736712000005,8.288456709448953e-05,-0.02630683011942989,-0.0002438951933960012
0.024433672725833383,8.264555511038452e-05,-0.031504579376988966,-0.00025526528449429993
0.024469978331666718,8.240869960937906e-05,-0.036578172958493735,-0.0002533887021370636
0.02450628393750005,8.217398053121155e-05,-0.041488562086168336,-0.00023955539002134727
0.024542589543333385,8.194137158193451e-05,-0.046197806650071754,-0.00021503704400236066
0.024578895149166717,8.171084064747424e-05,-0.05066934771407184,-0.000181078674662368
0.024615200755000052,8.148235083572858e-05,-0.05486826946139523,-0.00013889106030317457
0.024651506360833384,8.125586203989495e-05,-0.058761548581759866,-8.964408452931903e-05
0.02468781196666672,8.103133286111095e-05,-0.06231828920561254,-3.446094536102945e-05
0.02472411757250005,8.080872269072469e-05,-0.06550994161009288,2.5586783765703944e-05
0.024760423178333386,8.058799373556299e-05,-0.06831050305497458,8.948326667489763e-05
0.024796728784166718,8.036911277523322e-05,-0.07069669925381436,0.00015627172161645242
0.024833034390000053,8.015205246821363e-05,-0.07264814514457005,0.00022505697831808904
0.024869339995833385,7.993679207038828e-05,-0.07414748379362768,0.00029500731423723727
0.02490564560166672,7.972331749088324e-05,-0.075180502446009,0.000365355612592873
0.024941951207500052,7.951162067917668e-05,-0.07573622492094022,0.0004353998873889043
0.024978256813333384,7.930169840726799e-05,-0.07580697974431509,0.0005045032226600789
0.02501456241916672,7.909355057389713e-05,-0.07538844360619569,0.0005720931746051126
0.02505086802500005,7.888717820778721e-05,-0.0744796599306459,0.0006376606861501814
0.025087173630833386,7.868258137839763e-05,-0.07308303254515484,0.0007007585638426066
0.025123479236666718,7.847975723240523e-05,-0.07120429463594717,0.0007609995668456636
0.025159784842500053,7.827869836103767e-05,-0.06885245337187983,0.0008180541572291787
0.025196090448333385,7.807939166881192e-05,-0.06603971077170702,0.000871647959766696
0.02523239605416672,7.788181786177938e-05,-0.06278136157562096,0.0009215589780992746
0.025268701660000052,7.768595160851729e-05,-0.059095669060572883,0.0009676146124497107
0.025305007265833387,7.749176235660956e-05,-0.05500371990845043,0.0010096885221105394
0.02534131287166672,7.72992157186008e-05,-0.050529259395328326,0.001047697373725567
0.025377618477500054,7.710827528158107e-05,-0.04569850831741579,0.0010815975139782039
0.025413924083333386,7.691890464993493e-05,-0.04053996320380851,0.0011113816027296594
0.02545022968916672,7.67310695060479e-05,-0.03508418148665019,0.0011370752399539022
0.025486535295000053,7.654473947151317e-05,-0.029363553404888762,0.001158733617030232
0.02552284090083339,7.635988957187404e-05,-0.023412062507685776,0.0011764382201124896
0.02555914650666672,7.617650114904553e-05,-0.017265036697062388,0.0011902936104283472
0.025595452112500052,7.599456212299738e-05,-0.01095889180605225,0.001200424303502471
0.025631757718333387,7.581406657204822e-05,-0.0045308697481466565,0.0012069717664709098
0.02566806332416672,7.56350136721356e-05,0.001981226704016171,0.0012100915498855958
0.025704368930000054,7.545740610225677e-05,0.00853930044796668,0.0012099505677195367
0.025740674535833386,7.528124807892738e-05,0.01510522583840432,0.0012067245366947192
0.02577698014166672,7.510654322114655e-05,0.021641111710932363,0.0012005955835829212
0.025813285747500053,7.493329246493773e-05,0.02810955966744559,0.0011917500267889796
0.02584959135333339,7.476149224120334e-05,0.03447391570987232,0.001180376336328492
0.02588589695916672,7.459113310293642e-05,0.040698513385949216,0.0011666632742669365
0.025922202565000056,7.442219894066494e-05,0.04674890670202847,0.0011507982158019264
0.025958508170833387,7.425466686329333e-05,0.05259209116261369,0.0011329656494497272
0.025994813776666723,7.408850775170884e-05,0.05819671141331548,0.001113345853244071
0.026031119382500054,7.392368742194138e-05,0.06353325409203543,0.0010921137424706581
0.02606742498833339,7.37601682706966e-05,0.06857422463116725,0.0010694378832436016
0.02610373059416672,7.359791122542475e-05,0.07329430690011358,0.0010454796651779617
0.026140036200000057,7.343687778905324e-05,0.0776705047310641,0.0010203926255214042
0.02617634180583339,7.327703195946125e-05,0.08168226453032731,0.0009943219163726122
0.02621264741166672,7.311834181677358e-05,0.08531157834108719,0.0009674039060279309
0.026248953017500055,7.296078060624587e-05,0.08854306688977855,0.0009397659050534011
0.026285258623333387,7.280432719728233e-05,0.09136404231585556,0.0009115260073686069
0.026321564229166722,7.264896586445298e-05,0.09376455045208525,0.0008827930364427208
0.026357869835000054,7.249468540742708e-05,0.09573739268818164,0.0008536665866323773
0.02639417544083339,7.23414776960797e-05,0.09727812761318913,0.0008242371497257662
0.02643048104666672,7.218933578740195e-05,0.09838505279016216,0.0007945863168876222
0.026466786652500057,7.203825180593369e-05,0.09905916716906993,0.0007647870464154942
0.02650309225833339,7.188821480452184e-05,0.09930411478925165,0.0007349039880087243
0.026539397864166724,7.173920882466128e-05,0.09912611056001586,0.0007049938546079934
0.026575703470000055,7.159121135524441e-05,0.0985338490360663,0.000675105833275362
0.02661200907583339,7.144419234736896e-05,0.09753839722239839,0.0006452820270429979
0.026648314681666722,7.129811388524621e-05,0.09615307255030492,0.0006155579201542025
0.026684620287500058,7.115293054524549e-05,0.09439330726143282,0.0005859628596442794
0.02672092589333339,7.10085904038306e-05,0.09227650051984063,0.000556520546753135
0.02675723149916672,7.08650365880536e-05,0.08982185964223657,0.0005272495322186635
0.026793537105000056,7.072220920639843e-05,0.08705023189367489,0.0004981637100629442
0.026829842710833388,7.058004745896274e-05,0.083983928339724,0.00046927280504564946
0.026866148316666724,7.043849170829304e-05,0.08064654127639098,0.00044058284951502003
0.026902453922500055,7.02974852974963e-05,0.0770627567759152,0.0004120966459311304
0.02693875952833339,7.015697592998213e-05,0.07325816389007324,0.0003838142118643619
0.026975065134166722,7.00169164724364e-05,0.06925906204313027,0.0003557332047800711
0.027011370740000058,6.98772651044397e-05,0.06509226812440516,0.0003278493244050171
0.02704767634583339,6.973798480804527e-05,0.06078492475607069,0.00030015669092940656
0.027083981951666725,6.959904226129843e-05,0.0563643111658707,0.0002726481977281944
0.027120287557500056,6.946040626371046e-05,0.051857658037578344,0.00024531583768482913
0.02715659316333339,6.932204587238655e-05,0.047291967645005484,0.00021815100256874316
0.027192898769166723,6.918392845954207e-05,0.04269384049903855,0.00019114475525379643
0.02722920437500006,6.904601791216732e-05,0.03808930965242276,0.0001642880748682651
0.02726550998083339,6.890827318156942e-05,0.03350368371480177,0.00013757207523787315
0.027301815586666722,6.87706473557931e-05,0.02896139953184619,0.00011098819722220364
0.027338121192500058,6.863308737513583e-05,0.024485885378209057,8.452837575231449e-05
0.02737442679833339,6.849553444565023e-05,0.02009943540558984,5.818518255450665e-05
0.027410732404166725,6.835792513450165e-05,0.01582309597544504,3.195194569317666e-05
0.027447038010000056,6.822019306175038e-05,0.011676564391929213,5.822847185950033e-06
0.02748334361583339,6.80822710427982e-05,0.00767810043555377,-2.0206999961579875e-05
0.027519649221666723,6.794409349068046e-05,0.0038444509828630454,-4.614149388447972e-05
0.02755595482750006,6.780559886229435e-05,0.0001907878831708376,-7.198350368635902e-05
0.02759226043333339,6.766673193013637e-05,-0.003269340848937324,-9.773484547605865e-05
0.027628566039166726,6.7527445681416e-05,-0.006524046576109032,-0.0001233962731151954
0.027664871645000057,6.738770268736562e-05,-0.009563122472239406,-0.0001489674821880288
0.027701177250833393,6.724747584286541e-05,-0.01237805310564988,-0.00017444712572953712
0.027737482856666724,6.710674844411963e-05,-0.014962011524899019,-0.0001998328402851391
0.02777378846250006,6.696551364295503e-05,-0.01730984429047566,-0.00022512128092434734
0.02781009406833339,6.682377338292417e-05,-0.01941804497876289,-0.0002503081638890271
0.027846399674166727,6.668153697779556e-05,-0.021284716760621186,-0.0002753883156231791
0.02788270528000006,6.653881953138251e-05,-0.02290952472526916,-0.0003003557270036751
0.02791901088583339,6.639564041497683e-05,-0.024293638680474593,-0.00032520361166865657
0.027955316491666726,6.625202201308846e-05,-0.025439667212126333,-0.00034992446742097616
0.027991622097500057,6.610798892032555e-05,-0.02635158382984472,-0.00037451013976683926
0.028027927703333393,6.596356772498999e-05,-0.02703464606029523,-0.0003989518867335312
0.028064233309166724,6.581878745325148e-05,-0.02749530837627153,-0.00042324044419374306
0.02810053891500006,6.567368067804983e-05,-0.027741129867465585,-0.0004473660910066074
0.02813684452083339,6.552828522644432e-05,-0.027780677568278,-0.0004713187133663043
0.028173150126666727,6.538264635533636e-05,-0.02762342635924929,-0.0004950878678272901
0.02820945573250006,6.523681921499495e-05,-0.027279656351990457,-0.0005186628425502382
0.028245761338333394,6.509087138787322e-05,-0.026760348653202176,-0.000542032716384164
0.028282066944166726,6.494488528013542e-05,-0.026077080381898095,-0.0005651864154675396
0.02831837255000006,6.479896015613965e-05,-0.025241919785745366,-0.0005881127670941719
0.028354678155833393,6.4653213640472e-05,-0.024267322268007225,-0.0006108005506480175
0.028390983761666728,6.45077825643776e-05,-0.023166028096461986,-0.0006332385454647694
0.02842728936750006,6.436282309809118e-05,-0.021950962520457595,-0.0006554155755269371
0.028463594973333395,6.421851018084843e-05,-0.02063513897254547,-0.0006773205509432164
0.028499900579166727,6.407503632889178e-05,-0.019231565977546303,-0.000698942506202285
0.02853620618500006,6.393260996139634e-05,-0.017753158335071743,-0.000720270635225853
0.028572511790833394,6.37914534286976e-05,-0.01621265308210373,-0.0007412943232759977
0.028608817396666725,6.36518009518664e-05,-0.014622530680862177,-0.0007620031757976982
0.02864512300250006,6.351389668498668e-05,-0.012994941814509199,-0.000782387044299274
0.028681428608333392,6.337799309123491e-05,-0.011341640109869853,-0.000802436049391359
0.028717734214166728,6.324434978318963e-05,-0.009673921042902184,-0.0008221406011193548
0.02875403982000006,6.311323292100547e-05,-0.008002567219706967,-0.0008414914167352929
0.028790345425833395,6.298491519514816e-05,-0.006337800163984989,-0.0008604795360629384
0.028826651031666727,6.285967635034433e-05,-0.0046892386815493405,-0.0008790963346151039
0.028862956637500062,6.273780414161502e-05,-0.0030658638142676145,-0.000897333534624754
0.028899262243333394,6.261959555864615e-05,-0.0014759903400897215,-0.0009151832141518783
0.02893556784916673,6.250535811704558e-05,7.275527698617142e-05,-0.0009326378144265296
0.02897187345500006,6.239541099821273e-05,0.0015734506326866775,-0.0009496901455851611
0.029008179060833396,6.229008582538547e-05,0.0030198870155977104,-0.0009663333909526658
0.029044484666666728,6.218972689134366e-05,0.004406573161381493,-0.0009825611100165944
0.02908079027250006,6.209469070034342e-05,0.005728733399834598,-0.0009983672402331053
0.029117095878333395,6.200534474823507e-05,0.006982300500356753,-0.0010137460977965075
0.029153401484166726,6.192206553399776e-05,0.00816390355086782,-0.00102869237749598
0.02918970709000006,6.184523586590251e-05,0.009270851230264778,-0.0010432011517743746
0.029226012695833394,6.177524158893072e-05,0.010301110855127674,-0.0010572678690950914
0.02926231830166673,6.171246791035882e-05,0.011253283597583845,-0.001070888351714001
0.02929862390750006,6.165729553238933e-05,0.012126576283085283,-0.0010840587929444123
0.029334929513333396,6.161009681110637e-05,0.012920770184446685,-0.0010967757539942498
0.029371235119166728,6.157123214886491e-05,0.013636187231969655,-0.001109036160446005
0.029407540725000063,6.15410467938569e-05,0.014273654059013624,-0.0011208372984417622
0.029443846330833395,6.151986816962466e-05,0.014834464298168388,-0.001132176810627699
0.02948015193666673,6.150800379413865e-05,0.015320339535465395,-0.0011430526919050162
0.02951645754250006,6.150573977942338e-05,0.01573338931908725,-0.001153463285027258
0.029552763148333397,6.151333983586343e-05,0.016076070605068566,-0.0011634072760775068
0.02958906875416673,6.153104464732294e-05,0.016351147005813665,-0.00117288368985296
0.02962537436000006,6.15590714401968e-05,0.016561648188186954,-0.0011818918851789514
0.029661679965833396,6.15976135460395e-05,0.01671082974676787,-0.0011904315501695423
0.029697985571666728,6.164683975598895e-05,0.016802133854916603,-0.001198502697447398
0.029734291177500063,6.170689328601107e-05,0.01683915097188343,-0.001206105659331747
0.029770596783333395,6.177789021289381e-05,0.01682558285862542,-0.0012132410829997914
0.02980690238916673,6.185991729767473e-05,0.016765207128576723,-0.001219909925623975
0.02984320799500006,6.195302917988921e-05,0.01666184353265147,-0.0012261134494849985
0.029879513600833397,6.205724499573636e-05,0.01651932215053042,-0.0012318532170583734
0.02991581920666673,6.217254453872196e-05,0.016341453633068923,-0.0012371310860706049
0.029952124812500064,6.229886413574704e-05,0.016132001613725112,-0.0012419492045197627
0.029988430418333396,6.243609244931847e-05,0.015894657380486527,-0.0012463100056542037
0.03002473602416673,6.258406643366426e-05,0.01563301687409488,-0.0012502162029025296
0.030061041630000063,6.274256766729479e-05,0.015350560053637077,-0.0012536707847474596
0.030097347235833398,6.291131925754879e-05,0.01505063264696885,-0.0012566770095361467
0.03013365284166673,6.308998346675262e-05,0.014736430281127047,-0.0012592384002195287
0.030169958447500065,6.327816014962655e-05,0.014410984967006844,-0.0012613587390135593
0.030206264053333397,6.34753860237701e-05,0.014077153893247353,-0.001263042061975572
0.03024256965916673,6.368113472653081e-05,0.013737610466577477,-0.001264292653489562
0.030278875265000064,6.38948175494432e-05,0.013394837519895198,-0.0012651150406548046
0.030315180870833396,6.411578469216483e-05,0.013051122595138038,-0.001265513987572939
0.03035148647666673,6.43433268465166e-05,0.012708555195579395,-0.0012654944895293951
0.030387792082500063,6.457667691104587e-05,0.012369025891564099,-0.001265061767065839
0.030424097688333398,6.481501164843633e-05,0.012034227154867067,-0.001264221259941106
0.03046040329416673,6.505745313073004e-05,0.011705655789793951,-0.0012629786209788988
0.030496708900000065,6.530306986716813e-05,0.011384616823798347,-0.0012613397098013262
0.030533014505833397,6.555087757115647e-05,0.011072228716707688,-0.001259310586448133
0.030569320111666732,6.579983958983654e-05,0.010769429745557378,-0.001256897504882235
0.030605625717500064,6.604886708485566e-05,0.010476985421446051,-0.0012541069063829128
0.0306419313233334,6.629681910924307e-05,0.010195496795650036,-0.0012509454128287242
0.03067823692916673,6.654250276679203e-05,0.009925409514369678,-0.0012474198198728882
0.030714542535000066,6.678467366255707e-05,0.009667023484814501,-0.001243537090014546
0.030750848140833398,6.702203685354955e-05,0.009420503019753678,-0.001239304345569934
0.030787153746666733,6.725324848727546e-05,0.009185887333044434,-0.0012347288615480964
0.030823459352500065,6.747691827451654e-05,0.00896310126488311,-0.0012298180584363258
0.030859764958333397,6.769161288588224e-05,0.008751966122480342,-0.0012245794949010376
0.030896070564166732,6.789586029495542e-05,0.008552210529422398,-0.0012190208604102503
0.030932376170000064,6.808815502113516e-05,0.008363481185026063,-0.0012131499677842735
0.0309686817758334,6.82669641596673e-05,0.008185353443408977,-0.0012069747456815692
0.03100498738166673,6.843073403152726e-05,0.008017341630668948,-0.001200503231027069
0.031041292987500066,6.857789724732309e-05,0.007858909027387983,-0.0011937435613904792
0.031077598593333398,6.870687996104845e-05,0.0077094774525486515,-0.0011867039673223142
0.031113904199166733,6.881610909305101e-05,0.007568436393777633,-0.0011793927646555355
0.031150209805000065,6.890401932642248e-05,0.007435151637526901,-0.001171818346780778
0.0311865154108334,6.896905972436832e-05,0.007308973361287393,-0.0011639891769031972
0.031222821016666732,6.90096998732603e-05,0.0071892436581318265,-0.0011559137802889963
0.031259126622500064,6.902443552086432e-05,0.007075303471739191,-0.0011476007365096802
0.0312954322283334,6.901179374474233e-05,0.006966498927508548,-0.0011390586716920705
0.031331737834166734,6.897033774506388e-05,0.006862187052377466,-0.0011302962507820813
0.03136804344000006,6.889867140272471e-05,0.0067617408824824565,-0.0011213221698302194
0.0314043490458334,6.879544377278452e-05,0.006664553963805001,-0.0011121451483067416
0.03144065465166673,6.865935369168932e-05,0.006570044256414777,-0.0011027739214543703
0.03147696025750007,6.848915466360092e-05,0.006477657457836789,-0.0010932172326864448
0.031513265863333396,6.828366015775599e-05,0.006386869765423567,-0.0010834838260383524
0.03154957146916673,6.804174939859238e-05,0.006297190101406458,-0.00107358243868006
0.03158587707500007,6.776237366865096e-05,0.00620816182753649,-0.0010635217934975216
0.0316221826808334,6.744456307744036e-05,0.006119363978916283,-0.0010533105917506836
0.03165848828666673,6.708743368453897e-05,0.006030412048785895,-0.001042957505815734
0.031694793892500066,6.669019480900323e-05,0.005940958357677919,-0.0010324711720191403
0.0317310994983334,6.625215631555844e-05,0.005850692041524997,-0.0010218601835708856
0.031767405104166736,6.577273564544805e-05,0.00575933869401402,-0.0010111330836041605
0.031803710710000065,6.525146435861909e-05,0.005666659698766208,-0.0010002983583285766
0.0318400163158334,6.468799397431078e-05,0.005572451286813825,-0.0009893644303037585
0.031876321921666735,6.40821009370352e-05,0.005476543354376928,-0.0009783396518399442
0.03191262752750007,6.343369059032012e-05,0.00537879807515287,-0.000967232298531987
0.0319489331333334,6.274280010575543e-05,0.005279108340253503,-0.0009560505629329155
0.031985238739166734,6.200960038318441e-05,0.005177396057596583,-0.0009448025483729713
0.03202154434500007,6.12343970023412e-05,0.0050736103410148736,-0.0009334962629298307
0.0320578499508334,6.0417630360324574e-05,0.0049677256176244465,-0.0009221396135555104
0.03209415555666673,5.955987516758599e-05,0.004859739680127127,-0.0009107404003652775
0.03213046116250007,5.866183949384829e-05,0.004749671708744172,-0.0008993063110937238
0.0321667667683334,5.772436355287113e-05,0.004637560285420649,-0.0008878449157230146
0.03220307237416673,5.674841839178736e-05,0.004523461420832456,-0.0008763636612881899
0.03223937798000007,5.573510460957168e-05,0.004407446612598164,-0.0008648698668642591
0.0322756835858334,5.468565117467097e-05,0.004289600950971528,-0.0008533707187396918
0.03231198919166674,5.360141434992675e-05,0.004170021286190897,-0.0008418732657807495
0.032348294797500066,5.248387667041955e-05,0.004048814469609732,-0.000830384414990922
0.0323846004033334,5.133464586358623e-05,0.003926095678746631,-0.0008189109272695206
0.032420906009166736,5.015545355706557e-05,0.003801986834489606,-0.000807459413373236
0.03245721161500007,4.894815359307394e-05,0.0036766151168816713,-0.0007960363300841864
0.0324935172208334,4.7714719761745455e-05,0.0035501115842142706,-0.0007846479765876691
0.032529822826666735,4.645724278070625e-05,0.00342260989857076,-0.0007733004910624928
0.03256612843250007,4.5177926382881434e-05,0.0032942451595008426,-0.0007619998474864083
0.0326024340383334,4.387908242576196e-05,0.0031651528461732604,-0.0007507518526587934
0.032638739644166734,4.25631249979645e-05,0.0030354678671509184,-0.0007395621434423897
0.03267504525000007,4.123256356658478e-05,0.00290532371586092,-0.0007284361842255353
0.032711350855833404,3.988999527472633e-05,0.0027748517288910327,-0.0007173792646060188
0.03274765646166673,3.853809655601804e-05,0.0026441804434316767,-0.0007063964972973766
0.03278396206750007,3.717961427612783e-05,0.002513435049495174,-0.0006954928162581872
0.0328202676733334,3.5817356635929514e-05,0.0023827369319770445,-0.0006846729750446762
0.03285657327916674,3.4454184074703355e-05,0.002252203297171988,-0.0006739415453867272
0.03289287888500007,3.30930003943375e-05,0.0021219468780134493,-0.0006633029159871887
0.0329291844908334,3.173674428892269e-05,0.0019920757120632307,-0.0006527612915441723
0.03296549009666674,3.0388381412349086e-05,0.0018626929861289675,-0.0006423206919958287
0.03300179570250007,2.9050897055032186e-05,0.0017338969413245072,-0.0006319849519868694
0.0330381013083334,2.772728943620458e-05,0.0016057808324031878,-0.0006217577205558504
0.033074406914166736,2.642056355709949e-05,0.0014784329352785005,-0.0006116424610419531
0.03311071252000007,2.5133725509197246e-05,0.0013519365967924009,-0.0006016424512096775
0.0331470181258334,2.386977709580434e-05,0.001226370320990518,-0.0005917607835895084
0.033183323731666735,2.26317106082542e-05,0.0011018078864077577,-0.000582000366032233
0.03321962933750007,2.14225036016163e-05,0.0009783184891496597,-0.0005723639224741799
0.033255934943333405,2.0245113538452003e-05,0.0008559669068670133,-0.0005628539939102383
0.033292240549166734,1.910247221021705e-05,0.0007348136790566989,-0.0005534729395711052
0.03332854615500007,1.7997479899896552e-05,0.0006149152994739834,-0.0005442229383008216
0.033364851760833404,1.693299931051569e-05,0.0004963244168044719,-0.0005351059901302949
0.03340115736666674,1.5911849345692174e-05,0.0003790900401120178,-0.000526123918042194
0.03343746297250007,1.4936798883719779e-05,0.0002632577459470506,-0.0005172783699223303
0.0334737685783334,1.401056072976856e-05,0.0001488698843634157,-0.0005085708206924207
0.03351007418416674,1.3135785956898651e-05,3.596578144692364e-05,-0.0005000025746189549
0.033546379790000073,1.2315058852718199e-05,-7.541806369813345e-05,-0.0004915747677927578
0.0335826853958334,1.1550892673756379e-05,-0.0001852477892301833,-0.000483288370773726
0.03361899100166674,1.084572637522541e-05,-0.0002934919895343854,-0.00047514419139513134
0.03365529660750007,1.0201922433105137e-05,-0.0004001215439933631,-0.0004671428777217858
0.03369160221333341,9.621765813386931e-06,-0.0005051094564182676,-0.00045928492115625703
0.033727907819166736,9.107464076018255e-06,-0.0006084307057453951,-0.00045157065968718773
0.03376421342500007,8.661148535280872e-06,-0.0007100621083776918,-0.00044400028127360657
0.033800519030833406,8.284876340530823e-06,-0.0008099821923473183,-0.0004365738273589128
0.033836824636666735,7.980633297095607e-06,-0.0009081710832948854,-0.00042929119650798165
0.03387313024250007,7.750337220896535e-06,-0.0010046104021025784,-0.0004221521481605758
0.033909435848333405,7.595841614401448e-06,-0.00109928317388149,-0.0004151563064939743
0.03394574145416674,7.518939466060555e-06,-0.0011921737478971766,-0.000408303164387459
0.03398204706000007,7.521367008548076e-06,-0.0012832677279206834,-0.0004015920874810491
0.034018352665833404,7.60480731910626e-06,-0.001372551912413867,-0.00039502231832066304
0.03405465827166674,7.770893702722848e-06,-0.001460014243896485,-0.0003885929805817263
0.034090963877500075,8.021212859461953e-06,-0.001545643766796916,-0.00038230308336314816
0.0341272694833334,8.357307894406495e-06,-0.0016294305930571466,-0.00037615152554356496
0.03416357508916674,8.780681276145421e-06,-0.0017113658747444657,-0.00037013710019178644
0.03419988069500007,9.292797882382392e-06,-0.0017914417829158207,-0.00036425849902348856
0.03423618630083341,9.895088285468973e-06,-0.0018696514919846897,-0.00035851431689634726
0.03427249190666674,1.0588952424846141e-05,-0.0019459891688533826,-0.00035290305633599696
0.03430879751250007,1.1375763788009244e-05,-0.0020204499660946753,-0.0003474231320853977
0.03434510311833341,1.2256874179260015e-05,-0.002093030018494467,-0.00034207287567039244
0.034381408724166736,1.3233619100540785e-05,-0.002163726442300619,-0.00033685053997441054
0.03441771433000007,1.4307323706767692e-05,-0.0022325373365612534,-0.000331754303815411
0.034454019935833406,1.5479309235741033e-05,-0.0022994617859775526,-0.0003267822765182523
0.03449032554166674,1.6750899756429593e-05,-0.002364499864740563,-0.00032193250247572187
0.03452663114750007,1.8123429035106442e-05,-0.002427652640867802,-0.0003172029656914623
0.034562936753333405,1.95982472911318e-05,-0.0024889221806027213,-0.00031259159429800683
0.03459924235916674,2.117672760609418e-05,-0.002548311552487547,-0.00030809626504309506
0.034635547965000076,2.2860271762471513e-05,-0.0026058248307669883,-0.00030371480773740687
0.034671853570833404,2.465031531977936e-05,-0.002661467097826105,-0.00029944500965684847
0.03470815917666674,2.654833178416166e-05,-0.0027152444454097524,-0.00029528461989256505
0.034744464782500074,2.8555835786721475e-05,-0.0027671639744129392,-0.00029123135364196286
0.03478077038833341,3.0674385250602976e-05,-0.002817233793070819,-0.00028728289643420625
0.03481707599416674,3.290558259041313e-05,-0.00286546301341355,-0.00028343690828391767
0.03485338160000007,3.525107504365689e-05,-0.002911861745884762,-0.00027969102776714643
0.03488968720583341,3.77125542769105e-05,-0.0029564410920527085,-0.0002760428760140749
0.03492599281166674,4.029175543532214e-05,-0.0029992131353704385,-0.00027249006061337886
0.03496229841750007,4.299045581037259e-05,-0.0030401909299654613,-0.0002690301794236306
0.03499860402333341,4.581047328737442e-05,-0.003079388487460652,-0.0002656608242876045
0.03503490962916674,4.8753664702736746e-05,-0.00311682076184668,-0.0002623795846457874
0.03507121523500007,5.182192419526217e-05,-0.003152503632442312,-0.0002591840510457921
0.035107520840833406,5.5017181580852146e-05,-0.003186453884992779,-0.00025607181854470497
0.03514382644666674,5.834140072210584e-05,-0.003218689190968301,-0.00025304049000165536
0.03518013205250008,6.179657780983481e-05,-0.0032492280851350395,-0.000250087679258082
0.035216437658333405,6.538473942854188e-05,-0.003278089941479443,-0.00024721101420329284
0.03525274326416674,6.910794024747766e-05,-0.003305294947574371,-0.00024440813972298876
0.035289048870000075,7.296826016650997e-05,-0.0033308640774816337,-0.0002416767205284693
0.03532535447583341,7.696780075333375e-05,-0.003354819063290823,-0.00023901444386428947
0.03536166008166674,8.110868083505536e-05,-0.003377182365398533,-0.00023641902209221255
0.035397965687500074,8.539303115043003e-05,-0.0033979771416353948,-0.00023388819514943336
0.03543427129333341,8.9822988024775e-05,-0.0034172272153506827,-0.00023141973287924532
0.03547057689916674,9.440068609226945e-05,-0.003434957042565656,-0.00022901143723260672
0.03550688250500007,9.912825015369315e-05,-0.0034511916783072187,-0.00022666114433942617
0.03554318811083341,0.00010400778631527687,-0.0034659567422329275,-0.00022436672644882784
0.035579493716666744,0.00010904137260045125,-0.003479278383656864,-0.00022212609373815673
0.03561579932250007,0.00011423104925628319,-0.0034911832460834467,-0.00021993719599101708
0.03565210492833341,0.00011957880898734317,-0.003501698431353004,-0.0002177980241451734
0.03568841053416674,0.00012508658734067807,-0.0035108514634989234,-0.00021570661171165388
0.03572471614000008,0.00013075625343756338,-0.003518670252411656,-0.00021366103606684756
0.035761021745833406,0.0001365896012038113,-0.0035251830573998825,-0.00021165941961975504
0.03579732735166674,0.00014258834119527743,-0.0035304184507340282,-0.00020969993085682385
0.035833632957500076,0.00014875409305463119,-0.003534405281252166,-0.000207780785266962
0.03586993856333341,0.00015508837857575742,-0.0035371726381034137,-0.0002059002461493848
0.03590624416916674,0.00016159261529952632,-0.0035387498146993842,-0.00020405662530692303
0.035942549775000075,0.0001682681105245144,-0.0035391662729401994,-0.00020224828362733056
0.03597885538083341,0.00017511605559265085,-0.0035384516077781457,-0.00020047363155500643
0.03601516098666674,0.0001821375203050041,-0.0035366355121792727,-0.00019873112945542452
0.036051466592500074,0.00018933344733731947,-0.003533747742541087,-0.00019701928787447718
0.03608777219833341,0.00019670464655674845,-0.0035298180846229234,-0.00019533666769491683
0.036124077804166745,0.00020425178918691164,-0.003524876320044458,-0.00019368188019214334
0.03616038341000007,0.0002119754018229832,-0.0035189521934070153,-0.00019205358699174484
0.03619668901583341,0.00021987586035591264,-0.0035120753800916196,-0.0001904504999314566
0.03623299462166674,0.0002279533839189378,-0.003504275454787001,-0.0001888713808305414
0.03626930022750008,0.00023620802901426843,-0.0034955818607997477,-0.00018731504116999278
0.03630560583333341,0.00024463968400827987,-0.0034860238801973985,-0.00018578034168738642
0.03634191143916674,0.00025324806419627826,-0.00347563060483333,-0.00018426619189061666
0.03637821704500008,0.00026203270763126705,-0.0034644309082997593,-0.00018277154949511654
0.03641452265083341,0.0002709929718855522,-0.003452453418852025,-0.00018129541978943606
0.03645082825666674,0.00028012803187184017,-0.0034397264933435684,-0.00017983685493421633
0.036487133862500076,0.0002894368787958036,-0.0034262781922068043,-0.0001783949531996306
0.03652343946833341,0.0002989183202503047,-0.0034121362555104818,-0.00017696885814626428
0.03655974507416675,0.00030857098139870236,-0.003397328080119359,-0.00017555775775418404
0.036596050680000075,0.00031839330713714475,-0.003381880697977248,-0.00017416088350462455
0.03663235628583341,0.0003283835650791339,-0.0033658207555299093,-0.00017277750941833598
0.036668661891666746,0.0003385398491744716,-0.003349174494300075,-0.00017140695105422404
0.036704967497500074,0.0003488600837618725,-0.003331967732623189,-0.00017004856447152395
0.03674127310333341,0.00035934202786107295,-0.0033142258485493806,-0.00016870174515841985
0.036777578709166744,0.00036998327953517316,-0.0032959737639147767,-0.00016736592692978658
0.03681388431500008,0.000380781280194324,-0.003277235929583479,-0.00016604058079661537
0.03685018992083341,0.00039173331876322123,-0.0032580363118603407,-0.0001647252138096977
0.03688649552666674,0.0004028365356915862,-0.0032383983800739124,-0.00016341936788027715
0.03692280113250008,0.00041408792684275754,-0.0032183450953284535,-0.00016212261858061623
0.036959106738333414,0.00042548434734466297,-0.003197898900423502,-0.00016083457392773146
0.03699541234416674,0.00043702251552450537,-0.0031770817109389835,-0.00015955487315387988
0.03703171795000008,0.0004486990170694916,-0.0031559149074830094,-0.00015828318546769066
0.03706802355583341,0.0004605103095585756,-0.003134419329098211,-0.00015701920881007464
0.03710432916166675,0.00047245272749414424,-0.003112615267820559,-0.00015576266860917575
0.037140634767500076,0.000484522487929483,-0.0030905224643820576,-0.00015451331653861965
0.03717694037333341,0.000496715696741163,-0.0030681601050454948,-0.00015327092928315236
0.03721324597916675,0.0005090283555400644,-0.0030455468195556205,-0.00015203530731544598
0.037249551585000075,0.0005214563691564034,-0.0030227006801868605,-0.0001508062736873999
0.03728585719083341,0.0005339955535789869,-0.002999639201863124,-0.0001495836728387161
0.037322162796666745,0.0005466416441827759,-0.002976379343320638,-0.0001483673694249239
0.03735846840250008,0.0005593903040465684,-0.0029529375092802895,-0.00014715724716642524
0.03739477400833341,0.0005722371321476665,-0.0029293295535918946,-0.00014595320771957875
0.037431079614166744,0.0005851776712243892,-0.002905570783309347,-0.00014475516957039111
0.03746738522000008,0.0005982074151199414,-0.002881675963652918,-0.00014356306695107414
0.037503690825833415,0.0006113218154601785,-0.002857659323813153,-0.00014237684877958012
0.03753999643166674,0.0006245162875693013,-0.0028335345635499285,-0.00014119647762225051
0.03757630203750008,0.0006377862155862392,-0.002809314860540213,-0.00014002192867989272
0.037612607643333414,0.0006511269568045036,-0.0027850128784288734,-0.00013885318879790166
0.03764891324916675,0.0006645338453135405,-0.002760640775538262,-0.00013769025550142418
0.03768521885500008,0.0006780021950645506,-0.0027362102141941643,-0.000136533136056966
0.03772152446083341,0.0006915273025139189,-0.002711732370627678,-0.0001353818465622063
0.03775783006666675,0.0007051044490099226,-0.002687217945414552,-0.0001342364110660552
0.037794135672500076,0.0007187289030822109,-0.002662677174415145,-0.00013309686072111968
0.03783044127833341,0.0007323959227696076,-0.0026381198401793176,-0.00013196323297070165
0.037866746884166747,0.0007461007580828301,-0.002613555283781098,-0.0001308355707722252
0.03790305249000008,0.0007598386536490908,-0.0025889924170477644,-0.00012971392185858908
0.03793935809583341,0.0007736048515306848,-0.002564439735147102,-0.0001285983380383924
0.037975663701666745,0.0007873945941555356,-0.002539905329495087,-0.00012748887453533581
0.03801196930750008,0.0008012031272501538,-0.002515396900944258,-0.0001263855893664144
0.038048274913333416,0.0008150257026297319,-0.0024909217732107876,-0.00012528854275786048
0.038084580519166744,0.0008288575806800742,-0.002466486906495989,-0.00012419779659722798
0.03812088612500008,0.0008426940323640193,-0.002442098911255963,-0.00012311341391959226
0.038157191730833415,0.000856530340601328,-0.002417764062071538,-0.00012203545842561072
0.03819349733666675,0.0008703618009041413,-0.0023934883115698273,-0.00012096399402917306
0.03822980294250008,0.000884183721196737,-0.002369277304348766,-0.00011989908443256126
0.03826610854833341,0.000897991420803719,-0.002345136390857033,-0.00011884079272741645
0.03830241415416675,0.0009117802286493006,-0.0023210706411837595,-0.00011778918102032366
0.038338719760000084,0.0009255454807660141,-0.002297084858715398,-0.00011674431008241586
0.03837502536583341,0.0009392825172583236,-0.0022731835936208515,-0.00011570623902299341
0.03841133097166675,0.0009529866789004217,-0.0022493711561302728,-0.00011467502498768021
0.03844763657750008,0.0009666533035645531,-0.002225651629577559,-0.00011365072288202824
0.03848394218333341,0.0009802777226748508,-0.0022020288831812065,-0.0001126333851216844
0.038520247789166746,0.0009938552578621345,-0.002178506584542552,-0.00011162306141021768
0.03855655339500008,0.0010073812179595167,-0.0021550882118442517,-0.00011061979854546289
0.03859285900083342,0.0010208508964307747,-0.0021317770657349262,-0.00010962364025478948
0.038629164606666745,0.001034259569268313,-0.0021085762808880763,-0.00010863462705909377
0.03866547021250008,0.0010476024933409255,-0.002085488837224579,-0.00010765279616460407
0.038701775818333416,0.001060874905119378,-0.002062517570788366,-0.000106678181380857
0.03873808142416675,0.0010740720196654938,-0.0020396651842643355,-0.00010571081306253078
0.03877438703000008,0.0010871890297422808,-0.0020169342571263998,-0.00010475071807228543
0.038810692635833414,0.0011002211048915837,-0.0019943272554020365,-0.00010379791976142224
0.03884699824166675,0.0011131633903328332,-0.001971846541038116,-0.00010285243796507984
0.038883303847500085,0.0011260110055608525,-0.001949494380851406,-0.00010191428900884642
0.03891960945333341,0.0011387590425597297,-0.0019272729550463062,-0.00010098348572407674
0.03895591505916675,0.0011514025635992904,-0.0019051843652822687,-0.00010006003746981592
0.038992220665000084,0.0011639365986354166,-0.0018832306422741985,-9.914395015998826e-05
0.03902852627083341,0.0011763561423895567,-0.0018614137529109843,-9.823522629532515e-05
0.03906483187666675,0.0011886561512304984,-0.0018397356068801654,-9.733386500029287e-05
0.03910113748250008,0.00120083154001776,-0.001818198062790503,-9.643986206595047e-05
0.03913744308833342,0.001212877179086917,-0.00179680293378869,-9.55532100001448e-05
0.039173748694166746,0.0012247878915605432,-0.0017755519926713301,-9.467389808667583e-05
0.03921005430000008,0.0012365584511537734,-0.0017544469764983498,-9.380191245501604e-05
0.03924635990583342,0.0012481835806122318,-0.001733489590718805,-9.293723616184164e-05
0.03928266551166675,0.0012596579508753908,-0.0017126815128243207,-9.207984928506854e-05
0.03931897111750008,0.0012709761810048895,-0.0016920243955488433,-9.122972903034133e-05
0.039355276723333416,0.0012821328388604458,-0.0016715198696357842,-9.038684984908612e-05
0.03939158232916675,0.0012931224424515494,-0.001651169546194867,-8.955118356640223e-05
0.039427887935000086,0.001303939461846716,-0.0016309750186710213,-8.872269951633354e-05
0.039464193540833414,0.0013145783214884008,-0.0016109378644465825,-8.790136468151587e-05
0.03950049914666675,0.0013250334027441264,-0.0015910596460960277,-8.708714383391218e-05
0.039536804752500085,0.001335299046524658,-0.0015713419123097817,-8.627999967336391e-05
0.03957311035833341,0.001345369555818007,-0.0015517861985005622,-8.547989296101253e-05
0.03960941596416675,0.0013552391980216714,-0.0015323940271026856,-8.468678264525337e-05
0.039645721570000084,0.0013649022070011808,-0.0015131669075720512,-8.390062597871489e-05
0.03968202717583342,0.0013743527848558755,-0.0014941063360924948,-8.312137862572437e-05
0.03971833278166675,0.0013835851034272658,-0.0014752137949931078,-8.234899476072183e-05
0.03975463838750008,0.0013925933056355736,-0.0014564907518811072,-8.1583427159009e-05
0.03979094399333342,0.0014013715067708265,-0.0014379386584959918,-8.082462728196552e-05
0.03982724959916675,0.001409913795891867,-0.001419558949292952,-8.007254535934536e-05
0.03986355520500008,0.0014182142374970159,-0.0014013530397666769,-7.932713047142694e-05
0.03989986081083342,0.0014262668736227694,-0.0013833223245305346,-7.858833063360681e-05
0.03993616641666675,0.0014340657265025883,-0.0013654681751702773,-7.785609288551873e-05
0.03997247202250009,0.0014416048018790707,-0.001347791937895558,-7.713036338597927e-05
0.040008777628333415,0.0014488780930136302,-0.0013302949310162549,-7.641108751409518e-05
0.04004508323416675,0.0014558795853833446,-0.0013129784422735353,-7.569820997582452e-05
0.040081388840000086,0.0014626032620005756,-0.0012958437260574538,-7.499167491428359e-05
0.040117694445833414,0.0014690431092428933,-0.001278892000543476,-7.429142602125119e-05
0.04015400005166675,0.0014751931230437753,-0.0012621244447795523,-7.35974066467427e-05
0.040190305657500085,0.0014810473152723196,-0.0012455421957532707,-7.290955990328135e-05
0.04022661126333342,0.001486599720125108,-0.0012291463454653512,-7.22278287616216e-05
0.04026291686916675,0.0014918444003658743,-0.0012129379380315514,-7.155215613517248e-05
0.040299222475000084,0.0014967754532774409,-0.001196917966830301,-7.088248495118295e-05
0.04033552808083342,0.0015013870162324582,-0.0011810873717084517,-7.021875820780067e-05
0.040371833686666754,0.0015056732718404017,-0.0011654470362528497,-6.956091901728921e-05
0.04040813929250008,0.0015096284526827405,-0.0011499977851313968,-6.890891063685528e-05
0.04044444489833342,0.001513246845700506,-0.0011347403815042119,-6.826267648956859e-05
0.04048075050416675,0.0015165227963432131,-0.001119675524503669,-6.76221601786311e-05
0.04051705611000009,0.0015194507126205941,-0.0011048038467816174,-6.698730549868027e-05
0.040553361715833416,0.001522025069215513,-0.0010901259121229754,-6.635805644783653e-05
0.04058966732166675,0.0015242404118160436,-0.0010756422131270012,-6.573435724381928e-05
0.04062597292750009,0.0015260913618070687,-0.0010613531689606516,-6.511615234669462e-05
0.040662278533333415,0.001527572621428805,-0.001047259123192164,-6.450338648976172e-05
0.04069858413916675,0.0015286789794648169,-0.001033360341716956,-6.389600471884729e-05
0.040734889745000086,0.0015294053174701057,-0.0010196570107916716,-6.329395243899797e-05
0.04077119535083342,0.001529746616496159,-0.0010061492351952838,-6.269717546638202e-05
0.04080750095666675,0.0015296979642200517,-0.0009928370365382367,-6.210562008227209e-05
0.040843806562500085,0.0015292545623440059,-0.000979720351741362,-6.151923308539082e-05
0.04088011216833342,0.001528411734104469,-0.0009667990317056112,-6.0937961838736136e-05
0.040916417774166755,0.0015271649317186002,-0.0009540728401914396,-6.036175430728865e-05
0.04095272338000008,0.0015255097436022152,-0.0009415414529231131,-5.979055908371877e-05
0.04098902898583342,0.0015234419012160579,-0.0009292044569285008,-5.9224325400280635e-05
0.041025334591666754,0.0015209572854343353,-0.0009170613501194461,-5.86630031263914e-05
0.04106164019750009,0.0015180519323768947,-0.0009051115411120042,-5.810654275280237e-05
0.04109794580333342,0.0015147220386992628,-0.0008933543492801678,-5.7554895364615286e-05
0.04113425140916675,0.001510963966387493,-0.0008817890050316571,-5.700801260652834e-05
0.04117055701500009,0.0015067742471518782,-0.0008704146502903322,-5.6465846644479624e-05
0.04120686262083342,0.0015021495865501697,-0.0008592303391671369,-5.5928350128194176e-05
0.04124316822666675,0.0014970868679932085,-0.0008482350388003963,-5.539547615898818e-05
0.04127947383250009,0.0014915831567915113,-0.000837427630346845,-5.4867178266546546e-05
0.04131577943833342,0.001485635704389802,-0.0008268069101068472,-5.434341039733179e-05
0.04135208504416675,0.0014792419529089647,-0.0008163715907706731,-5.382412691591395e-05
0.041388390650000086,0.0014723995400743128,-0.0008061203027770352,-5.33092826189822e-05
0.04142469625583342,0.0014651063045596651,-0.0007960515957799274,-5.279883276027949e-05
0.041461001861666756,0.0014573602917236541,-0.0007861639402246405,-5.229273308336373e-05
0.041497307467500084,0.0014491597596635085,-0.0007764557290381404,-5.1790939858098354e-05
0.04153361307333342,0.0014405031854675618,-0.0007669252794423404,-5.1293409916230617e-05
0.041569918679166755,0.0014313892715155374,-0.0007575708349007945,-5.0800100681398455e-05
0.04160622428500009,0.0014218169516585558,-0.0007483905672097489,-5.0310970189427634e-05
0.04164252989083342,0.001411785397110567,-0.0007393825787432153,-4.98259770957907e-05
0.041678835496666754,0.0014012940218995284,-0.0007305449048588468,-4.9345080668492844e-05
0.04171514110250009,0.0013903424877583493,-0.0007218755164671303,-4.886824076627488e-05
0.041751446708333424,0.0013789307083790698,-0.0007133723227611198,-4.839541780370086e-05
0.04178775231416675,0.0013670588530044043,-0.0007050331740981039,-4.7926572706236244e-05
0.04182405792000009,0.001354727349383324,-0.0006968558650187514,-4.7461666859645045e-05
0.04186036352583342,0.0013419368861663323,-0.0006888381373839604,-4.7000662058795926e-05
0.04189666913166675,0.001328688414856372,-0.0006809776836053497,-4.654352046117121e-05
0.04193297473750009,0.0013149831514587217,-0.0006732721499424969,-4.609020454998649e-05
0.04196928034333342,0.0013008225779849597,-0.0006657191398389235,-4.5640677110883195e-05
0.04200558594916676,0.0012862084439608978,-0.0006583162172695812,-4.519490122474867e-05
0.042041891555000085,0.0012711427680668858,-0.0006510609100751653,-4.4752840277499377e-05
0.04207819716083342,0.0012556278400033573,-0.0006439507132627368,-4.431445798582068e-05
0.042114502766666756,0.0012396662226286514,-0.0006369830922575197,-4.3879718436098425e-05
0.04215080837250009,0.0012232607543648127,-0.0006301554860968508,-4.3448586132303434e-05
0.04218711397833342,0.0012064145518156347,-0.000623465310563538,-4.302102604757228e-05
0.042223419584166755,0.0011891310124950327,-0.000616909961261744,-4.25970036737901e-05
0.04225972519000009,0.0011714138175277537,-0.0006104868166434001,-4.217648506368333e-05
0.042296030795833425,0.001153266934162205,-0.0006041932409966137,-4.175943686076057e-05
0.042332336401666754,0.0011346946179291374,-0.0005980265874092304,-4.134582631381512e-05
0.04236864200750009,0.0011157014142906695,-0.0005919842007204801,-4.0935621274476546e-05
0.042404947613333424,0.0010962921596505805,-0.0005860634204715098,-4.052879017827606e-05
0.04244125321916675,0.001076471981636155,-0.0005802615838617762,-4.012530201165049e-05
0.04247755882500009,0.001056246298610049,-0.000574576028713123,-3.972512626902847e-05
0.04251386443083342,0.001035620818422654,-0.000569004096437398,-3.932823290541993e-05
0.04255017003666676,0.0010146015364658595,-0.0005635431349972765,-3.893459229061286e-05
0.042586475642500086,0.0009931947331327413,-0.0005581905018441585,-3.854417517107925e-05
0.04262278124833342,0.0009714069708200174,-0.0005529435668122097,-3.81569526449937e-05
0.04265908685416676,0.0009492450906278183,-0.0005477997149443041,-3.7772896154437465e-05
0.04269539246000009,0.0009267162089126113,-0.0005427563492241929,-3.739197749703782e-05
0.04273169806583342,0.0009038277138339431,-0.0005378108931898377,-3.701416885717386e-05
0.042768003671666756,0.0008805872620056652,-0.0005329607934055359,-3.6639442854699465e-05
0.04280430927750009,0.0008570027753206807,-0.0005282035217750014,-3.6267772607138074e-05
0.042840614883333426,0.0008330824379693967,-0.0005235365776835936,-3.589913179972016e-05
0.042876920489166755,0.0008088346936211387,-0.0005189574899648575,-3.553349475665024e-05
0.04291322609500009,0.0007842682426901428,-0.0005144638186938454,-3.517083650672621e-05
0.042949531700833425,0.0007593920395683835,-0.0005100531568166459,-3.4811132836932544e-05
0.04298583730666676,0.0007342152896805753,-0.0005057231316315298,-3.445436032884606e-05
0.04302214291250009,0.0007087474462050228,-0.000501471406141556,-3.410049637450238e-05
0.043058448518333424,0.0006829982063088325,-0.0004972956803009711,-3.374951917057738e-05
0.04309475412416676,0.0006569775067668544,-0.00049319369217803,-3.3401407692095924e-05
0.04313105973000009,0.0006306955188684396,-0.0004891632190549549,-3.305614164912524e-05
0.04316736533583342,0.000604162642561084,-0.00048520207848180895,-3.271370143178338e-05
0.04320367094166676,0.0005773894998306208,-0.0004813081292954853,-3.2374068050175506e-05
0.04323997654750009,0.0005503869273685829,-0.00047747927260833565,-3.2037223076404454e-05
0.04327628215333342,0.0005231659686234203,-0.00047371345276385674,-3.170314859551315e-05
0.04331258775916676,0.0004957378653686695,-0.00047000865825001304,-3.137182717112194e-05
0.04334889336500009,0.00046811404894420204,-0.0004663629225548956,-3.1043241829733465e-05
0.04338519897083343,0.0004403061313339906,-0.000462774324945101,-3.071737606538152e-05
0.043421504576666756,0.0004123258962347297,-0.0004592409911449188,-3.0394213863749004e-05
0.04345781018250009,0.0003841852902451575,-0.00045576109389440864,-3.00737397423591e-05
0.043494115788333426,0.00035589641426866166,-0.00045233285336677514,-2.9755938801238346e-05
0.04353042139416676,0.0003274715151756684,-0.00044895453742993557,-2.9440796776816735e-05
0.04356672700000009,0.0002989229777222664,-0.00044562446174342153,-2.9128300090962916e-05
0.043603032605833425,0.00027026331667277543,-0.0004423409896892047,-2.881843588706438e-05
0.04363933821166676,0.00024150516903164983,-0.0004391025321429843,-2.8511192045966744e-05
0.04367564381750009,0.00021266128625864862,-0.00043590754710017606,-2.8206557176296902e-05
0.043711949423333424,0.00018374452632390992,-0.000432754539177558,-2.7904520576031815e-05
0.04374825502916676,0.00015476784545824995,-0.00042964205901660637,-2.7605072164885024e-05
0.043784560635000094,0.00012574428946881131,-0.0004265687026174895,-2.7308202389866453e-05
0.04382086624083342,9.668698451957535e-05,-0.0004235331106331804,-2.701390210891453e-05
0.04385717184666676,6.760912731717026e-05,-0.000420533967651124,-2.6722162459512022e-05
0.04389347745250009,3.852397469059405e-05,-0.0004175700014855315,-2.6432974720442587e-05
0.04392978305833343,9.444832603918837e-06,-0.00041463998249706153,-2.6146330175171587e-05
0.04396608866416676,-1.9614955311487782e-05,-0.00041174272294899005,-2.5862219984691613e-05
0.04400239427000009,-4.864201957912063e-05,-0.00040887707640068855,-2.5580635076119533e-05
0.04403869987583343,-7.762297690019603e-05,-0.0004060419371311239,-2.530156605103109e-05
0.04407500548166676,-0.00010654444221079102,-0.0004032362395779545,-2.502500311472272e-05
0.04411131108750009,-0.00013539304061021805,-0.0004004589577723253,-2.475093602461017e-05
0.044147616693333426,-0.00016415541901669488,-0.00039770910474621154,-2.4479354053148714e-05
0.04418392229916676,-0.00019281825743917185,-0.0003949857318884649,-2.421024595831666e-05
0.04422022790500009,-0.00022136827979722692,-0.0003922879282276688,-2.3943599953121103e-05
0.044256533510833425,-0.00024979226426971964,-0.0003896148196243494,-2.367940366495898e-05
0.04429283911666676,-0.0002780770532023077,-0.00038696556786160466,-2.3417644076089496e-05
0.044329144722500095,-0.00030620956264881447,-0.0003843393696311891,-2.3158307437920483e-05
0.044365450328333424,-0.0003341767916571223,-0.0003817354554207606,-2.2901379154139918e-05
0.04440175593416676,-0.0003619658314330404,-0.00037915308831651314,-2.2646843630690543e-05
0.044438061540000094,-0.00038956387452311603,-0.00037659156274294346,-2.239468409387073e-05
0.04447436714583343,-0.00041695822414885626,-0.00037405020316728065,-2.2144882381086882e-05
0.04451067275166676,-0.00044413630380123393,-0.00037152836279954804,-2.1897418711619668e-05
0.04454697835750009,-0.0004710856671681468,-0.0003690254223199561,-2.1652271446876084e-05
0.04458328396333343,-0.0004977940084224977,-0.00036654078866323086,-2.1409416850737025e-05
0.044619589569166763,-0.00052424917284948,-0.0003640738938847227,-2.1168828860636814e-05
0.04465589517500009,-0.000550439167743625,-0.00036162419412614247,-2.093047887891244e-05
0.04469220078083343,-0.0005763521734642197,-0.00035919116869017394,-2.0694335591848387e-05
0.04472850638666676,-0.000601976554506222,-0.0003567743192238331,-2.0460364820947378e-05
0.04476481199250009,-0.0006273008704260637,-0.00035437316900116815,-2.022852940759973e-05
0.044801117598333426,-0.0006523138864595982,-0.0003519872622876261,-1.9998789128883766e-05
0.04483742320416676,-0.0006770045836831402,-0.00034961616376194966,-1.9771100639101718e-05
0.044873728810000096,-0.0007013621685966304,-0.00034725945796745854,-1.9545417429205117e-05
0.044910034415833425,-0.0007253760820475214,-0.0003449167487634141,-1.9321689794785643e-05
0.04494634002166676,-0.0007490360074609017,-0.0003425876587490021,-1.9099864802989973e-05
0.044982645627500095,-0.0007723318783907936,-0.00034027182863713635,-1.8879886249620356e-05
0.04501895123333343,-0.0007952538854543339,-0.00033796891656234616,-1.8661694599728165e-05
0.04505525683916676,-0.0008177924827498606,-0.000335678597315794,-1.8445226907985965e-05
0.045091562445000094,-0.0008399383938877075,-0.00033340056151011485,-1.8230416718715538e-05
0.04512786805083343,-0.0008616826177759297,-0.0003311345146863386,-1.801719394926032e-05
0.045164173656666765,-0.0008830164343008958,-0.00032888017638369447,-1.7805484763994164e-05
0.04520047926250009,-0.0009039314100249949,-0.000326637279199747,-1.7595211449243918e-05
0.04523678486833343,-0.0009244194039925213,-0.0003244055678723897,-1.738629230142286e-05
0.04527309047416676,-0.0009444725736934373,-0.0003221847984162869,-1.7178641541481018e-05
0.04530939608000009,-0.0009640833811875382,-0.0003199747373442567,-1.6972169268264054e-05
0.04534570168583343,-0.0009832445993435285,-0.00031777516099898624,-1.6766781461569742e-05
0.04538200729166676,-0.0010019493181037135,-0.0003155858550128226,-1.6562380042780525e-05
0.0454183128975001,-0.0010201909506500199,-0.0003134066139038971,-1.6358862997239617e-05
0.045454618503333426,-0.0010379632393245663,-0.0003112372408064159,-1.6156124558429284e-05
0.04549092410916676,-0.001055260261150377,-0.0003090775473225922,-1.5954055449955544e-05
0.045527229715000096,-0.001072076432805889,-0.00030692735347440396,-1.5752543177795942e-05
0.04556353532083343,-0.0010884065149298259,-0.00030478648772605754,-1.555147236262718e-05
0.04559984092666676,-0.0011042456156684433,-0.0003026547870434448,-1.5350725100619993e-05
0.045636146532500095,-0.0011195891934214033,-0.0003005320969554741,-1.5150181341039286e-05
0.04567245213833343,-0.001134433058791056,-0.0002984182715840963,-1.4949719270332073e-05
0.045708757744166766,-0.0011487733757876554,-0.0002963131736149747,-1.4749215694979827e-05
0.045745063350000094,-0.0011626066623850906,-0.0002942166741885816,-1.4548546418945244e-05
0.04578136895583343,-0.0011759297905537445,-0.0002921286527013011,-1.4347586615651982e-05
0.045817674561666764,-0.0011887399859158204,-0.0002900489965169222,-1.4146211198624822e-05
0.0458539801675001,-0.0012010348271720166,-0.0002879776005996653,-1.3944295198694542e-05
0.04589028577333343,-0.00121281224543647,-0.00028591436708952795,-1.3741714158582241e-05
0.04592659137916676,-0.0012240705235907654,-0.0002838592048482993,-1.3538344557357455e-05
0.0459628969850001,-0.0012348082957302862,-0.00028181202900930065,-1.3334064277481878e-05
0.04599920259083343,-0.0012450245467312462,-0.0002797727605652627,-1.3128753125835569e-05
0.04603550819666676,-0.0012547186119191353,-0.0002777413260265748,-1.2922293417376678e-05
0.0460718138025001,-0.0012638901767740229,-0.00027571765717660456,-1.271457062617361e-05
0.04610811940833343,-0.001272539276569974,-0.0002737016909423958,-1.2505474103870271e-05
0.04614442501416676,-0.0012806662958187416,-0.00027169336938859685,-1.229489786069316e-05
0.046180730620000096,-0.001288271967374745,-0.0002696926398309557,-1.2082741399414462e-05
0.04621703622583343,-0.0012953573710605382,-0.0002676994550542607,-1.1868910588757438e-05
0.04625334183166677,-0.0013019239316892706,-0.000265713773609334,-1.165331855999967e-05
0.046289647437500095,-0.0013079734163912828,-0.00026373556015562275,-1.143588660929751e-05
0.04632595304333343,-0.0013135079311927577,-0.00026176478581089405,-1.1216545088657873e-05
0.046362258649166765,-0.0013185299168410507,-0.0002598014284680549,-1.0995234270475058e-05
0.0463985642550001,-0.0013230421439190912,-0.00025784547304137136,-1.0771905173904297e-05
0.04643486986083343,-0.0013270477073351367,-0.00025589691161016705,-1.0546520345677164e-05
0.046471175466666764,-0.0013305500203096329,-0.00025395574343691,-1.0319054592777792e-05
0.0465074810725001,-0.0013335528080043273,-0.0002520219748476079,-1.0089495669133616e-05
0.04654378667833343,-0.0013360601009477072,-0.00025009561897456706,-9.857844922572541e-06
0.04658009228416676,-0.0013380762284044047,-0.00024817669537364524,-9.624117911267814e-06
0.0466163978900001,-0.0013396058118151453,-0.0002462652295389566,-9.388345000362685e-06
0.046652703495833434,-0.001340653758400363,-0.00024436125234648915,-9.150571949235544e-06
0.04668900910166676,-0.0013412252549782724,-0.00024246479946341722,-8.910860497921037e-06
0.0467253147075001,-0.001341325762001448,-0.00024057591076147826,-8.66928895772837e-06
0.04676162031333343,-0.0013409610077696938,-0.00023869462977045084,-8.425952806457747e-06
0.04679792591916677,-0.0013401369827360364,-0.0002368210032017165,-8.180965283313106e-06
0.046834231525000096,-0.0013388599337913253,-0.0002349550805626835,-7.93445797323252e-06
0.04687053713083343,-0.0013371363583944396,-0.00023309691387138606,-7.686581365515818e-06
0.046906842736666766,-0.0013349729984114015,-0.00023124655746796976,-7.437505367882283e-06
0.0469431483425001,-0.001332376833538166,-0.00022940406790728407,-7.187419754887767e-06
0.04697945394833343,-0.0013293550742072841,-0.00022756950390567758,-6.936534529253143e-06
0.047015759554166765,-0.0013259151539153622,-0.00022574292630646287,-6.685080176188844e-06
0.0470520651600001,-0.001322064720952425,-0.00022392439802328354,-6.433307794115681e-06
0.04708837076583343,-0.0013178116295613376,-0.00022211398391934866,-6.181489089952742e-06
0.047124676371666764,-0.0013131639306004346,-0.00022031175058338573,-5.9299162328755595e-06
0.0471609819775001,-0.0013081298618207702,-0.00021851776596998096,-5.678901566536152e-06
0.047197287583333435,-0.001302717837896975,-0.00021673209888211224,-5.428777185529976e-06
0.04723359318916676,-0.0012969364403647079,-0.00021495481828619006,-5.17989438676972e-06
0.0472698987950001,-0.0012907944076167145,-0.00021318599246361236,-4.9326230098574895e-06
0.04730620440083343,-0.0012843006250936504,-0.00021142568801639326,-4.687350682169649e-06
0.04734251000666677,-0.0012774641157767862,-0.00020967396875652304,-4.444481984019886e-06
0.0473788156125001,-0.0012702940310505282,-0.00020793089451817136,-4.204437547007321e-06
0.04741512121833343,-0.0012627996419574514,-0.00020619651993772082,-3.967653094769315e-06
0.04745142682416677,-0.0012549903308219914,-0.00020447089324832218,-3.7345784303158485e-06
0.0474877324300001,-0.0012468755831759116,-0.00020275405513301572,-3.5056763685367516e-06
0.04752403803583343,-0.0012384649798836422,-0.00020104603767371056,-3.281421607030193e-06
0.047560343641666766,-0.0012297681893422086,-0.00019934686342311505,-3.062299523781631e-06
0.0475966492475001,-0.0012207949596211394,-0.00019765654461407372,-2.848804887026061e-06
0.04763295485333344,-0.0012115551104134256,-0.00019597508250694716,-2.6414404613009385e-06
0.047669260459166765,-0.0012020585246886603,-0.0001943024668620622,-2.4407154944861832e-06
0.0477055660650001,-0.0011923151399718165,-0.00019263867551223978,-2.247144073539695e-06
0.047741871670833436,-0.0011823349392123068,-0.00019098367400121683,-2.0612433414403816e-06
0.047778177276666764,-0.0011721279412537247,-0.0001893374152483815,-1.8835315740970325e-06
0.0478144828825001,-0.0011617041909601788,-0.000187699839199239,-1.714526123051534e-06
0.047850788488333434,-0.0011510737490956714,-0.00018607087242458381,-1.5547412369772115e-06
0.04788709409416677,-0.0011402466820842904,-0.0001844504276391873,-1.40468578150269e-06
0.0479233997000001,-0.0011292330517978396,-0.00018283840312220096,-1.2648608820943478e-06
0.04795970530583343,-0.0011180429055219483,-0.00018123468203534444,-1.1357575180602199e-06
0.04799601091166677,-0.0011066862662412373,-0.00017963913164995623,-1.0178540968506845e-06
0.048032316517500104,-0.0010951731233598725,-0.00017805160250866235,-9.116140366248713e-07
0.04806862212333343,-0.0010835134239383403,-0.00017647192756031354,-8.174833816821447e-07
0.04810492772916677,-0.001071717064484239,-0.00017489992131665823,-7.358884702235833e-07
0.0481412333350001,-0.0010597938832887753,-0.0001733353790849559,-6.672336676079826e-07
0.04817753894083344,-0.001047753653256285,-0.00017177807633178004,-6.118991715344674e-07
0.048213844546666766,-0.0010356060751360624,-0.0001702277682294603,-5.702388892066842e-07
0.0482501501525001,-0.0010233607710380364,-0.00016868418942829285,-5.425783812638298e-07
0.04828645575833344,-0.0010110272780992186,-0.00016714705408557747,-5.292128637322978e-07
0.048322761364166765,-0.0009986150421678645,-0.00016561605616787292,-5.304052578947405e-07
0.0483590669700001,-0.0009861334113868995,-0.0001640908700270097,-5.463842789802488e-07
0.048395372575833435,-0.0009735916295857931,-0.0001625711512349074,-5.773425578676323e-07
0.04843167818166677,-0.0009609988294278066,-0.00016105653764862787,-6.23434795214506e-07
0.0484679837875001,-0.0009483640253034286,-0.0001595466506666948,-6.847759539983905e-07
0.048504289393333434,-0.0009356961060062326,-0.00015804109663155352,-7.614395036342929e-07
0.04854059499916677,-0.0009230038272696021,-0.00015653946833173892,-8.534557357821264e-07
0.048576900605000105,-0.0009102958042773385,-0.00015504134656099173,-9.608101778498637e-07
0.04861320621083343,-0.000897580504284497,-0.00015354630169983757,-1.0834421343082188e-06
0.04864951181666677,-0.0008848662394944337,-0.00015205389529717722,-1.221243387718034e-06
0.048685817422500104,-0.0008721611603329969,-0.00015056368164399856,-1.3740570905386815e-06
0.04872212302833344,-0.0008594732492415732,-0.00014907520934691044,-1.5416768753258835e-06
0.04875842863416677,-0.0008468103150793097,-0.00014758802292419437,-1.7238462051215216e-06
0.0487947342400001,-0.000834179988184536,-0.0001461016644598874,-1.920257978229567e-06
0.04883103984583344,-0.0008215897161003967,-0.00014461567536066543,-2.130554392909141e-06
0.048867345451666766,-0.0008090467599246459,-0.00014312959826494264,-2.354327068668895e-06
0.0489036510575001,-0.0007965581912031198,-0.00014164297915304132,-2.5911174127139917e-06
0.048939956663333437,-0.0007841308892547752,-0.00014015536970142823,-2.8404172135015566e-06
0.04897626226916677,-0.0007717715387966124,-0.00013866632991329643,-3.1016694389585535e-06
0.0490125678750001,-0.0007594866277312893,-0.00013717543104312083,-3.374269215120193e-06
0.049048873480833435,-0.0007472824449693047,-0.0001356822588155553,-3.657564961877296e-06
0.04908517908666677,-0.000735165078180281,-0.00013418641692076715,-3.950859665988265e-06
0.049121484692500106,-0.0007231404114017103,-0.00013268753075073298,-4.2534122770350885e-06
0.049157790298333434,-0.0007112141224749598,-0.00013118525132580717,-4.564439218862886e-06
0.04919409590416677,-0.0006993916803230099,-0.00012967925934945768,-4.883116016357876e-06
0.049230401510000105,-0.0006876783421276241,-0.00012816926932251795,-5.208579044245918e-06
0.04926670711583344,-0.0006760791505008927,-0.00012665503364722394,-5.539927410033766e-06
0.04930301272166677,-0.0006645989307734392,-0.00012513634665575177,-5.876224986516083e-06
0.049339318327500103,-0.0006532422885361711,-0.00012361304850745078,-6.216502609916116e-06
0.04937562393333344,-0.0006420136075727468,-0.00012208502891248476,-6.559760457497416e-06
0.04941192953916677,-0.0006309170483058838,-0.00012055223065574486,-6.904970613484945e-06
0.0494482351450001,-0.0006199565468536963,-0.00011901465291200546,-7.251079824793314e-06
0.04948454075083344,-0.0006091358147552099,-0.00011747235435957761,-7.597012439080423e-06
0.04952084635666677,-0.0005984583393809094,-0.00011592545611346565,-7.941673507930337e-06
0.0495571519625001,-0.000587927384999105,-0.00011437414450878859,-8.283952028525752e-06
0.049593457568333436,-0.0005775459944267293,-0.00011281867376992232,-8.622724288994055e-06
0.04962976317416677,-0.0005673169911582523,-0.00011125936859989141,-8.956857276576557e-06
0.04966606878000011,-0.0005572429818423251,-0.00010969662671799854,-9.285212104530725e-06
0.049702374385833435,-0.0005473263589649876,-0.00010813092136210759,-9.606647413586112e-06
0.04973867999166677,-0.0005375693036018798,-0.00010656280375649632,-9.92002270685056e-06
0.049774985597500106,-0.0005279737881194482,-0.00010499290552828517,-1.0224201582972505e-05
0.04981129120333344,-0.0005185415787347502,-0.00010342194103691735,-1.0518054840463249e-05
0.04984759680916677,-0.0005092742378820014,-0.000101850709563891,-1.0800463435481588e-05
0.049883902415000105,-0.0005001731263774242,-0.0001002800972957086,-1.107032128504803e-05
0.04992020802083344,-0.0004912394054176604,-9.871107902332137e-05,-1.1326537916521742e-05
0.04995651362666677,-0.0004824740384864436,-9.714471947728446e-05,-1.156804097126448e-05
0.0499928192325001,-0.00047387779327523206,-9.558217421994139e-05,-1.1793778574956622e-05
0.05002912483833344,-0.00046545124374284305,-9.402469002416143e-05,-1.2002721588535848e-05
0.050065430444166774,-0.0004571947724447721,-9.247360468180042e-05,-1.2193865752062966e-05
0.0501017360500001,-0.000449108573254226,-9.09303462029456e-05,-1.2366233729213043e-05
0.05013804165583344,-0.00044119265457484536,-8.939643138751604e-05,-1.2518877053121258e-05
0.05017434726166677,-0.00043344684311192683,-8.787346377203734e-05,-1.2650877965843472e-05
0.05021065286750011,-0.00042587078822812753,-8.636313097442869e-05,-1.2761351134773508e-05
0.050246958473333436,-0.00041846396686538116,-8.486720147658928e-05,-1.2849445221117132e-05
0.05028326407916677,-0.000411225688971677,-8.33875208969095e-05,-1.2914344269027537e-05
0.05031956968500011,-0.00040415510333390915,-8.19260078114832e-05,-1.295526888015293e-05
0.05035587529083344,-0.0003972512036900721,-8.04846491832561e-05,-1.2971477137747308e-05
0.05039218089666677,-0.0003905128349785395,-7.906549545273638e-05,-1.2962265247410591e-05
0.050428486502500106,-0.0003839386995805986,-7.767065533296084e-05,-1.2926967867825012e-05
0.05046479210833344,-0.0003775273634249506,-7.63022903364479e-05,-1.28649581140325e-05
0.050501097714166776,-0.0003712772618481934,-7.496260904459525e-05,-1.277564722701628e-05
0.050537403320000104,-0.0003651867051406989,-7.365386111236567e-05,-1.2658483915534276e-05
0.05057370892583344,-0.00035925388374908235,-7.237833098517598e-05,-1.2512953388106077e-05
0.050610014531666775,-0.0003534768731502508,-7.113833129253791e-05,-1.2338576103595018e-05
0.0506463201375001,-0.0003478536384532475,-6.993619587573188e-05,-1.2134906276911909e-05
0.05068262574333344,-0.00034238203881947293,-6.877427240566132e-05,-1.1901530181219192e-05
0.050718931349166774,-0.00033705983181579264,-6.765491455245941e-05,-1.163806428920758e-05
0.05075523695500011,-0.0003318846778260464,-6.658047368016819e-05,-1.134415329352859e-05
0.05079154256083344,-0.0003268541446434335,-6.555329005699975e-05,-1.1019468040681996e-05
0.05082784816666677,-0.00032196571234949456,-6.457568359287948e-05,-1.06637034043325e-05
0.05086415377250011,-0.00031721677855671237,-6.364994413929298e-05,-1.0276576114207907e-05
0.05090045937833344,-0.00031260466405412887,-6.277832140980396e-05,-9.857822546626222e-06
0.05093676498416677,-0.0003081266188527561,-6.196301460083727e-05,-9.40719647356199e-06
0.05097307059000011,-0.00030377982858440975,-6.120616180946882e-05,-8.92446676013743e-06
0.05100937619583344,-0.0002995614211684201,-6.050982935645117e-05,-8.409414996418833e-06
0.05104568180166678,-0.00029546847362956635,-5.9876001127485835e-05,-7.861833048977817e-06
0.051081987407500105,-0.000291498018930785,-5.930656804343826e-05,-7.281520520993249e-06
0.05111829301333344,-0.0002876470526777829,-5.880331776107506e-05,-6.6682821164419726e-06
0.051154598619166776,-0.00028391253956030815,-5.8367924690949156e-05,-6.021924913466343e-06
0.051190904225000104,-0.0002802914194157098,-5.800194039980436e-05,-5.3422555632902235e-06
0.05122720983083344,-0.00027678061283237097,-5.770678444327566e-05,-4.629077442835261e-06
0.051263515436666775,-0.0002733770262503128,-5.7483735652910745e-05,-3.88218780013332e-06
0.05129982104250011,-0.00027007755655961125,-5.7333923881826445e-05,-3.1013749404699303e-06
0.05133612664833344,-0.00026687909523975096,-5.7258322197618527e-05,-2.286415506866642e-06
0.051372432254166774,-0.0002637785321202606,-5.725773950102703e-05,-1.4370719102863432e-06
0.05140873786000011,-0.0002607727588710907,-5.733281354530501e-05,-5.530899625107429e-07
0.051445043465833444,-0.0002578586723473182,-5.7484004334546496e-05,3.6580324186375286e-07
0.05148134907166677,-0.00025503317791526276,-5.771158788898052e-05,1.319901157847003e-06
0.05151765467750011,-0.000252293192875763,-5.8015650380331086e-05,2.3095193129127223e-06
0.05155396028333344,-0.0002496356500764254,-5.839608265909915e-05,3.3349965100440496e-06
0.05159026588916678,-0.00024705750177066746,-5.885257521595248e-05,4.396695714297932e-06
0.051626571495000106,-0.0002445557237409192,-5.938461363901947e-05,5.495004638259938e-06
0.05166287710083344,-0.00024212731966068924,-5.999147464550907e-05,6.630336051044531e-06
0.05169918270666678,-0.00023976932562982142,-6.067222277771333e-05,7.803127841109528e-06
0.051735488312500105,-0.0002374788147834152,-6.142570785855073e-05,9.013842864596575e-06
0.05177179391833344,-0.00023525290185110644,-6.225056329945963e-05,1.0262968608152382e-05
0.051808099524166776,-0.00023308874753221435,-6.314520534346175e-05,1.1551016688677206e-05
0.05184440513000011,-0.00023098356255483746,-6.410783330914745e-05,1.287852220306855e-05
0.05188071073583344,-0.00022893461130308053,-6.51364308784519e-05,1.4246042929996123e-05
0.051917016341666775,-0.00022693921492455754,-6.622876844424547e-05,1.5654158374476612e-05
0.05195332194750011,-0.00022499475386725173,-6.738240650520504e-05,1.7103468635973467e-05
0.051989627553333445,-0.0002230986698368989,-6.859470006760256e-05,1.8594593073263963e-05
0.05202593315916677,-0.0002212484672089415,-6.986280398891673e-05,2.0128168735452068e-05
0.05206223876500011,-0.0002194417139683453,-7.118367917862156e-05,2.1704848528919628e-05
0.052098544370833444,-0.0002176760422821311,-7.255409955869944e-05,2.332529909487742e-05
0.05213484997666678,-0.00021594914883010848,-7.397065968126694e-05,2.4990198381172027e-05
0.05217115558250011,-0.00021425879502690834,-7.542978290332755e-05,2.6700232904317924e-05
0.05220746118833344,-0.00021260280726225454,-7.692773002843744e-05,2.8456094712158092e-05
0.05224376679416678,-0.00021097907726718815,-7.84606083406298e-05,3.0258478072650102e-05
0.05228007240000011,-0.0002093855626837141,-8.002438097535163e-05,3.2108075928465885e-05
0.05231637800583344,-0.0002078202878772795,-8.161487659309619e-05,3.400557616889283e-05
0.05235268361166678,-0.00020628134498962305,-8.32277993413853e-05,3.595165777868261e-05
0.05238898921750011,-0.00020476689518825555,-8.485873910738958e-05,3.794698692714622e-05
0.05242529482333344,-0.000203275170032471,-8.650318207473902e-05,3.999221305955824e-05
0.052461600429166776,-0.00020180447284815943,-8.815652160249343e-05,4.208796504695924e-05
0.05249790603500011,-0.00020035317998768796,-8.981406944105075e-05,4.423484744040362e-05
0.052534211640833446,-0.00019891974184841637,-9.147106728900438e-05,4.643343686271029e-05
0.052570517246666774,-0.00019750268353430233,-9.312269867745997e-05,4.868427855628247e-05
0.05260682285250011,-0.00019610060506840285,-9.476410114565028e-05,5.0987883091186905e-05
0.052643128458333445,-0.00019471218109746148,-9.639037864598665e-05,5.334472322502436e-05
0.05267943406416678,-0.00019333616006971335,-9.799661409046027e-05,5.575523089659337e-05
0.05271573967000011,-0.0001919713629093905,-9.957788192617544e-05,5.821979433000424e-05
0.052752045275833444,-0.00019061668125176757,-0.00010112926060822906,6.073875522532091e-05
0.05278835088166678,-0.00018927107533676439,-0.00010264584482521382,6.331240601602994e-05
0.052824656487500114,-0.00018793357168357905,-0.00010412275732777145,6.594098718213775e-05
0.05286096209333344,-0.00018660326068103652,-0.00010555516021454706,6.862468461945913e-05
0.05289726769916678,-0.0001852792942270589,-0.00010693826554244223,7.136362707926978e-05
0.05293357330500011,-0.00018396088353605331,-0.00010826734514824832,7.415788370630746e-05
0.05296987891083344,-0.00018264729720661736,-0.00010953773959483543,7.700746171542387e-05
0.05300618451666678,-0.00018133785960655323,-0.00011074486618477799,7.991230425645689e-05
0.05304249012250011,-0.00018003194959146399,-0.0001118842260149727,8.287228852187518e-05
0.05307879572833345,-0.00017872899953143027,-0.00011295141007472313,8.588722415167006e-05
0.053115101334166775,-0.00017742849458178946,-0.000113942104414399,8.89568519846164e-05
0.05315140694000011,-0.00017612997210286367,-0.00011485209443004353,9.208084319476401e-05
0.053187712545833446,-0.0001748330211128461,-0.00011567726831978047,9.525879883777707e-05
0.05322401815166678,-0.00017353728165008835,-0.00011641361976995088,9.849024981488883e-05
0.05326032375750011,-0.00017224244392654323,-0.00011705724992284819,0.0001017746572444677
0.053296629363333445,-0.0001709482471725082,-0.00011760436866482914,0.00010511141321430421
0.05333293496916678,-0.00016965447810214437,-0.00011805129525530667,0.00010849984187345161
0.053369240575000115,-0.00016836096896643172,-0.00011839445829608146,0.00011193920081223952
0.053405546180833444,-0.00016706759520137196,-0.00011863039501935369,0.0001154286826739416
0.05344185178666678,-0.0001657742727200549,-0.0001187557498543186,0.00011896741694197404
0.053478157392500114,-0.000164480954933404,-0.00011876727221898269,0.00012255447185227566
0.05351446299833344,-0.0001631876296122282,-0.00011866181347772311,0.00012618885639092002
0.05355076860416678,-0.00016189431571972867,-0.0001184363230074139,0.00012986952235076183
0.05358707421000011,-0.0001606010603471197,-0.00011808784332606412,0.00013359536643637034
0.05362337981583345,-0.00015930793587515588,-0.00011761350425734912,0.00013736523242180283
0.053659685421666777,-0.0001580150374621403,-0.00011701051613079413,0.00014117791337908093
0.05369599102750011,-0.00015672248092673575,-0.00011627616204857562,0.00014503215400493108
0.05373229663333345,-0.00015543040105496644,-0.0001154077892832941,0.00014892665307822062
0.05376860223916678,-0.00015413895031922835,-0.00011440279990372313,0.00015286006607988928
0.05380490784500011,-0.0001528482979572367,-0.00011325864075455405,0.00015683100800099816
0.053841213450833446,-0.00015155862932476454,-0.00011197279293894786,0.00016083805635338412
0.05387751905666678,-0.00015027014541128746,-0.00011054276096725896,0.00016487975438248903
0.053913824662500116,-0.00014898306239479318,-0.00010896606174037927,0.0001689546144648492
0.053950130268333445,-0.00014769761111234242,-0.00010724021353143985,0.00017306112165537765
0.05398643587416678,-0.00014641403633640796,-0.00010536272511572242,0.00017719773733390496
0.054022741480000115,-0.00014513259577213366,-0.00010333108517708677,0.00018136290288826504
0.054059047085833443,-0.00014385355872478976,-0.0001011427520922589,0.00018555504336395778
0.05409535269166678,-0.00014257720442626762,-9.879514416471286e-05,0.00018977257100900104
0.054131658297500114,-0.00014130382005030429,-9.628563035061524e-05,0.0001940138886472755
0.05416796390333345,-0.0001400336984839765,-9.361152149331389e-05,0.0001982773928240693
0.05420426950916678,-0.00013876713595389501,-9.077006206270435e-05,0.00020256147668261276
0.05424057511500011,-0.00013750442962623372,-8.775842238343018e-05,0.00020686453254859606
0.05427688072083345,-0.00013624587530807887,-8.457369133236545e-05,0.00021118495421907228
0.05431318632666678,-0.00013499176537271087,-8.121286949134346e-05,0.00021552113897070304
0.05434949193250011,-0.0001337423870138375,-7.767286275481579e-05,0.00021987148931803022
0.05438579753833345,-0.0001324980209053166,-7.395047641234685e-05,0.00022423441456368592
0.05442210314416678,-0.00013125894030650132,-7.004240975014236e-05,0.00022860833218801363
0.05445840875000012,-0.00013002541061279762,-6.594525124127604e-05,0.00023299166912492422
0.054494714355833446,-0.000128797689310557,-6.165547441783656e-05,0.00023738286296410888
0.05453101996166678,-0.00012757602625923457,-5.7169434536923385e-05,0.00024178036310781986
0.054567325567500116,-0.00012636066419557804,-5.248336616377364e-05,0.00024618263189474406
0.054603631173333445,-0.0001251518393373834,-4.7593381797505554e-05,0.0002505881456859118
0.05463993677916678,-0.00012394978195982712,-4.249547165711482e-05,0.000254995395890207
0.054676242385000115,-0.00012275471682600484,-3.718550472755595e-05,0.0002594028898919771
0.05471254799083345,-0.00012156686337414442,-3.16592311390777e-05,0.00026380915183233457
0.05474885359666678,-0.0001203864355948198,-2.59122859194558e-05,0.0002682127231904057
0.054785159202500114,-0.00011921364156913202,-1.9940194121080446e-05,0.0002726121631117936
0.05482146480833345,-0.00011804868267930404,-1.3738377286152501e-05,0.0002770060484389575
0.054857770414166784,-0.00011689175254222704,-7.302161176791176e-06,0.00028139297341141543
0.05489407602000011,-0.00011574303575011773,-6.26784665725902e-07,0.00028577154902133137
0.05493038162583345,-0.00011460270652709533,6.292590340005805e-06,0.00029014040203032075
0.05496668723166678,-0.00011347092742359949,1.3460868083517336e-05,0.0002944981736740411
0.05500299283750012,-0.00011234784817079009,2.0883007394936585e-05,0.00029884351810009676
0.05503929844333345,-0.00011123360480438405,2.856400951771473e-05,0.00030317510059991304
0.05507560404916678,-0.00011012831914312774,3.650890544515146e-05,0.000307491595704868
0.05511190965500012,-0.00010903209867381456,4.4722742864705916e-05,0.0003117916852200402
0.05514821526083345,-0.00010794503685591331,5.321057278034207e-05,0.00031607405626509546
0.05518452086666678,-0.00010686721381852573,6.197743585492925e-05,0.0003203373993815041
0.055220826472500116,-0.00010579869738474601,7.102834848886446e-05,0.0003245804067495998
0.05525713207833345,-0.00010473954432746968,8.036828863061512e-05,0.0003288017705396936
0.05529343768416678,-0.00010368980173951643,9.000218130223094e-05,0.00033300018140070497
0.055329743290000115,-0.0001026495083917887,9.993488381963901e-05,0.00033717432706988147
0.05536604889583345,-0.00010161869595702178,0.00011017117069430903,0.00034132289107039783
0.055402354501666785,-0.00010059738999307759,0.00012071571821917368,0.0003454445514518467
0.055438660107500114,-9.958561060697224e-05,0.00013157308876599947,0.0003495379795232085
0.05547496571333345,-9.858337275605703e-05,0.00014274771485132698,0.00035360183852944986
0.055511271319166784,-9.759068618231583e-05,0.00015424388306059376,0.0003576347822312942
0.05554757692500012,-9.660755501547816e-05,0.0001660657179517358,0.00036163545336201136
0.05558388253083345,-9.56339771164394e-05,0.00017821716608706217,0.0003656024819536732
0.05562018813666678,-9.466994326060833e-05,0.0001907019803624876,0.0003695344835461105
0.05565649374250012,-9.371543627835085e-05,0.00020352370481393817,0.00037343005731240754
0.055692799348333454,-9.27704302748585e-05,0.00021668566008046768,0.00037728778415279345
0.05572910495416678,-9.183489004402346e-05,0.00023019092969196812,0.00038110622482212606
0.05576541056000012,-9.090877077107883e-05,0.00024404234732706447,0.00038488391816318923
0.05580171616583345,-8.999201808894964e-05,0.0002582424851556471,0.0003886193795178292
0.05583802177166678,-8.908456851658154e-05,0.00027279364334318186,0.0003923110993804103
0.055874327377500116,-8.818635026780758e-05,0.000287697840753731,0.00039595754234388324
0.05591063298333345,-8.729728438072521e-05,0.0003029568068490836,0.0003995571463693818
0.055946938589166786,-8.641728608411207e-05,0.00031857197474602193,0.000403108322387745
0.055983244195000115,-8.55462662925944e-05,0.00033454447536560635,0.00040660945421811787
0.05601954980083345,-8.468413310867726e-05,0.0003508751325897626,0.0004100588987673394
0.056055855406666785,-8.383079320876107e-05,0.0003675644593327527,0.00041345498645651354
0.05609216101250012,-8.298615300199834e-05,0.00038461265443852474,0.00041679602180988613
0.05612846661833345,-8.215011947405475e-05,0.0004020196003285542,0.00042008028413714315
0.056164772224166784,-8.13226006601059e-05,0.00041978486134664226,0.000423306028243947
0.05620107783000012,-8.050350572935686e-05,0.00043790768277440485,0.00042647148511650625
0.056237383435833455,-7.9692744703061e-05,0.00045638699052048554,0.00042957486254299336
0.05627368904166678,-7.88902278653077e-05,0.0004752213915142571,0.00043261434565575353
0.05630999464750012,-7.809586495686707e-05,0.0004944091748574969,0.0004355880974010917
0.05634630025333345,-7.730956426390836e-05,0.0005139483138022976,0.00043849425896537187
0.05638260585916678,-7.653123172322022e-05,0.0005338364686281983,0.0004413309502046966
0.05641891146500012,-7.576077016265473e-05,0.0005540709904851264,0.0004440962701383934
0.05645521707083345,-7.499807878021728e-05,0.0005746489262513265,0.0004467882975723837
0.05649152267666679,-7.424305293914608e-05,0.0005955670244282855,0.00044940509191649156
0.056527828282500116,-7.349558432220338e-05,0.0006168217420600458,0.000451944694250001
0.05656413388833345,-7.275556144980671e-05,0.0006384092526253625,0.00045440512867328964
0.056600439494166786,-7.202287052759285e-05,0.0006603254548115291,0.0004567844039619324
0.05663674510000012,-7.129739655360207e-05,0.0006825659820421342,0.0004590805155156223
0.05667305070583345,-7.057902458718429e-05,0.0007051262126010412,0.00046129144757026726
0.056709356311666785,-6.986764106388289e-05,0.0007280012801744028,0.00046341517562036483
0.05674566191750012,-6.91631350347958e-05,0.000751186084623547,0.0004654496689826433
0.056781967523333456,-6.846539921583613e-05,0.000774675302804964,0.00046739289342282315
0.056818273129166784,-6.77743307511809e-05,0.0007984633992690635,0.0004692428137662874
0.05685457873500012,-6.708983162403048e-05,0.0008225446366953263,0.0004709973964206371
0.056890884340833454,-6.641180868358726e-05,0.0008469130859553809,0.00047265461175281613
0.05692718994666679,-6.574017329616715e-05,0.0008715626357340479,0.00047421243628414033
0.05696349555250012,-6.507484066651575e-05,0.0008964870016777161,0.0004756688546909021
0.05699980115833345,-6.441572890873892e-05,0.0009216797350756901,0.0004770218616235584
0.05703610676416679,-6.376275797131163e-05,0.0009471342311098563,0.00047826946338103544
0.05707241237000012,-6.311584853479933e-05,0.0009728437367283231,0.00047940967949576204
0.05710871797583345,-6.247492100275241e-05,0.0009988013582077596,0.0004804405442975278
0.05714502358166679,-6.183989469554245e-05,0.0010250000684663139,0.0004813601085287211
0.05718132918750012,-6.121068733482979e-05,0.0010514327141748286,0.0004821664410794036
0.05721763479333345,-6.0587214875200716e-05,0.0010780920226903593,0.00048285763089843576
0.057253940399166786,-5.996939170254649e-05,0.0011049706088055327,0.0004834317891178252
0.05729024600500012,-5.935713117983475e-05,0.0011320609812735887,0.0004838870514037282
0.05732655161083346,-5.875034648410415e-05,0.0011593555490359104,0.00048422158052175167
0.057362857216666785,-5.814895164762888e-05,0.0011868466270503403,0.00048443356907927593
0.05739916282250012,-5.755286269446103e-05,0.0012145264415980152,0.0004845212423862708
0.057435468428333455,-5.696199875321921e-05,0.0012423871349364895,0.0004844828613609457
0.05747177403416679,-5.637628302911339e-05,0.0012704207691691095,0.0004843167253993174
0.05750807964000012,-5.5795643532542336e-05,0.0012986193292152841,0.0004840211751292944
0.057544385245833454,-5.5220013486660387e-05,0.0013269747247925266,0.0004835945949800723
0.05758069085166679,-5.464933136945963e-05,0.001355478791356751,0.0004830354155154606
0.05761699645750012,-5.4083540583687965e-05,0.0013841232899891736,0.0004823421155032758
0.05765330206333345,-5.352258878638033e-05,0.0014128999062624826,0.0004815132237195801
0.05768960766916679,-5.296642694491168e-05,0.0014418002481615994,0.00048054732051334927
0.057725913275000124,-5.241500821462911e-05,0.001470815843171409,0.00047944303918114175
0.05776221888083345,-5.186828675136141e-05,0.0014999381346718433,0.00047819906721980715
0.05779852448666679,-5.1326216578549145e-05,0.0015291584777971223,0.00047681414753611445
0.05783483009250012,-5.0788750622727626e-05,0.0015584681349194143,0.00047528707969414193
0.05787113569833346,-5.025584001327092e-05,0.0015878582709075518,0.0004736167212740641
0.057907441304166786,-4.972743371453667e-05,0.0016173199482899874,0.0004718019894003492
0.05794374691000012,-4.9203478523743325e-05,0.0016468441224202904,0.00046984186247503196
0.057980052515833456,-4.8683919429697593e-05,0.001676421636706536,0.0004677353821251067
0.05801635812166679,-4.8168700289854e-05,0.0017060432179269176,0.0004654816553451501
0.05805266372750012,-4.765776475005003e-05,0.0017356994716169747,0.000463079856790147
0.058088969333333455,-4.71510573060645e-05,0.0017653808774829379,0.00046052923115209534
0.05812527493916679,-4.664852439150766e-05,0.0017950777847741603,0.00045782909553973436
0.05816158054500012,-4.6150115373979776e-05,0.001824780407537772,0.0004549788417753131
0.058197886150833454,-4.565578335118234e-05,0.0018544788196816649,0.00045197793852636025
0.05823419175666679,-4.516548565970063e-05,0.0018841629497874752,0.0004488259332035361
0.058270497362500125,-4.4679184039291806e-05,0.0019138225756418082,0.0004455224535764329
0.05830680296833345,-4.419684443155867e-05,0.0019434473184888228,0.0004420672090853567
0.05834310857416679,-4.371843643010278e-05,0.0019730266370468377,0.000438459991855777
0.05837941418000012,-4.3243932435646055e-05,0.002002549821371679,0.0004347006774500625
0.05841571978583346,-4.277330660039747e-05,0.0020320059866858198,0.00043078922541520234
0.05845202539166679,-4.2306533667919356e-05,0.0020613840673210323,0.0004267256797027031
0.05848833099750012,-4.184358782563635e-05,0.0020906728109401497,0.000422510169045748
0.05852463660333346,-4.138444168580747e-05,0.002119860773208474,0.00041814290737794034
0.05856094220916679,-4.0929065497400866e-05,0.0021489363130766364,0.0004136241943675476
0.05859724781500012,-4.0477426667278655e-05,0.002177887588814857,0.0004089544161222024
0.058633553420833456,-4.002948963693279e-05,0.002206702554905547,0.00040413404609356983
0.05866985902666679,-3.958521612407206e-05,0.002235368959860086,0.0003991636461823511
0.05870616463250012,-3.9144565700499014e-05,0.0022638743449803524,0.0003940438680144015
0.058742470238333455,-3.870749664287857e-05,0.002292206044040497,0.00038877545433199916
0.05877877584416679,-3.827396696481224e-05,0.002320351183823949,0.00038335924042342124
0.058815081450000126,-3.784393552002173e-05,0.002348296685418555,0.00037779615550134825
0.058851387055833454,-3.7417363059338464e-05,0.002376029266152209,0.00037208722393768296
0.05888769266166679,-3.699421312931842e-05,0.002403535442044159,0.0003662335662695456
0.058923998267500124,-3.657445271710453e-05,0.0024308015306539034,0.0003602363999077473
0.05896030387333346,-3.615805257287689e-05,0.0024578136542293414,0.0003540970395031695
0.05899660947916679,-3.5744987175068e-05,0.002484557743086307,0.00034781689695553944
0.05903291508500012,-3.533523434094255e-05,0.002511019539189501,0.0003413974810798792
0.05906922069083346,-3.4928774522244715e-05,0.0025371845999459727,0.0003348403969749868
0.059105526296666794,-3.452558985853618e-05,0.0025630383022622405,0.00032814734516242966
0.05914183190250012,-3.4125663086160235e-05,0.0025885658469505155,0.00032132012058096513
0.05917813750833346,-3.3728976415843097e-05,0.0026137522635945234,0.000314360611528176
0.05921444311416679,-3.333551049522552e-05,0.0026385824159982567,0.0003072707986375958
0.05925074872000012,-3.2945243563777664e-05,0.0026630410083400766,0.00030005275396603943
0.059287054325833456,-3.255815088752414e-05,0.0026871125921397628,0.0002927086402437137
0.05932335993166679,-3.21742045318933e-05,0.0027107815741186747,0.000285240710311393
0.05935966553750013,-3.1793373495850166e-05,0.0027340322249957724,0.0002776513067376493
0.059395971143333455,-3.1415624192943965e-05,0.0027568486892185127,0.00026994286157831646
0.05943227674916679,-3.1040921228912884e-05,0.00277921499558196,0.000262117896213514
0.059468582355000126,-3.0669228394786144e-05,0.0028011150686464213,0.00025417902117769615
0.05950488796083346,-3.0300509772199572e-05,0.00282253274082789,0.0002461289358876131
0.05954119356666679,-2.9934730836199567e-05,0.0028434517650102603,0.00023797042817302964
0.059577499172500124,-2.9571859441330368e-05,0.0028638558275162207,0.00022970637352562844
0.05961380477833346,-2.9211866589211718e-05,0.002883728561276237,0.00022133973400163506
0.059650110384166795,-2.8854726898810443e-05,0.0029030535590518747,0.00021287355674116357
0.05968641599000012,-2.8500418731781153e-05,0.002921814386599166,0.00020431097209909092
0.05972272159583346,-2.8148923961340583e-05,0.0029399945956968612,0.0001956551914149115
0.059759027201666794,-2.7800227410380798e-05,0.0029575777370091823,0.00018690950447887458
0.05979533280750013,-2.7454316019037444e-05,0.002974547372798576,0.0001780772767754296
0.05983163841333346,-2.7111177830117797e-05,0.0029908870895462396,0.00016916194659992578
0.05986794401916679,-2.6770800899730497e-05,0.0030065805105724966,0.00016016702214892954
0.05990424962500013,-2.6433172248182368e-05,0.0030216113087719334,0.00015109607867789618
0.059940555230833456,-2.609827696192624e-05,0.003035963219587189,0.00014195275580295214
0.05997686083666679,-2.576609754151732e-05,0.0030496200543395032,0.00013274075499806532
0.06001316644250013,-2.5436613564826603e-05,0.0030625657140141305,0.00012346383730771706
0.06004947204833346,-2.5109801701857603e-05,0.0030747842035666302,0.00011412582126180742
0.06008577765416679,-2.4785636080853266e-05,0.0030862596467751083,0.00010473058094766008
0.060122083260000125,-2.446408896878582e-05,0.0030969763016180127,9.528204416723306e-05
0.06015838886583346,-2.4145131696605163e-05,0.0031069185761117735,8.578419058902219e-05
0.060194694471666796,-2.382873573418367e-05,0.0031160710445021873,7.624104979581301e-05
0.060231000077500124,-2.3514873804377554e-05,0.0031244184636722064,6.665669913240034e-05
0.06026730568333346,-2.3203520921630563e-05,0.0031319457896100498,5.703526127140251e-05
0.060303611289166795,-2.2894655248475997e-05,0.0031386381937773167,4.738090143886545e-05
0.06033991689500013,-2.258825868230643e-05,0.003144481079227633,3.7697824271914004e-05
0.06037622250083346,-2.2284317112881827e-05,0.0031494600963512614,2.799027031490547e-05
0.060412528106666794,-2.198282032529667e-05,0.003153561158157605,1.8262512194584308e-05
0.06044883371250013,-2.1683761559948898e-05,0.00315677045505194,8.51885054483523e-06
0.06048513931833346,-2.138713677660812e-05,0.0031590744691105056,-1.2363902255900916e-06
0.06052144492416679,-2.1092943700264394e-05,0.003160459987904383,-1.0998866216116673e-05
0.06055775053000013,-2.0801180748871165e-05,0.0031609141179625984,-2.0764218260406425e-05
0.06059405613583346,-2.0511845955049183e-05,0.0031604242979945234,-3.05280759977902e-05
0.06063036174166679,-2.0224935994059015e-05,0.003158978312007742,-4.028606171307154e-05
0.060666667347500126,-1.9940445418866777e-05,0.0031565643024584708,-5.003379389662861e-05
0.06070297295333346,-1.9658366181130947e-05,0.0031531707835571543,-5.9766890510758026e-05
0.0607392785591668,-1.9378687486731107e-05,0.003148786654823464,-6.948097198353595e-05
0.060775584165000125,-1.910139599919893e-05,0.003143401214945466,-7.91716639841728e-05
0.06081188977083346,-1.8826476367776374e-05,0.003137004175951225,-8.883460006023704e-05
0.060848195376666796,-1.855391202263415e-05,0.003129585677652313,-9.846542423423319e-05
0.06088450098250013,-1.8283686151593603e-05,0.0031211363022726423,-0.00010805979366287257
0.06092080658833346,-1.801578275343706e-05,0.003111647089137453,-0.00011761338145625474
0.060957112194166795,-1.7750187654560786e-05,0.003101109549270179,-0.00012712187973669745
0.06099341780000013,-1.748688937917597e-05,0.003089515679732096,-0.00013658100299000157
0.06102972340583346,-1.7225879778123645e-05,0.0030768579775424716,-0.00014598649172847152
0.06106602901166679,-1.6967154346078048e-05,0.003063129453035163,-0.00015533411644873295
0.06110233461750013,-1.6710712188884494e-05,0.0030483236425393307,-0.00016461968183233472
0.061138640223333464,-1.6456555638674722e-05,0.003032434620313971,-0.0001738390311072121
0.06117494582916679,-1.620468955048175e-05,0.0030154570097139333,-0.0001829880504666958
0.06121125143500013,-1.5955120346580902e-05,0.0029973859936140343,-0.00019206267343231258
0.06124755704083346,-1.5707854900333996e-05,0.0029782173241627284,-0.00020105888504836782
0.0612838626466668,-1.5462899367258708e-05,0.002957947331972872,-0.00020997272581010486
0.061320168252500126,-1.5220258075738089e-05,0.0029365729348806375,-0.00021880029525162955
0.06135647385833346,-1.4979932582753722e-05,0.0029140916464120794,-0.00022753775515211216
0.0613927794641668,-1.4741920982019672e-05,0.0028905015840893326,-0.00023618133235547443
0.06142908507000013,-1.4506217524805825e-05,0.0028658014776855667,-0.00024472732123577255
0.06146539067583346,-1.4272812580404939e-05,0.0028399906775019995,-0.00025317208587367804
0.061501696281666796,-1.4041692927101623e-05,0.002813069162695096,-0.00026151206203512176
0.06153800188750013,-1.3812842329411546e-05,0.002785037549632201,-0.00026974375905840936
0.061574307493333466,-1.3586242326933952e-05,0.0027558971002044188,-0.00027786376175919234
0.061610613099166794,-1.336187313756877e-05,0.0027256497299817024,-0.00028586873245319087
0.06164691870500013,-1.3139714565440267e-05,0.0026942980160613904,-0.0002937554131755202
0.061683224310833465,-1.2919746802928005e-05,0.002661845204441419,-0.00030152062814516674
0.06171952991666679,-1.2701951026822693e-05,0.002628295216745253,-0.00030916128648694177
0.06175583552250013,-1.248630970968521e-05,0.0025936526561377736,-0.00031667438518513246
0.061792141128333464,-1.2272806596791212e-05,0.0025579228122987476,-0.00032405701220732396
0.0618284467341668,-1.2061426333534978e-05,0.0025211116653603644,-0.0003313063497074992
0.06186475234000013,-1.1852153764251754e-05,0.0024832258887636217,-0.00033841967719785537
0.06190105794583346,-1.1644972957343384e-05,0.0024442728510401645,-0.00034539437457106504
0.0619373635516668,-1.1439866039832885e-05,0.0024042606165762333,-0.0003522279248598922
0.06197366915750013,-1.1236811944101692e-05,0.0023631979454585457,-0.00035891791663865077
0.06200997476333346,-1.1035785178551136e-05,0.0023210942925337903,-0.00036546204599908105
0.0620462803691668,-1.0836754731360985e-05,0.002277959805830688,-0.00037185811806875673
0.06208258597500013,-1.063968320268097e-05,0.002233805324494524,-0.0003781040480792062
0.06211889158083347,-1.0444526236948078e-05,0.0021886423763685663,-0.0003841978620292187
0.062155197186666795,-1.0251232296054405e-05,0.0021424831753265577,-0.000390137697022046
0.06219150279250013,-1.0059742779039127e-05,0.002095340618418569,-0.0003959218013796885
0.062227808398333466,-9.869992458506009e-06,0.0020472282828434304,-0.0004015485346504167
0.062264114004166794,-9.681910171776906e-06,0.001998160422709763,-0.00040701636762563616
0.06230041961000013,-9.495419679236828e-06,0.001948151965499786,-0.00041232388246911073
0.062336725215833465,-9.310440586067049e-06,0.0018972185081105738,-0.00041746977303683437
0.0623730308216668,-9.126889218286859e-06,0.001845376312320563,-0.0004224528454321921
0.06240933642750013,-8.9446793502728e-06,0.0017926422995177356,-0.00042727201880220645
0.062445642033333464,-8.763722698035812e-06,0.0017390340445314098,-0.0004319263263409436
0.0624819476391668,-8.583929118719391e-06,0.0016845697684315197,-0.00043641491642999476
0.06251825324500013,-8.405206489300037e-06,0.0016292683301955587,-0.00044073705381741447
0.06255455885083347,-8.22746027293184e-06,0.0015731492171903944,-0.00044489212071882074
0.0625908644566668,-8.050592816083666e-06,0.0015162325344692054,-0.0004488796177195808
0.06262717006250013,-7.874502449956085e-06,0.0014585389929374754,-0.000452699164365727
0.06266347566833347,-7.699082492479976e-06,0.0014000898964908555,-0.00045635049935257975
0.0626997812741668,-7.524220260120763e-06,0.0013409071282667968,-0.000459833480251691
0.06273608688000012,-7.349796200404406e-06,0.001281013136177193,-0.0004631480827552046
0.06277239248583347,-7.175683246377332e-06,0.0012204309178982737,-0.00046629439945781043
0.0628086980916668,-7.001746474131995e-06,0.0011591840054857954,-0.00046927263823560284
0.06284500369750014,-6.827843116170908e-06,0.0010972964497590507,-0.00047208312031397573
0.06288130930333347,-6.65382294970166e-06,0.0010347928045589781,-0.00047472627813953324
0.0629176149091668,-6.479529043459816e-06,0.000971698110937688,-0.0004772026531812784
0.06295392051500014,-6.304798813035655e-06,0.0009080378812840889,-0.00047951289378287765
0.06299022612083346,-6.129465306423259e-06,0.0008438380833385058,-0.0004816577531709196
0.06302653172666679,-5.9533586215411255e-06,0.0007791251240037112,-0.0004836380876956236
0.06306283733250014,-5.776307347848678e-06,0.000713925832825452,-0.000485454855343536
0.06309914293833346,-5.5981399258776935e-06,0.000648267444996022,-0.00048710911452046755
0.0631354485441668,-5.4186858313052565e-06,0.0005821775837318771,-0.0004886020230618637
0.06317175415000013,-5.237776512749869e-06,0.0005156842418910831,-0.0004899348373915437
0.06320805975583346,-5.055246042394583e-06,0.00044881576272715745,-0.0004911089117223715
0.0632443653616668,-4.870931472684122e-06,0.0003816008197195166,-0.0004921256971770224
0.06328067096750013,-4.68467292712371e-06,0.000314068395472879,-0.0004929867407053723
0.06331697657333346,-4.496313484978954e-06,0.0002462477597332726,-0.0004936936836874081
0.0633532821791668,-4.3056989451089115e-06,0.00017816844662110157,-0.0004942482601356366
0.06338958778500013,-4.112677570591603e-06,0.00010986023122661114,-0.0004946522944460284
0.06342589339083346,-3.917099921496611e-06,4.135310574543597e-05,-0.0004949076986877236
0.0634621989966668,-3.7188188775157914e-06,-2.732274465162311e-05,-0.0004950164694644958
0.06349850460250013,-3.5176899357545202e-06,-9.613696602157739e-05,-0.0004949806844205766
0.06353481020833347,-3.3135718435064668e-06,-0.000165059059750579,-0.0004948024984954733
0.0635711158141668,-3.1063275939208864e-06,-0.00023405840641337375,-0.0004944841400532743
0.06360742142000013,-2.895825777426135e-06,-0.00030310428929686235,-0.0004940279070192715
0.06364372702583347,-2.6819422472216136e-06,-0.00037216591754721034,-0.0004934361631496734
0.0636800326316668,-2.4645620266619933e-06,-0.0004412124489550972,-0.0004927113345394682
0.06371633823750013,-2.243581363074248e-06,-0.0005102130124448016,-0.0004918559064413772
0.06375264384333347,-2.018909818857616e-06,-0.0005791367303745518,-0.0004908724204288612
0.0637889494491668,-1.7904722880053608e-06,-0.0006479527407835517,-0.0004897634718927208
0.06382525505500014,-1.5582108346967006e-06,-0.0007166302197323795,-0.0004885317078188003
0.06386156066083347,-1.3220862694108051e-06,-0.000785138403876807,-0.00048717982475835527
0.0638978662666668,-1.0820794051155835e-06,-0.0008534466133911537,-0.00048571056687681354
0.06393417187250014,-8.381919686246213e-07,-0.0009215242753184941,-0.00048412672395386835
0.06397047747833347,-5.904471767769567e-07,-0.0009893409473753694,-0.00048243112920958554
0.0640067830841668,-3.3889002005253294e-07,-0.001056866342183254,-0.0004806266568473516
0.06404308869000014,-8.358732414053786e-08,-0.0011240703518436287,-0.0004787162192333115
0.06407939429583347,1.7537232008949053e-07,-0.0011909230727238866,-0.0004767027636702979
0.0641156999016668,4.378786578846486e-07,-0.0012573948302826378,-0.00047458926876791383
0.06415200550750014,7.037998040482136e-07,-0.0013234562037393418,-0.00047237874045457485
0.06418831111333347,9.729821215537517e-07,-0.001389078050387116,-0.00047007420771703906
0.06422461671916681,1.2452498802044825e-06,-0.0014542315293597549,-0.0004676787181838252
0.06426092232500014,1.5204046594456714e-06,-0.0015188881246932684,-0.0004651953336874791
0.06429722793083346,1.7982244930193054e-06,-0.001583019667565669,-0.00046262712594478483
0.0643335335366668,2.0784627875698913e-06,-0.001646598357651862,-0.00045997717248322066
0.06436983914250013,2.360847078974924e-06,-0.0017095967835879119,-0.0004572485529173742
0.06440614474833346,2.645077715777967e-06,-0.0017719879425947354,-0.000454444345643344
0.0644424503541668,2.9308265759723463e-06,-0.0018337452593597129,-0.000451567624976288
0.06447875596000013,3.217735929754289e-06,-0.0018948426043107714,-0.0004486214587109815
0.06451506156583346,3.5054175560627788e-06,-0.0019552543114375108,-0.0004456089060425425
0.0645513671716668,3.793452205236876e-06,-0.002014955195815815,-0.0004425330157491321
0.06458767277750013,4.0813894755455575e-06,-0.0020739205709759717,-0.00043939682451439924
0.06462397838333347,4.3687481402167895e-06,-0.002132126266221309,-0.00043620335525742994
0.0646602839891668,4.655016927123646e-06,-0.002189548643958235,-0.0004329556153431388
0.06469658959500013,4.939655719027943e-06,-0.0022461646170441204,-0.00042965659456589066
0.06473289520083347,5.2220971117580595e-06,-0.0023019516661024514,-0.0004263092628314973
0.0647692008066668,5.5017482440323e-06,-0.0023568878567010454,-0.0004229165675040465
0.06480550641250013,5.777992798235471e-06,-0.002410951856244544,-0.0004194814304297175
0.06484181201833347,6.050193067746208e-06,-0.0024641229504016216,-0.0004160067446947421
0.0648781176241668,6.317691993709037e-06,-0.0025163810588736462,-0.0004124953712139686
0.06491442323000014,6.5798150916110325e-06,-0.00256770675031651,-0.0004089501352756704
0.06495072883583347,6.8358722137600765e-06,-0.0026180812562505607,-0.0004053738231840108
0.0649870344416668,7.085159125009865e-06,-0.0026674864838327848,-0.000401769179141117
0.06502334004750014,7.326958902502703e-06,-0.0027159050274166525,-0.00039813890249588117
0.06505964565333347,7.56054320224666e-06,-0.002763320178883103,-0.0003944856454579764
0.0650959512591668,7.785173462597096e-06,-0.002809715936785146,-0.0003908120113362438
0.06513225686500014,8.000102134264211e-06,-0.002855077014402402,-0.00038712055331489197
0.06516856247083347,8.204574036213332e-06,-0.0028993888468450925,-0.00038341377373386754
0.0652048680766668,8.397827935681906e-06,-0.00294263759737511,-0.00037969412379651116
0.06524117368250014,8.579098438560946e-06,-0.0029848101631219574,-0.00037596400359298795
0.06527747928833347,8.747618254762069e-06,-0.003025894180362536,-0.0003722257623058184
0.06531378489416681,8.902620874102368e-06,-0.0030658780295069526,-0.0003684816984566083
0.06535009050000014,9.043343654652268e-06,-0.00310475083989052,-0.00036473406006159987
0.06538639610583347,9.169031290837351e-06,-0.0031425024944193533,-0.0003609850445870095
0.06542270171166681,9.278939596404758e-06,-0.0031791236340589835,-0.0003572367986306974
0.06545900731750014,9.37233951093967e-06,-0.0032146056620982718,-0.00035349141730057847
0.06549531292333347,9.448521220629704e-06,-0.00324894074807069,-0.00034975094330744265
0.06553161852916681,9.506798276228435e-06,-0.0032821218311770025,-0.000346017365835222
0.06556792413500014,9.546511594403103e-06,-0.003314142623031628,-0.00034229261929012787
0.06560422974083348,9.567033242465638e-06,-0.003344997609551869,-0.0003385785820571487
0.0656405353466668,9.567769929384e-06,-0.003374682051825172,-0.000334877075405051
0.06567684095250013,9.54816615551763e-06,-0.0034031919858231257,-0.00033118986267775916
0.06571314655833348,9.507707006598219e-06,-0.0034305242208786347,-0.0003275186488910618
0.0657494521641668,9.445920610609582e-06,-0.0034566763368997487,-0.0003238650808210006
0.06578575777000013,9.362380305938286e-06,-0.0034816466803541672,-0.0003202307476275645
0.06582206337583348,9.256706592366886e-06,-0.0035054343591162667,-0.0003166171820090985
0.0658583689816668,9.128568950752333e-06,-0.00352803923631763,-0.0003130258618344284
0.06589467458750013,8.97768762110172e-06,-0.003549461923377477,-0.00030945821215642234
0.06593098019333347,8.80383542184859e-06,-0.003569703772407418,-0.0003059156074773384
0.0659672857991668,8.606839676199379e-06,-0.0035887668681837534,-0.0003023993741165287
0.06600359140500014,8.386584286266905e-06,-0.00360665401986025,-0.00029891079252708643
0.06603989701083347,8.143011965004862e-06,-0.003623368752557067,-0.0002954510994202846
0.0660762026166668,7.876126602955842e-06,-0.0036389152989111883,-0.00029202148958380953
0.06611250822250014,7.585995715022066e-06,-0.003653298590615582,-0.00028862311731884746
0.06614881382833347,7.272752885238393e-06,-0.0036665242499144524,-0.0002852570974676939
0.0661851194341668,6.936600107775337e-06,-0.003678598580966626,-0.00028192450605255627
0.06622142504000014,6.577809912255248e-06,-0.0036895285609441675,-0.0002786263805921419
0.06625773064583347,6.196727162061893e-06,-0.0036993218307034507,-0.00027536372020034157
0.0662940362516668,5.793770425683891e-06,-0.0037079866848543433,-0.0002721374855966017
0.06633034185750014,5.369432842163517e-06,-0.0037155320610611693,-0.00026894859916756406
0.06636664746333347,4.924282430332482e-06,-0.0037219675284359314,-0.0002657979452130747
0.06640295306916681,4.458961824832893e-06,-0.003727303274927217,-0.0002626863704873872
0.06643925867500014,3.974187456591071e-06,-0.0037315500936628766,-0.00025961468511072897
0.06647556428083347,3.470748227948487e-06,-0.0037347193682653198,-0.00025658366388128757
0.06651186988666681,2.94950375980291e-06,-0.0037368230572188566,-0.00025359404796808604
0.06654817549250014,2.4113823071875803e-06,-0.00373787367742266,-0.0002506465469166685
0.06658448109833347,1.8573784488777442e-06,-0.0037378842871050068,-0.0002477418408574084
0.06662078670416681,1.288550655059765e-06,-0.0037368684683001096,-0.0002448805827753106
0.06665709231000014,7.060188251444065e-07,-0.003734840309095413,-0.0002420634006839031
0.06669339791583348,1.1096186685192282e-07,-0.0037318143858439774,-0.00023929089954609158
0.06672970352166681,-4.953846399230859e-07,-0.0037278057455049016,-0.0002365636628017511
0.06676600912750014,-1.111730682219868e-06,-0.0037228298882279053,-0.00023388225339357607
0.06680231473333348,-1.7367339753495073e-06,-0.0037169027502410783,-0.00023124721422588702
0.06683862033916681,-2.369002094050652e-06,-0.003710040687039342,-0.00022865906804100648
0.06687492594500014,-3.0070946431323223e-06,-0.003702260456811766,-0.00022611831674902122
0.06691123155083348,-3.6495255506875304e-06,-0.003693579203994744,-0.00022362544029364272
0.0669475371566668,-4.294765570203393e-06,-0.0036840144428005096,-0.0002211808951743277
0.06698384276250013,-4.941245070525942e-06,-0.0036735840405505093,-0.00021878511276872986
0.06702014836833348,-5.5873571753374396e-06,-0.0036623062006428666,-0.00021643849760731934
0.0670564539741668,-6.231461288289848e-06,-0.0036501994450026574,-0.0002141414257428118
0.06709275958000015,-6.871887008792291e-06,-0.003637282595900981,-0.00021189424333196164
0.06712906518583348,-7.506938409849024e-06,-0.0036235747570800203,-0.0002096972655091275
0.0671653707916668,-8.134898616726503e-06,-0.0036090952941811487,-0.00020755077558410543
0.06720167639750015,-8.754034596937827e-06,-0.0035938638145354323,-0.00020545502454632637
0.06723798200333347,-9.362602050971744e-06,-0.003577900146434153,-0.00020341023080931096
0.0672742876091668,-9.958850281519315e-06,-0.0035612243180451267,-0.0002014165800887217
0.06731059321500014,-1.0541026917854982e-05,-0.003543856536173614,-0.00019947422527907257
0.06734689882083347,-1.1107382381611057e-05,-0.003525817165081045,-0.00019758328618142354
0.06738320442666682,-1.1656173999447839e-05,-0.0035071267055690474,-0.0001957438489387614
0.06741951003250014,-1.2185669695074518e-05,-0.0034878057745109693,-0.00019395596505691215
0.06745581563833347,-1.269415122494326e-05,-0.003467875084970772,-0.0001922196499245489
0.06749212124416681,-1.3179916955449972e-05,-0.003447355426994252,-0.00019053488079232903
0.06752842685000014,-1.3641284211206594e-05,-0.0034262676490956646,-0.00018890159422338895
0.06756473245583347,-1.4076591250680767e-05,-0.003404632640400434,-0.00018731968307966277
0.06760103806166681,-1.4484198944546694e-05,-0.0033824713133481905,-0.00018578899315506976
0.06763734366750014,-1.4862492241589956e-05,-0.0033598045868157623,-0.00018430931960243147
0.06767364927333347,-1.520988150610202e-05,-0.0033366533694916232,-0.00018288040332211072
0.06770995487916681,-1.552480379962718e-05,-0.0033130385433245754,-0.0001815019274844909
0.06774626048500014,-1.580572415999537e-05,-0.0032889809468810657,-0.00018017351434509082
0.06778256609083348,-1.6051136904029762e-05,-0.0032645013584763007,-0.00017889472248181295
0.06781887169666681,-1.6259566950095054e-05,-0.0032396204789910195,-0.00017766504454179625
0.06785517730250014,-1.642957112607629e-05,-0.003214358914343578,-0.00017648390553523567
0.06789148290833348,-1.655973940081377e-05,-0.0031887371576498295,-0.00017535066166089148
0.06792778851416681,-1.6648695955521793e-05,-0.003162775571164622,-0.0001742645995986717
0.06796409412000014,-1.6695099998710835e-05,-0.003136494368152118,-0.0001732249361641031
0.06800039972583348,-1.669764622515519e-05,-0.0031099135948719978,-0.00017223081819221057
0.06803670533166681,-1.665506482699729e-05,-0.0030830531128907116,-0.00017128132250733422
0.06807301093750014,-1.6566120982557045e-05,-0.003055932581928911,-0.00017037545584194815
0.06810931654333348,-1.642961377418679e-05,-0.0030285714434377755,-0.00016951215459087802
0.0681456221491668,-1.6244374518083876e-05,-0.0030009889050599714,-0.000168690284324843
0.06818192775500015,-1.600926452324365e-05,-0.002973203926079197,-0.0001679086390347801
0.06821823336083348,-1.572317233032423e-05,-0.002945235203901063,-0.00016716594013062284
0.0682545389666668,-1.5385010510788924e-05,-0.002917101161543664,-0.00016646083526923895
0.06829084457250015,-1.4993712129393991e-05,-0.0028888199360553282,-0.00016579189713032284
0.06832715017833348,-1.454822698671279e-05,-0.0028604093677259503,-0.00016515762229117592
0.0683634557841668,-1.4047517761685784e-05,-0.0028318869899222913,-0.00016455643036777834
0.06839976139000015,-1.3490556166978777e-05,-0.0028032700193604218,-0.00016398666358836253
0.06843606699583347,-1.2876319213121397e-05,-0.0027745753466318045,-0.00016344658694679017
0.06847237260166682,-1.2203785652872737e-05,-0.0027458195268230245,-0.00016293438904830716
0.06850867820750015,-1.1471932647696964e-05,-0.0027170187701103703,-0.00016244818371335558
0.06854498381333347,-1.0679732666811387e-05,-0.0026881889322650323,-0.00016198601235105183
0.06858128941916682,-9.826150599349174e-06,-0.0026593455050668733,-0.00016154584705849607
0.06861759502500014,-8.910141034938427e-06,-0.0026305036066880043,-0.00016112559435121514
0.06865390063083347,-7.930645650109777e-06,-0.0026016779721651177,-0.0001607230993892217
0.06869020623666681,-6.88659062929088e-06,-0.0025728829441255697,-0.00016033615053675512
0.06872651184250014,-5.776884050630358e-06,-0.0025441324639617065,-0.00015996248408452833
0.06876281744833347,-4.6004131783428995e-06,-0.0025154400636576927,-0.00015959978897211912
0.06879912305416681,-3.3560416234518764e-06,-0.002486818858462029,-0.00015924571137389647
0.06883542866000014,-2.0426063615697498e-06,-0.0024582815405680657,-0.00015889785905157312
0.06887173426583348,-6.589146268420709e-07,-0.002429840373917254,-0.00015855380542558592
0.06890803987166681,7.962592678717618e-07,-0.002401507190180472,-0.00015821109337044252
0.06894434547750014,2.324177106420588e-06,-0.002373293385907628,-0.00015786723878992147
0.06898065108333348,3.926139840036107e-06,-0.002345209920771555,-0.0001575197340707985
0.06901695668916681,5.6034904390530644e-06,-0.0023172673167755936,-0.0001571660515436907
0.06905326229500014,7.357616407525372e-06,-0.0022894756582510604,-0.00015680364709318796
0.06908956790083348,9.18995184912095e-06,-0.0022618445924454016,-0.00015642996405501076
0.06912587350666681,1.110197898916871e-05,-0.0022343833304969015,-0.00015604243751582848
0.06916217911250014,1.3095229082639083e-05,-0.0022071006486077465,-0.00015563849909389728
0.06919848471833348,1.5171282668760587e-05,-0.002180004889262361,-0.0001552155822298543
0.06923479032416681,1.7331769166891312e-05,-0.00215310396238851,-0.0001547711279621355
0.06927109593000015,1.9578365841858592e-05,-0.002126405346419367,-0.00015430259110656443
0.06930740153583348,2.191279619697976e-05,-0.0020999160892791816,-0.00015380744671072153
0.06934370714166681,2.4336827876493164e-05,-0.002073642809376572,-0.00015328319661614298
0.06938001274750015,2.685227017395546e-05,-0.00204759169674132,-0.00015272737593938814
0.06941631835333348,2.9460971248003073e-05,-0.002021768514477369,-0.0001521375592790274
0.0694526239591668,3.216481514147919e-05,-0.0019961786007225914,-0.00015151136647014463
0.06948892956500015,3.496571868510509e-05,-0.0019708268713028573,-0.00015084646773949674
0.06952523517083348,3.7865628344416846e-05,-0.001945717823244171,-0.00015014058815963766
0.06956154077666682,4.0866517041175e-05,-0.0019208555392646069,-0.00014939151135421135
0.06959784638250015,4.397038095098283e-05,-0.0018962436933116882,-0.00014859708246340998
0.06963415198833348,4.71792362507083e-05,-0.0018718855571465325,-0.00014775521043212348
0.06967045759416682,5.049511576563373e-05,-0.0018477840079101449,-0.00014686386972778925
0.06970676320000015,5.3920065449713905e-05,-0.0018239415365464975,-0.0001459211016256023
0.06974306880583347,5.745614062480802e-05,-0.0018003602569077722,-0.00014492501521232154
0.06977937441166682,6.110540190720801e-05,-0.0017770419153344634,-0.00014387378825505764
0.06981568001750015,6.486991076210459e-05,-0.001753987900490315,-0.00014276566805885074
0.06985198562333347,6.875172464765948e-05,-0.0017311992532405974,-0.00014159897239921437
0.06988829122916682,7.275289173801179e-05,-0.001708676676391125,-0.0001403720905674908
0.06992459683500014,7.687544524605439e-05,-0.0016864205441516167,-0.00013908348451338614
0.06996090244083349,8.112139739897574e-05,-0.0016644309112457036,-0.00013773169001657357
0.06999720804666681,8.549273314908849e-05,-0.0016427075216549306,-0.00013631531777382404
0.07003351365250014,8.999140372633695e-05,-0.0016212498170486787,-0.00013483305425503246
0.07006981925833349,9.461932015463671e-05,-0.001600056945009305,-0.0001332836621646962
0.07010612486416681,9.937834686022828e-05,-0.0015791277672059254,-0.00013166598034702138
0.07014243047000014,0.00010427029549589153,-0.0015584608676965284,-0.00012997892299300084
0.07017873607583348,0.00010929691909059977,-0.0015380545615437358,-0.00012822147804459312
0.07021504168166681,0.00011445990661143452,-0.0015179069039138857,-0.00012639270474076392
0.07025134728750015,0.00011976087799564122,-0.0014980156997938191,-0.00012449173030742351
0.07028765289333348,0.000125201379678511,-0.0014783785144084612,-0.00012251774585214377
0.07032395849916681,0.00013078288061056865,-0.001458992684360321,-0.00012047000157871127
0.07036026410500015,0.0001365067687285564,-0.0014398553294458702,-0.00011834780148030733
0.07039656971083348,0.000142374347821799,-0.0014209633650402885,-0.00011615049769877369
0.07043287531666681,0.00014838683472092736,-0.0014023135148879227,-0.00011387748474804048
0.07046918092250015,0.0001545453567309673,-0.001383902324096685,-0.00011152819379134791
0.07050548652833348,0.00016085094923577612,-0.0013657261721146028,-0.0001091020871354639
0.07054179213416681,0.00016730455341500396,-0.0013477812854679882,-0.00010659865306373221
0.07057809774000015,0.0001739070140364635,-0.0013300637500631173,-0.00010401740107816415
0.07061440334583348,0.00018065907731351955,-0.0013125695228946182,-0.00010135785756471383
0.07065070895166682,0.00018756138884584074,-0.0012952944430597068,-9.861956184163725e-05
0.07068701455750015,0.00019461449168935597,-0.0012782342420421952,-9.580206250449565e-05
0.07072332016333348,0.0002018188246244282,-0.0012613845532971199,-9.290491394811054e-05
0.07075962576916682,0.0002091747207074477,-0.0012447409212289608,-8.992767292933138e-05
0.07079593137500015,0.00021668240619833522,-0.0012282988097073095,-8.686989503669012e-05
0.07083223698083348,0.00022434199995384287,-0.0012120536102982276,-8.373113095365535e-05
0.07086854258666682,0.00023215351336409562,-0.0011960006504038595,-8.051092243897354e-05
0.07090484819250015,0.00024011685088859866,-0.0011801352014956781,-7.720879799639536e-05
0.07094115379833348,0.00024823181121994535,-0.0011644524875988297,-7.382426826147237e-05
0.07097745940416682,0.000256498089071398,-0.0011489476941393593,-7.035682118885706e-05
0.07101376501000015,0.0002649152775515176,-0.0011336159772074605,-6.68059171733583e-05
0.07105007061583349,0.0002734828710583264,-0.0011184524732244638,-6.317098427622858e-05
0.07108637622166682,0.00028220026860011207,-0.0011034523089359523,-5.945141375037321e-05
0.07112268182750014,0.0002910667774323821,-0.0010886106115950527,-5.5646556061700295e-05
0.07115898743333349,0.0003000816168923266,-0.00107392251915475,-5.175571758803601e-05
0.07119529303916682,0.00030924392231413593,-0.0010593831902608302,-4.777815814339348e-05
0.07123159864500014,0.0003185527489203085,-0.0010449878138306683,-4.371308942733694e-05
0.07126790425083349,0.0003280070756043216,-0.0010307316180183331,-3.9559674441741474e-05
0.07130420985666681,0.00033760580854651933,-0.0010166098784018546,-3.531702785645776e-05
0.07134051546250016,0.0003473477846349613,-0.0010026179252803909,-3.098421724766511e-05
0.07137682106833348,0.0003572317746930987,-0.0009887511500321256,-2.6560265084108787e-05
0.07141312667416681,0.0003672564865433359,-0.0009750050105515014,-2.204415130203928e-05
0.07144943228000016,0.0003774205679569484,-0.0009613750358498633,-1.7434816293003748e-05
0.07148573788583348,0.0003877226095542455,-0.0009478568299599842,-1.2731164131235933e-05
0.07152204349166681,0.00039816114772292304,-0.00093444607532645,-7.932065888677364e-06
0.07155834909750015,0.0004087346676168785,-0.0009211385358862196,-3.0363629230068835e-06
0.07159465470333348,0.0004194416062830231,-0.0009079300600445729,1.9571299269468615e-06
0.07163096030916681,0.0004302803559414404,-0.0008948165837310746,7.049621249074206e-06
0.07166726591500015,0.00044124926741703025,-0.0008817941336803156,1.2242340025220666e-05
0.07170357152083348,0.000452346653691482,-0.0008688588310272542,1.753653256598453e-05
0.07173987712666682,0.00046357079351622865,-0.0008560068952427675,2.293345928562468e-05
0.07177618273250015,0.00047491993500301005,-0.0008432346483682802,2.8434391170432914e-05
0.07181248833833348,0.0004863922990914687,-0.0008305385194461076,3.404060579355963e-05
0.07184879394416682,0.0004979860827847661,-0.0008179150489909769,3.975338274803277e-05
0.07188509955000015,0.0005096994620455717,-0.0008053608933134899,4.557399840573794e-05
0.07192140515583348,0.0005215305942559747,-0.0007928728284917454,5.1503719959664455e-05
0.07195771076166682,0.000533477620164905,-0.0007804477537945365,5.7543798764484e-05
0.07199401636750015,0.000545538665273622,-0.0007680826943877921,6.369546305029481e-05
0.07203032197333348,0.0005577118406411139,-0.0007557748032023476,6.995991013966157e-05
0.07206662757916682,0.0005699952431237816,-0.0007435213619009305,7.633829834289665e-05
0.07210293318500015,0.0005823869550943765,-0.0007313197809492234,8.283173873597239e-05
0.07213923879083349,0.000594885043710823,-0.0007191675988630905,8.944128703629858e-05
0.07217554439666682,0.0006074875598238316,-0.0007070624807645251,9.61679357826401e-05
0.07221185000250015,0.0006201925366213799,-0.0006950022164263255,0.00010301260699763417
0.07224815560833349,0.0006329979881074693,-0.0006829847180149928,0.00010997614546769978
0.07228446121416682,0.0006459019075023053,-0.0006710080177498176,0.00011705931272034074
0.07232076682000015,0.000658902265632471,-0.0006590702656827003,0.00012426278171886478
0.07235707242583349,0.0006719970093548655,-0.0006471697277693503,0.00013158713223586162
0.07239337803166682,0.0006851840600299317,-0.0006353047843516797,0.00013903284681573364
0.07242968363750016,0.0006984613120310764,-0.0006234739291087606,0.00014660030719862617
0.07246598924333349,0.0007118266312513274,-0.000611675768466177,0.000154289791057274
0.07250229484916682,0.0007252778535479865,-0.0005999090213880426,0.00016210146889667902
0.07253860045500016,0.0007388127830535466,-0.000588172519419217,0.00017003540098413657
0.07257490606083349,0.0007524291902778411,-0.0005764652068032812,0.00017809153421177935
0.07261121166666681,0.0007661248099327002,-0.0005647861404790168,0.00018626969884145573
0.07264751727250016,0.0007798973384257159,-0.0005531344897568661,0.00019456960513690037
0.07268382287833348,0.0007937444309925096,-0.000541509535497271,0.00020299083994444742
0.07272012848416681,0.000807663698464821,-0.0005299106686527809,0.00021153286333449147
0.07275643409000015,0.0008216527037019167,-0.0005183373880911927,0.00022019500545560647
0.07279273969583348,0.0008357089577421055,-0.0005067892976819746,0.00022897646377700474
0.07282904530166683,0.0008498299157565264,-0.0004952661026960198,0.00023787630089992023
0.07286535090750015,0.0008640129729061688,-0.00048376760563229455,0.0002468934431036703
0.07290165651333348,0.0008782554602133404,-0.0004722937016375295,0.0002560266797589017
0.07293796211916682,0.0008925546405594137,-0.0004608443737212475,0.0002652746636922068
0.07297426772500015,0.0009069077049115613,-0.0004494196879843125,0.00027463591252791767
0.07301057333083348,0.0009213117688632369,-0.00043801978907314395,0.0002841088109705865
0.07304687893666682,0.0009357638695481844,-0.0004266448960443641,0.00029369161393202274
0.07308318454250015,0.0009502609629582936,-0.0004152952987787545,0.0003033824503560856
0.0731194901483335,0.0009647999216646639,-0.00040397135502376146,0.00031317932755806516
0.07315579575416682,0.0009793775329119008,-0.00039267348807659624,0.000323080135877208
0.07319210136000015,0.0009939904970309324,-0.000381402185052219,0.00033308265344256325
0.07322840696583349,0.001008635426097935,-0.0003701579956192212,0.0003431845508734827
0.07326471257166682,0.0010233088427580425,-0.00035894153103820277,0.0003533833957743058
0.07330101817750015,0.0010380071791331671,-0.000347753463306713,0.0003636766569336509
0.07333732378333349,0.0010527267757433033,-0.00033659452420534955,0.0003740617081965763
0.07337362938916682,0.0010674638803889209,-0.00032546550405215645,0.0003845358320361966
0.07340993499500015,0.0010822146469664745,-0.0003143672500056964,0.00039509622290361446
0.07344624060083349,0.001096975134216965,-0.0003033006638075965,0.00040573999047543015
0.07348254620666682,0.0011117413044358763,-0.0002922666989176908,0.0004164641629421052
0.07351885181250016,0.001126509022198589,-0.00028126635706256583,0.00042726569048540005
0.07355515741833349,0.0011412740531757518,-0.0002703006842842601,0.00043814144907841326
0.07359146302416682,0.0011560320631258344,-0.0002593707666331534,0.0004490882447090385
0.07362776863000016,0.0011707786171557774,-0.0002484777256916877,0.00046010281808055224
0.07366407423583349,0.001185509179334813,-0.00023762271413900753,0.0004711818497867822
0.07370037984166682,0.0012002191127316758,-0.00022680691156840217,0.0004823219659001528
0.07373668544750016,0.001214903679923027,-0.00021603152074935945,0.0004935197438554665
0.07377299105333349,0.0012295580439932385,-0.00020529776448615768,0.0005047717184667881
0.07380929665916681,0.0012441772700155203,-0.0001946068831693666,0.0005160743878844026
0.07384560226500016,0.0012587563269748304,-0.00018396013305117017,0.000527424219287029
0.07388190787083349,0.0012732900900670563,-0.00017335878520687554,0.0005388176541127802
0.07391821347666683,0.0012877733432892788,-0.00016280412508046916,0.000550251112660041
0.07395451908250016,0.0013022007822244988,-0.0001522974524583388,0.0005617209979336692
0.07399082468833348,0.0013165670169221644,-0.00014184008167789422,0.0005732236986680574
0.07402713029416683,0.0013308665747833637,-0.00013143334186067621,0.0005847555915206763
0.07406343590000015,0.0013450939033758087,-0.00012107857696442049,0.0005963130424911646
0.07409974150583348,0.0013592433731270204,-0.0001107771454749125,0.0006078924076752945
0.07413604711166683,0.001373309279871977,-0.00010053041960356395,0.0006194900335044991
0.07417235271750015,0.0013872858472610114,-9.033978391573528e-05,0.0006311022566457746
0.0742086583233335,0.0014011672290618403,-8.020663338173237e-05,0.000642725403741241
0.07424496392916682,0.0014149475114133875,-7.013237091011547e-05,0.00065435579115119
0.07428126953500015,0.0014286207151060425,-6.011840448438519e-05,0.0006659897248310012
0.0743175751408335,0.0014421807979714469,-5.016614407282046e-05,0.0006776235004247449
0.07435388074666682,0.0014556216574639715,-4.0276998512133794e-05,0.0006892534036020853
0.07439018635250015,0.0014689371335058668,-3.0452372575437084e-05,0.000700875710606618
0.0744264919583335,0.001482121011649744,-2.0693664422737166e-05,0.0007124866889296799
0.07446279756416682,0.0014951670265875303,-1.1002263599074369e-05,0.0007240825979800922
0.07449910317000015,0.0015080688660069129,-1.3795496949281166e-06,0.0007356596895922366
0.07453540877583349,0.001520820174767543,8.173108279092196e-06,0.000747214208205578
0.07457171438166682,0.0015334145593429225,1.765435181944053e-05,0.0007587423905594439
0.07460801998750016,0.001545845592452731,2.706283224153137e-05,0.0007702404647765169
0.07464432559333349,0.001558106817796607,3.639720951731217e-05,0.0007817046487539941
0.07468063119916682,0.0015701917547955274,4.565615082306221e-05,0.0007931311478378332
0.07471693680500016,0.0015820939032514852,5.483832900642382e-05,0.00080451615181684
0.07475324241083349,0.0015938067478496667,6.39424211844479e-05,0.0008158558313329111
0.07478954801666682,0.0016053237624484263,7.29671076652425e-05,0.0008271463338550407
0.07482585362250016,0.0016166384141288528,8.19110713466575e-05,0.0008383837794021583
0.07486215922833349,0.0016277441670048802,9.07729976904122e-05,0.0008495642562193844
0.07489846483416683,0.0016386344858237178,9.95515753049267e-05,0.000860683816611751
0.07493477044000016,0.0016493028394118628,0.00010824549710166162,0.0008717384731188876
0.07497107604583349,0.001659742704041496,0.00011685346192515836,0.0008827241951758573
0.07500738165166683,0.0016699475668036294,0.00012537417650295798,0.0008936369063534228
0.07504368725750016,0.0016799109290767955,0.00013380635752380604,0.0009044724822111883
0.07507999286333349,0.001689626310173102,0.0001421487336349719,0.0009152267487358148
0.07511629846916683,0.001699087251227884,0.00015040004715396197,0.0009258954812805121
0.07515260407500016,0.0017082873193765755,0.00015855905531592145,0.0009364744038773501
0.07518890968083349,0.0017172201122351962,0.00016662453092288038,0.0009469591887654175
0.07522521528666683,0.0017258792626718025,0.00017459526232001653,0.0009573454559685446
0.07526152089250016,0.0017342584438284436,0.00018247005269111274,0.0009676287727671074
0.0752978264983335,0.0017423513743294486,0.00019024771873337476,0.0009778046529380568
0.07533413210416683,0.0017501518235947249,0.0001979270888336419,0.000987868555682398
0.07537043771000015,0.0017576536171679208,0.0002055070009172999,0.0009978158842148005
0.0754067433158335,0.0017648506419696893,0.00021298630017274438,0.0010076419840496424
0.07544304892166682,0.0017717368513958257,0.0002203638368647469,0.001017342141074874
0.07547935452750015,0.0017783062701977011,0.000227638464438451,0.001026911579553244
0.0755156601333335,0.001784552999106311,0.00023480903808318558,0.0010363454602242102
0.07555196573916682,0.0017904712191888835,0.00024187441387523646,0.0010456388786954079
0.07558827134500015,0.0017960551959554424,0.0002488334485563937,0.001054786864308022
0.0756245769508335,0.0018012992832589878,0.0002556849999370129,0.0010637843796361408
0.07566088255666682,0.0018061979270543131,0.00026242792784561054,0.0010726263207386968
0.07569718816250016,0.0018107456690946452,0.0002690610954886325,0.00108130751822832
0.07573349376833349,0.001814937150650805,0.0002755833710400979,0.0010898227391601858
0.07576979937416682,0.0018187671163338406,0.00028199362925591736,0.001098166689682312
0.07580610498000016,0.0018222304180894621,0.00028829075290442237,0.0011063340183334028
0.07584241058583349,0.0018253220194124097,0.00029447363382335986,0.0011143193198312154
0.07587871619166682,0.001828036999803213,0.0003005411734523465,0.0011221171391681587
0.07591502179750016,0.0018303705594613017,0.00030649228274449004,0.0011297219758242228
0.07595132740333349,0.0018323180241800645,0.00031232588142584964,0.0011371282879210013
0.07598763300916683,0.0018338748503841696,0.0003180408966398329,0.0011443304961729402
0.07602393861500016,0.0018350366302298598,0.00032363626107836203,0.0011513229875393884
0.07606024422083349,0.0018357990966770571,0.00032911091075591656,0.0011581001185382602
0.07609654982666683,0.0018361581284391673,0.0003344637826207086,0.001164656218242815
0.07613285543250016,0.0018361097547227507,0.00033969381221527785,0.0011709855910404818
0.07616916103833349,0.0018356501596840662,0.000344799931594833,0.0011770825192804753
0.07620546664416683,0.0018347756865513285,0.0003497810676861247,0.0011829412659698525
0.07624177225000016,0.0018334828413880744,0.0003546361412251946,0.0011885560776920242
0.07627807785583349,0.001831768296501537,0.000359364066353648,0.00119392118791593
0.07631438346166683,0.0018296288935274116,0.00036396375088628823,0.001199030820838758
0.07635068906750016,0.0018270616462460173,0.00036843409719501224,0.0012038791958629731
0.0763869946733335,0.0018240637432021486,0.00037277400359190014,0.0012084605327541433
0.07642330027916683,0.0018206325502101203,0.0003769823660449152,0.0012127690574655768
0.07645960588500016,0.001816765612825664,0.00038105808002773334,0.0012167990085557277
0.0764959114908335,0.0018124606588574748,0.00038500004229427207,0.0012205446440713117
0.07653221709666683,0.0018077156009742622,0.0003888071523796238,0.0012240002487289192
0.07656852270250016,0.0018025285394399394,0.0003924783136611438,0.001227160141205044
0.0766048283083335,0.0017968977649825107,0.00039601243386303583,0.0012300186813414033
0.07664113391416683,0.0017908217617741647,0.0003994084249497254,0.0012325702770895552
0.07667743952000017,0.0017842992104739595,0.0004026652024211228,0.0012348093910542863
0.0767137451258335,0.0017773289912630633,0.0004057816840894571,0.001236730546545178
0.07675005073166682,0.001769910186788024,0.00040875678847573753,0.001238328333104715
0.07678635633750017,0.0017620420849215033,0.00041158943300796365,0.0012395974115428456
0.0768226619433335,0.0017537241812529791,0.00041427853222834215,0.0012405325185653195
0.07685896754916682,0.0017449561812337715,0.00041682299622035015,0.0012411284711301442
0.07689527315500017,0.001735738001920167,0.00041922172944812983,0.001241380170697996
0.0769315787608335,0.0017260697732833904,0.00042147363016232446,0.0012412826075549669
0.07696788436666682,0.0017159518390831106,0.00042357759047208167,0.0012408308653782793
0.07700418997250016,0.0017053847573291836,0.0004255324971182339,0.0012400201261884274
0.07704049557833349,0.0016943693003815196,0.00042733723291438127,0.0012388456757876228
0.07707680118416683,0.0016829064547577192,0.0004289906787578767,0.0012373029097292186
0.07711310679000016,0.0016709974207304214,0.00043049171605830436,0.0012353873398020516
0.07714941239583349,0.0016586436117998818,0.0004318392293926243,0.0012330946009540386
0.07718571800166683,0.001645846654121815,0.000433032109177728,0.0012304204585274524
0.07722202360750016,0.001632608385956585,0.00043406925415462034,0.0012273608156397825
0.07725832921333349,0.0016189308571848873,0.00043494957350342987,0.0012239117205231958
0.07729463481916683,0.0016048163289093399,0.0004356719884523183,0.0012200693736346432
0.07733094042500016,0.0015902672731336,0.0004362354333015034,0.0012158301343677268
0.07736724603083349,0.0015752863724836324,0.0004366388558499309,0.0012111905272344653
0.07740355163666683,0.0015598765199124334,0.00043688121727967805,0.001206147247435999
0.07743985724250016,0.0015440408183122628,0.00043696149161486544,0.0012006971658005017
0.0774761628483335,0.0015277825799490917,0.00043687866492123756,0.0011948373331276045
0.07751246845416683,0.0015111053256334826,0.0004366317344444693,0.0011885649840347981
0.07754877406000016,0.001494012783550555,0.0004362197078963286,0.001181877540446406
0.0775850796658335,0.0014765088876881622,0.00043564160308691186,0.0011747726148948633
0.07762138527166683,0.0014585977758252158,0.0004348964480694112,0.0011672480138139882
0.07765769087750016,0.0014402837870688542,0.000433983281914586,0.0011593017409936024
0.0776939964833335,0.0014215714589570997,0.0004329011561704546,0.0011509320013353731
0.07773030208916683,0.001402465524169868,0.00043164913699513365,0.0011421372050043296
0.07776660769500017,0.0013829709069129894,0.0004302263078843009,0.0011329159720141195
0.0778029133008335,0.001363092719055003,0.0004286317728563781,0.0011232671372228983
0.07783921890666683,0.001342836256103356,0.00042686465991432517,0.0011131897556574575
0.07787552451250017,0.0013222069931045893,0.0004249241245775104,0.0011026831080323178
0.0779118301183335,0.001301210580542354,0.00042280935327311753,0.0010917467062935594
0.07794813572416683,0.0012798528402888326,0.0004205195663943792,0.00108038029899822
0.07798444133000017,0.0012581397616412688,0.000418054020870697,0.0010685838763411937
0.0780207469358335,0.0012360774974483435,0.000415412012148465,0.0010563576746625998
0.07805705254166682,0.0012136723603039198,0.00041259287554551574,0.0010437021803072436
0.07809335814750017,0.001190930818761066,0.0004095959870098442,0.0010306181327598238
0.0781296637533335,0.0011678594934998402,0.00040642076337754564,0.0010171065270392593
0.07816596935916684,0.0011444651533701225,0.0004030666622790015,0.0010031686153963615
0.07820227496500017,0.0011207547112271113,0.0003995331818806095,0.0009888059084144202
0.0782385805708335,0.0010967352194823357,0.00039581986066778346,0.0009740201756560459
0.07827488617666684,0.0010724138653066717,0.0003919262774716231,0.0009588134460270336
0.07831119178250016,0.0010477979654424704,0.0003878520519169393,0.0009431880080361042
0.07834749738833349,0.0010228949606073824,0.00038359684542580244,0.0009271464101172712
0.07838380299416683,0.0009977124095001777,0.000379160362853032,0.0009106914611506195
0.07842010860000016,0.0009722579824459376,0.00037454235476410406,0.0008938262312708806
0.07845641420583349,0.0009465394547416589,0.0003697426202987319,0.0008765540529964662
0.07849271981166683,0.0009205646997811182,0.00036476101050189716,0.0008588785226507959
0.07852902541750016,0.0008943416820479882,0.00035959743195481146,0.0008408035019895271
0.0785653310233335,0.000867878450067653,0.0003542518505063193,0.0008223331198980654
0.07860163662916683,0.0008411831294008238,0.0003487242948939468,0.0008034717739889089
0.07863794223500016,0.0008142639157467231,0.00034301486005433433,0.0007842241319118132
0.0786742478408335,0.0007871290682019046,0.0003371237099540487,0.000764595132193287
0.07871055344666683,0.0007597869026950238,0.00033105107982047164,0.0007445899844451883
0.07874685905250016,0.0007322457855907603,0.00032479727771350756,0.0007242141688226696
0.0787831646583335,0.0007045141274304929,0.00031836268544584796,0.0007034734346650251
0.07881947026416683,0.000676600376755914,0.0003117477589254665,0.0006823737983133149
0.07885577587000017,0.0006485130139468015,0.0003049530280520004,0.0006609215401594267
0.0788920814758335,0.0006202605449972077,0.0002979790963426428,0.0006391232010358694
0.07892838708166683,0.0005918514951561214,0.000290826640488536,0.0006169855780981348
0.07896469268750017,0.0005632944023690236,0.0002834964100467779,0.0005945157203773194
0.0790009982933335,0.0005345978104746196,0.0002759892274556165,0.0005717209241870756
0.07903730389916683,0.0005057702621345361,0.00026830598852305956,0.0005486087285552198
0.07907360950500017,0.0004768202915004745,0.000260447663485888,0.0005251869108180223
0.0791099151108335,0.0004477564166504404,0.00025241529867251736,0.0005014634824679194
0.07914622071666683,0.00041858713185040136,0.00024421001873595145,0.00047744668528835397
0.07918252632250017,0.0003893208997174958,0.00023583302935925433,0.00045314498774895234
0.0792188319283335,0.00035996614337367066,0.00022728562028220462,0.0004285670815769417
0.07925513753416684,0.0003305312386830517,0.0002185691684597078,0.0004037218783729262
0.07929144314000017,0.00030102450666198607,0.00020968514114410466,0.00037861850610612906
0.0793277487458335,0.0002714542061380128,0.0002006350986866421,0.00035326630530962424
0.07936405435166684,0.00024182852671433196,0.00019142069687772632,0.0003276748248015557
0.07940035995750017,0.00021215558207171052,0.00018204368868859604,0.00030185381678330574
0.0794366655633335,0.00018244340361274532,0.00017250592533422118,0.00027581323120733303
0.07947297116916684,0.0001526999344268023,0.00016280935664256225,0.0002495632093614171
0.07950927677500016,0.00012293302353052796,0.00015295603078197478,0.00022311407667645125
0.07954558238083351,9.315042032099792e-05,0.00014294809345954086,0.0001964763348251448
0.07958188798666684,6.33597691681659e-05,0.00013278778675207667,0.0001696606532324858
0.07961819359250016,3.356860407135652e-05,0.00012247744776338834,0.00014267786015976553
0.0796544991983335,3.78434331127674e-06,0.00011201950731271145,0.00011553893354794411
0.07969080480416683,-2.5985715956332956e-05,0.0001014164888489988,8.825499181056038e-05
0.07972711041000016,-5.573440319828353e-05,9.067100775490773e-05,6.08372847508254e-05
0.0797634160158335,-8.545468010049819e-05,7.978577115622354e-05,3.329718474372795e-05
0.07979972162166683,-0.00011513964624466933,6.876357829208613e-05,5.646178275665005e-06
0.07983602722750016,-0.00014478254482083405,5.76073214350919e-05,-2.2104142123390927e-05
0.0798723328333335,-0.00017437676831037714,4.631998728506369e-05,-4.9942085580539356e-05
0.07990863843916683,-0.0002039158640588895,3.49046587028512e-05,-7.785587029536388e-05
0.07994494404500017,-0.00023339353965105478,2.3364516606948553e-05,-0.00010583363079867733
0.0799812496508335,-0.0002628036680010895,1.1702841830546318e-05,-0.00013386342521469203
0.08001755525666683,-0.0002921402920821015,-7.698326750320155e-08,-0.00016193324269967365
0.08005386086250017,-0.0003213976292350589,-1.1971473627015883e-05,-0.00019003101122311603
0.0800901664683335,-0.00035057007502109456,-2.3977040898368104e-05,-0.0002181446058312237
0.08012647207416683,-0.0003796522066072393,-3.6089993541524e-05,-0.00024626185748986867
0.08016277768000017,-0.00040863878570266153,-4.830653764884231e-05,-0.00027437056254984765
0.0801990832858335,-0.0004375247610873156,-6.06227784617321e-05,-0.0003024584928171347
0.08023538889166683,-0.00046630527079501453,-7.303472248796639e-05,-0.0003305134061514622
0.08027169449750017,-0.0004949756440262901,-8.553828007312625e-05,-0.00035852305746444154
0.0803080001033335,-0.0005235314028716319,-9.812926824180044e-05,-0.00038647520994923915
0.08034430570916684,-0.000551968263922309,-0.00011080341360574738,-0.00041435764635180884
0.08038061131500017,-0.0005802821398343648,-0.00012355635513913818,-0.0004421581800912464
0.0804169169208335,-0.0006084691408927871,-0.00013638364664491227,-0.0004698646660542138
0.08045322252666684,-0.0006365255765992756,-0.00014928075877865992,-0.0004974650109236691
0.08048952813250017,-0.000664447957280936,-0.00016224308055283972,-0.0005249471829514591
0.0805258337383335,-0.0006922329956913906,-0.0001752659203086196,-0.0005522992211422917
0.08056213934416684,-0.0007198776085529157,-0.00018834450620843263,-0.000579509243876862
0.08059844495000017,-0.0007473789179707165,-0.00020147398636256527,-0.0006065654570578849
0.08063475055583351,-0.0007747342526401648,-0.00021464942875143564,-0.0006334561619083696
0.08067105616166684,-0.0008019411487658468,-0.0002278658211366129,-0.0006601697625817104
0.08070736176750017,-0.0008289973506178266,-0.00024111807116479155,-0.0006866947737547573
0.08074366737333351,-0.0008559008106649394,-0.0002544010068587018,-0.0007130198283667487
0.08077997297916684,-0.0008826496892457215,-0.0002677093776583848,-0.0007391336856397518
0.08081627858500016,-0.0009092423537625959,-0.00028103785612859064,-0.0007650252394730756
0.0808525841908335,-0.0009356773774115805,-0.00029438104038825337,-0.0007906835272497425
0.08088888979666684,-0.0009619535374853109,-0.0003077334572523191,-0.0008160977390334825
0.08092519540250016,-0.00098806981330894,-0.0003210895660115089,-0.0008412572270764012
0.0809615010083335,-0.0010140253838842367,-0.0003344437627186457,-0.0008661515155068395
0.08099780661416683,-0.0010398196253253512,-0.0003477903848068975,-0.0008907703100295576
0.08103411222000018,-0.001065452108169417,-0.00036112371584019325,-0.0009151035074503189
0.0810704178258335,-0.0010909225946364755,-0.0003744379901917432,-0.0009391412048364373
0.08110672343166683,-0.001116231035897075,-0.00038772739746346533,-0.000962873708143953
0.08114302903750018,-0.0011413775693840114,-0.00040098608649538,-0.0009862915401787416
0.0811793346433335,-0.0011663625161593464,-0.00041420816886586194,-0.0010093854478090648
0.08121564024916683,-0.0011911863783217258,-0.0004273877218455783,-0.0010321464084053788
0.08125194585500017,-0.0012158498364148356,-0.0004405187908334886,-0.001054565635543287
0.0812882514608335,-0.0012403537467781467,-0.00045359539136555747,-0.0010766345840608374
0.08132455706666683,-0.001264699138767934,-0.0004666115108393107,-0.0010983449546059286
0.08136086267250017,-0.0012888872117713009,-0.00047956111013454535,-0.0011196886978385727
0.0813971682783335,-0.0013129193319391603,-0.0004924381253285022,-0.0011406580184630697
0.08143347388416684,-0.0013367970285754552,-0.0005052364697007399,-0.001161245379255695
0.08146977949000017,-0.0013605219901381956,-0.0005179500361991408,-0.0011814435052253849
0.0815060850958335,-0.0013840960598312225,-0.0005305727004964353,-0.001201245388001251
0.08154239070166684,-0.0014075212307915683,-0.0005430983247107484,-0.0012206442904863742
0.08157869630750017,-0.0014307996409031614,-0.0005555207617998042,-0.0012396337517582223
0.0816150019133335,-0.0014539335672907427,-0.0005678338605732508,-0.001258207592138689
0.08165130751916684,-0.0014769254205658224,-0.000580031471207898,-0.0012763599183074701
0.08168761312500017,-0.0014997777389074555,-0.0005921074511027225,-0.0012940851282966987
0.08172391873083351,-0.0015224931820634272,-0.0006040556708792848,-0.0013113779161863725
0.08176022433666684,-0.0015450745253518445,-0.0006158700203219592,-0.0013282332763211867
0.08179652994250017,-0.0015675246537297262,-0.0006275444140622521,-0.0013446465068898215
0.08183283554833351,-0.0015898465559753916,-0.0006390727968414088,-0.001360613212745331
0.08186914115416684,-0.0016120433190073358,-0.0006504491482323299,-0.0013761293073959683
0.08190544676000017,-0.0016341181223363864,-0.0006616674867606073,-0.0013911910141540544
0.08194175236583351,-0.0016560742326229604,-0.000672721873429079,-0.0014057948664900428
0.08197805797166684,-0.0016779149982897971,-0.0006836064147139186,-0.0014199377076932825
0.08201436357750017,-0.0016996438441248718,-0.0006943152651562573,-0.0014336166899842615
0.08205066918333351,-0.0017212642658009241,-0.0007048426297158295,-0.001446829273250656
0.08208697478916684,-0.0017427798242380386,-0.0007151827660776971,-0.0014595732235883473
0.08212328039500018,-0.0017641941397439761,-0.0007253299871071918,-0.001471846611817819
0.0821595860008335,-0.0017855108858826282,-0.000735278663631402,-0.001483647812117211
0.08219589160666683,-0.0018067337830424037,-0.0007450232276896083,-0.0014949755008690391
0.08223219721250018,-0.0018278665917013427,-0.0007545581763438113,-0.0015058286557630542
0.0822685028183335,-0.0018489131054116668,-0.0007638780760792785,-0.0015162065551389116
0.08230480842416683,-0.0018698771435506504,-0.000772977567760282,-0.0015261087774956995
0.08234111403000018,-0.0018907625439045991,-0.0007818513720446843,-0.0015355352010471412
0.0823774196358335,-0.0019115731551663112,-0.0007904942951091909,-0.0015444860031667248
0.08241372524166685,-0.0019323128294322534,-0.0007989012345003493,-0.0015529616595499106
0.08245003084750017,-0.0019529854147832294,-0.0008070671849085546,-0.0015609629429227986
0.0824863364533335,-0.0019735947480218107,-0.0008149872436652783,-0.0015684909211479785
0.08252264205916685,-0.0019941446476223644,-0.0008226566157871454,-0.001575546954616406
0.08255894766500017,-0.002014638906926952,-0.0008300706184318628,-0.001582132692864911
0.0825952532708335,-0.0020350812875950903,-0.0008372246846860245,-0.0015882500704168193
0.08263155887666684,-0.002055475513289965,-0.000844114366667704,-0.0015939013019018705
0.08266786448250017,-0.0020758252635608263,-0.000850735337990916,-0.0015990888765647583
0.0827041700883335,-0.0020961341678633807,-0.0008570833956977744,-0.001603815552313439
0.08274047569416684,-0.0021164057996488615,-0.0008631544618113592,-0.0016080843494843226
0.08277678130000017,-0.002136643670449265,-0.0008689445846930143,-0.0016118985445087778
0.08281308690583351,-0.0021568512238913304,-0.0008744499403988392,-0.0016152616636532953
0.08284939251166684,-0.0021770318295846647,-0.0008796668342203942,-0.0016181774769755003
0.08288569811750017,-0.002197188776848604,-0.0008845917025651577,-0.001620649992593318
0.08292200372333351,-0.002217325268265998,-0.000889221115286172,-0.0016226834513098927
0.08295830932916684,-0.0022374444130776024,-0.0008935517785124529,-0.001624282321578322
0.08299461493500017,-0.0022575492204555225,-0.0008975805379681903,-0.0016254512947342916
0.08303092054083351,-0.0022776425927155705,-0.0009013043827062081,-0.001626195280377392
0.08306722614666684,-0.0022977273185442798,-0.0009047204491261337,-0.0016265194017484194
0.08310353175250017,-0.002317806066324977,-0.0009078260251060245,-0.0016264289909339493
0.08313983735833351,-0.0023378813776478618,-0.0009106185540521602,-0.0016259295837326656
0.08317614296416684,-0.0023579556610814297,-0.0009130956386678575,-0.00162502691403995
0.08321244857000018,-0.002378031186267598,-0.0009152550442588861,-0.0016237269076456989
0.08324875417583351,-0.002398110078382098,-0.0009170947014286079,-0.0016220356753910026
0.08328505978166684,-0.0024181943129772646,-0.0009186127080665908,-0.00161995950568669
0.08332136538750018,-0.00243828571119883,-0.0009198073305948755,-0.0016175048564545404
0.08335767099333351,-0.0024583859353443163,-0.0009206770044999721,-0.0016146783466039019
0.08339397659916684,-0.0024784964847106867,-0.0009212203342393529,-0.0016114867471968858
0.08343028220500018,-0.002498618691665043,-0.0009214360926623735,-0.0016079369724798231
0.0834665878108335,-0.002518753717865817,-0.0009213232201218479,-0.0016040360709646394
0.08350289341666685,-0.002538902550563715,-0.0009208808234701814,-0.0015997912167305807
0.08353919902250018,-0.002559065998921439,-0.000920108175131201,-0.0015952097010857658
0.0835755046283335,-0.002579244690307864,-0.000919004712415957,-0.0015902989246827566
0.08361181023416685,-0.0025994390665441424,-0.0009175700372102331,-0.0015850663901276487
0.08364811584000018,-0.0026196493801038732,-0.0009158039161075767,-0.0015795196950640796
0.0836844214458335,-0.002639875690294354,-0.0009137062810000269,-0.0015736665256583344
0.08372072705166685,-0.002660117859468505,-0.0009112772300758473,-0.0015675146503654341
0.08375703265750017,-0.0026803755493348554,-0.000908517029116075,-0.001561071913823722
0.0837933382633335,-0.0027006482174442236,-0.0009054261129355896,-0.0015543462307105406
0.08382964386916684,-0.002720935113935171,-0.0009020050867845361,-0.001547345579395713
0.08386594947500017,-0.0027412352786156,-0.0008982547275154112,-0.0015400779952522274
0.08390225508083352,-0.0027615475384454896,-0.0008941759843310502,-0.001532551563522279
0.08393856068666684,-0.002781870505466986,-0.0008897699789580865,-0.001524774411687411
0.08397486629250017,-0.0028022025752048223,-0.0008850380051361114,-0.0015167547013483803
0.08401117189833351,-0.0028225419255347435,-0.000879981527369974,-0.0015085006196773512
0.08404747750416684,-0.0028428865159928637,-0.0008746021789554293,-0.0015000203705558786
0.08408378311000017,-0.002863234087477242,-0.0008689017593501192,-0.001491322165551357
0.08412008871583351,-0.0028835821622766556,-0.0008628822310162054,-0.0014824142149078984
0.08415639432166684,-0.0029039280443522238,-0.0008565457159022018,-0.0014733047187324687
0.08419269992750018,-0.0029242688197961596,-0.0008498944917553966,-0.0014640018585430064
0.08422900553333351,-0.002944601357398573,-0.0008429309884602599,-0.001454513789313761
0.08426531113916684,-0.002964922309267212,-0.0008356577845820042,-0.001444848632107628
0.08430161674500018,-0.00298522811146481,-0.000828077604259768,-0.0014350144673308004
0.08433792235083351,-0.0030055149846521887,-0.0008201933145443701,-0.001425019328587527
0.08437422795666684,-0.0030257789347500285,-0.0008120079232164745,-0.0014148711970584267
0.08441053356250018,-0.003046015753655559,-0.0008035245770585024,-0.001404577996280549
0.08444683916833351,-0.003066221020069974,-0.0007947465604943146,-0.0013941475871761125
0.08448314477416684,-0.0030863901005060163,-0.0007856772944607547,-0.0013835877631629614
0.08451945038000018,-0.003106518150551481,-0.0007763203353398425,-0.0013729062451847325
0.08455575598583351,-0.003126600116462684,-0.0007666793737634074,-0.0013621106765219723
0.08459206159166685,-0.0031466307371523744,-0.0007567582331050356,-0.0013512086172843849
0.08462836719750018,-0.0031666045466201263,-0.000746560867497023,-0.0013402075385347918
0.08466467280333351,-0.0031865158768516035,-0.000736091359250186,-0.0013291148160517166
0.08470097840916685,-0.003206358861188505,-0.0007253539156076605,-0.001317937723793625
0.08473728401500018,-0.0032261274381459697,-0.000714352864824636,-0.0013066834271776323
0.0847735896208335,-0.003245815355631367,-0.0007030926516279611,-0.0012953589763235183
0.08480989522666685,-0.003265416175500037,-0.0006915778321662336,-0.0012839712994360186
0.08484620083250018,-0.0032849232783715796,-0.0006798130686064356,-0.0012725271965021972
0.0848825064383335,-0.0033043298686259103,-0.0006678031235626639,-0.0012610333334658259
0.08491881204416685,-0.003323628979501951,-0.0006555528545529644,-0.0012494962370087372
0.08495511765000018,-0.003342813478233064,-0.0006430672086706546,-0.0012379222900235493
0.08499142325583352,-0.0033618760711709816,-0.0006303512176278458,-0.0012263177278079465
0.08502772886166685,-0.0033808093088721325,-0.0006174099932841796,-0.0012146886349537218
0.08506403446750017,-0.0033996055911446267,-0.0006042487237177859,-0.0012030409428502233
0.08510034007333352,-0.0034182571720781213,-0.000590872669834022,-0.0011913804276775073
0.08513664567916684,-0.003436756165099848,-0.0005772871624471103,-0.001179712708734155
0.08517295128500017,-0.0034550945481160427,-0.0005634975997166833,-0.001168043246931639
0.08520925689083352,-0.0034732641688071807,-0.000549509444781011,-0.001156377343292675
0.08524556249666684,-0.0034912567501468,-0.000535328223405536,-0.001144720137314534
0.08528186810250019,-0.003509063896207193,-0.0005209595214616573,-0.0011330766050972035
0.08531817370833351,-0.0035266770983014635,-0.0005064089820668615,-0.0011214515571862718
0.08535447931416684,-0.0035440877414918566,-0.0004916823022515681,-0.0011098496361360228
0.08539078492000018,-0.0035612871114708736,-0.0004767852290668247,-0.001098275313853353
0.08542709052583351,-0.0035782664017969213,-0.00046172355510513594,-0.001086732888831754
0.08546339613166684,-0.003595016721442681,-0.0004465031134681249,-0.001075226483421415
0.08549970173750018,-0.0036115291025944434,-0.0004311297722729824,-0.0010637600413024838
0.08553600734333351,-0.0036277945086264215,-0.00041560942883865203,-0.0010523373253313866
0.08557231294916684,-0.0036438038421669704,-0.0003999480037273094,-0.0010409619159145091
0.08560861855500018,-0.0036595479531744243,-0.00038415143483331877,-0.0010296372100311942
0.08564492416083351,-0.0036750176469488396,-0.00036822567170875873,-0.0010183664209823993
0.08568122976666685,-0.0036902036920213543,-0.0003521766702921535,-0.001007152578887434
0.08571753537250018,-0.003705096827883541,-0.0003360103881675936,-0.0009959985318947835
0.08575384097833351,-0.003719687772542876,-0.0003197327804291246,-0.000984906948020241
0.08579014658416685,-0.0037339672299147664,-0.0003033497961656114,-0.0009738803174820933
0.08582645219000018,-0.003747925897083964,-0.00028686737552049366,-0.0009629209553736235
0.08586275779583351,-0.003761554471486294,-0.0002702914472252955,-0.0009520310045008448
0.08589906340166685,-0.00377484365807354,-0.0002536279264612314,-0.0009412124382194559
0.08593536900750018,-0.003787784176528871,-0.00023688271287440157,-0.0009304670631287765
0.08597167461333352,-0.0038003667685968384,-0.0002200616885598805,-0.0009197965215192468
0.08600798021916685,-0.0038125822055811278,-0.0002031707158394986,-0.0009092022935196702
0.08604428582500018,-0.0038244212960460325,-0.0001862156346862746,-0.0008986856989453121
0.08608059143083352,-0.003835874893735825,-0.00016920225969228409,-0.0008882478989022204
0.08611689703666685,-0.003846933905702144,-0.0001521363765316329,-0.0008778898972507793
0.08615320264250018,-0.003857589300605669,-0.00013502373793036992,-0.000867612542067344
0.08618950824833352,-0.0038678321171372477,-0.00011787005921430506,-0.0008574165272629196
0.08622581385416685,-0.0038776534724874324,-0.00010068101355759834,-0.0008473023945200455
0.08626211946000018,-0.003887044570783821,-8.34622270942196e-05,-0.0008372705356930844
0.08629842506583352,-0.0038959967114136143,-6.621927407684523e-05,-0.0008273211957847247
0.08633473067166685,-0.0039045012971546727,-4.895767227112016e-05,-0.0008174544765661944
0.08637103627750019,-0.003912549842051404,-3.168287875713166e-05,-0.000807670340855371
0.08640734188333352,-0.003920133978990748,-1.4400286276116037e-05,-0.000797968617411437
0.08644364748916684,-0.003927245466956324,2.8847797875966356e-06,-0.0007883490063529775
0.08647995309500019,-0.003933876197963142,2.016706375656784e-05,-0.0007788110849640445
0.08651625870083351,-0.0039400182036986075,3.744138136967978e-05,-0.0007693543137242897
0.08655256430666684,-0.0039456636619154585,5.470262093573199e-05,-0.0007599780423878412
0.08658886991250019,-0.003950804902636723,7.194574406403231e-05,-0.0007506815159423635
0.08662517551833351,-0.003955434414240281,8.91657861387975e-05,-0.0007414638803039268
0.08666148112416684,-0.003959544849490378,0.00010635785672052644,-0.0007323241876422446
0.08669778673000018,-0.003963129031575578,0.00012351714005454564,-0.0007232614012802625
0.08673409233583351,-0.003966179960197948,0.00014063889584500018,-0.0007142744001665999
0.08677039794166685,-0.003968690817738323,0.00015771846041401222,-0.0007053619829730222
0.08680670354750018,-0.003970654975499399,0.0001747512483146225,-0.0006965228719161205
0.08684300915333351,-0.003972066000004605,0.00019173275440785033,-0.000687755716437606
0.08687931475916685,-0.003972917659308629,0.00020865855635487617,-0.000679059096897264
0.08691562036500018,-0.003973203929257576,0.00022552431742119247,-0.0006704315284345619
0.08695192597083351,-0.003972918999624732,0.00024232578944625646,-0.0006618714651389785
0.08698823157666685,-0.003972057280043214,0.0002590588158042431,-0.0006533773046370682
0.08702453718250018,-0.003970613405659806,0.00027571933417185003,-0.0006449473931596262
0.08706084278833352,-0.00396858224244473,0.0002923033789287449,-0.0006365800310999284
0.08709714839416685,-0.003965958892108964,0.000308807083044144,-0.0006282734790196112
0.08713345400000018,-0.00396273869660215,0.00032522667934623266,-0.0006200259640082437
0.08716975960583352,-0.00395891724218803,0.00034155850112514957,-0.000611835686261523
0.08720606521166685,-0.00395449036311815,0.00035779898207940255,-0.000603700825715756
0.08724237081750018,-0.003949454144945835,0.0003739446556736711,-0.0005956195485658347
0.08727867642333352,-0.003943804927539076,0.0003899921540269211,-0.0005875900135013966
0.08731498202916685,-0.00393753930786108,0.00040593820648829077,-0.0005796103775204614
0.08735128763500018,-0.003930654142589989,0.0004217796380803048,-0.000571678801218886
0.08738759324083352,-0.003923146550644328,0.00043751336799235544,-0.0005637934535032302
0.08742389884666685,-0.003915013915668585,0.00045313640829174295,-0.0005559525157287513
0.08746020445250019,-0.003906253888515403,0.00046864586298656677,-0.0005481541853173815
0.08749651005833352,-0.003896864389738906,0.00048403892752789716,-0.0005403966789569548
0.08753281566416685,-0.0038868436120901746,0.0004993128887828669,-0.0005326782355176372
0.08756912127000019,-0.0038761900229830966,0.0005144651254514698,-0.000524997118840758
0.08760542687583352,-0.0038649023668793654,0.0005294931088441106,-0.0005173516205570161
0.08764173248166685,-0.0038529796675271528,0.0005443944038901544,-0.0005097400630751852
0.08767803808750019,-0.003840421229980527,0.0005591666702147748,-0.0005021608028507776
0.08771434369333352,-0.003827226642326796,0.0005738076631057247,-0.0004946122340001077
0.08775064929916684,-0.0038133957770566267,0.0005883152341948841,-0.000487092792273676
0.08778695490500019,-0.003798928792026231,0.0006026873317012101,-0.0004796009593493924
0.08782326051083351,-0.003783826130980642,0.0006169220001197294,-0.00047213526735671266
0.08785956611666686,-0.0037680885236300757,0.0006310173792914809,-0.000464694303502663
0.08789587172250019,-0.0037517169852952104,0.0006449717028465505,-0.0004572767146443429
0.08793217732833351,-0.003734712816159444,0.0006587832960705669,-0.000449881211642703
0.08796848293416686,-0.0037170776001845453,0.0006724505732981368,-0.0004425065733402607
0.08800478854000018,-0.00369881320375866,0.0006859720349791656,-0.0004351516500300963
0.08804109414583351,-0.0036799217741511295,0.0006993462645913932,-0.00042781536632229087
0.08807739975166685,-0.00366040573784646,0.0007125719255819603,-0.0004204967233627299
0.08811370535750018,-0.003640267798820296,0.0007256477585114246,-0.0004131948004126277
0.08815001096333352,-0.00361951093680441,0.0007385725785464062,-0.0004059087558494542
0.08818631656916685,-0.0035981384055672225,0.0007513452734048294,-0.00039863782769553296
0.08822262217500018,-0.003576153731213329,0.0007639648018049962,-0.0003913813338145153
0.08825892778083352,-0.003553560710482393,0.0007764301924120059,-0.00038413867193459907
0.08829523338666685,-0.0035303634090069697,0.0007887405432183928,-0.0003769093196587731
0.08833153899250018,-0.003506566159472537,0.0008008950212462027,-0.00036969283460644285
0.08836784459833352,-0.0034821735596129427,0.0008128928624202697,-0.00036248885479930377
0.08840415020416685,-0.0034571904699716746,0.0008247333714410864,-0.0003552970993607551
0.08844045581000018,-0.0034316220113641523,0.0008364159214825982,-0.0003481173695472488
0.08847676141583352,-0.003405473561988076,0.0008479399535557868,-0.0003409495500773138
0.08851306702166685,-0.003378750754146589,0.0008593049754113862,-0.00033379361067531385
0.08854937262750019,-0.003351459470570728,0.000870510559901076,-0.0003266496077075921
0.08858567823333352,-0.003323605840351113,0.0008815563427711767,-0.0003195176857628
0.08862198383916685,-0.003295196234511642,0.0008924420199205017,-0.00031239807901871353
0.08865828944500019,-0.003266237261277715,0.0009031673442085608,-0.00030529111224572136
0.08869459505083352,-0.0032367357611061925,0.0009137321219460546,-0.0002981972013215737
0.08873090065666685,-0.0032066988015523965,0.0009241362092317754,-0.00029111685317024377
0.08876720626250019,-0.0031761336720501246,0.0009343795083152918,-0.0002840506650857297
0.08880351186833352,-0.0031450478786738518,0.0009444619641615609,-0.0002769993234541107
0.08883981747416686,-0.0031134491389387627,0.0009543835613722619,-0.0002699636019384844
0.08887612308000019,-0.003081345376675405,0.0009641443215814244,-0.0002629443592360102
0.08891242868583352,-0.00304874471699357,0.0009737443013937617,-0.0002559425365493535
0.08894873429166686,-0.0030156554813268255,0.0009831835908781705,-0.0002489591549328154
0.08898503989750019,-0.002982086182527351,0.0009924623125719817,-0.00024199531267443143
0.08902134550333352,-0.002948045519962648,0.0010015806208997042,-0.00023505218285925627
0.08905765110916686,-0.0029135423745532164,0.001010538701868587,-0.00022813101122770444
0.08909395671500019,-0.002878585803684673,0.00101933677287667,-0.00022123311439961499
0.08913026232083351,-0.0028431850359296475,0.0010279750824598432,-0.0002143598784843657
0.08916656792666686,-0.002807349465523943,0.0010364539098137123,-0.00020751275804534834
0.08920287353250018,-0.002771088646556895,0.0010447735639527844,-0.0002006932753390791
0.08923917913833353,-0.0027344122868560323,0.0010529343824107799,-0.00019390301971035847
0.08927548474416686,-0.002697330241568926,0.0010609367294374264,-0.00018714364699941113
0.08931179035000018,-0.0026598525064681186,0.0010687809937034475,-0.00018041687880756998
0.08934809595583353,-0.0026219892110258963,0.001076467585580731,-0.00017372450147580675
0.08938440156166685,-0.002583750611322189,0.001083996934113047,-0.00016706836465438756
0.08942070716750018,-0.0025451470828594005,0.0010913694838291178,-0.0001604503793795192
0.08945701277333352,-0.002506189113361341,0.0010985856915705398,-0.0001538725156199519
0.08949331837916685,-0.002466887295629359,0.0011056460235098335,-0.0001473367993079963
0.08952962398500018,-0.0024272523205176684,0.0011125509525185305,-0.0001408453089197057
0.08956592959083352,-0.002387294970072895,0.0011193009560132709,-0.00013440017171261831
0.08960223519666685,-0.00234702611086184,0.0011258965143627838,-0.0001280035597617283
0.0896385408025002,-0.002306456687488508,0.0011323381098850638,-0.00012165768595177215
0.08967484640833352,-0.002265597716279048,0.0011386262264076502,-0.0001153648000846163
0.08971115201416685,-0.0022244602790936615,0.0011447613493105718,-0.00010912718524445403
0.08974745762000019,-0.002183055517209854,0.0011507439659267829,-0.00010294715453242917
0.08978376322583352,-0.0021413946252131027,0.00115657456614347,-9.682704823958682e-05
0.08982006883166685,-0.0020994888448299808,0.0011622536430326853,-9.076923147734326e-05
0.08985637443750019,-0.002057349458645118,0.001167781693342898,-8.477609223335656e-05
0.08989268004333352,-0.002014987783656375,0.0011731592177038857,-7.88500397733144e-05
0.08992898564916686,-0.0019724151646409566,0.0011783867204336715,-7.299350327084997e-05
0.08996529125500019,-0.0019296429673269215,0.001183464708884137,-6.720893052267112e-05
0.09000159686083352,-0.0018866825713874037,0.0011883936923164488,-6.149878659672798e-05
0.09003790246666686,-0.001843545363296481,0.0011931741803528006,-5.586555226881539e-05
0.09007420807250019,-0.0018002427291037033,0.0011978066811013826,-5.031172212654429e-05
0.09011051367833352,-0.0017567860471969904,0.0012022916990916852,-4.483980225653303e-05
0.09014681928416686,-0.0017131866811295757,0.0012066297331829931,-3.9452307476931456e-05
0.09018312489000019,-0.001669455972585291,0.001210821274617576,-3.415175812795839e-05
0.09021943049583352,-0.001625605234547919,0.001214866805380728,-2.8940676482511454e-05
0.09025573610166686,-0.0015816457447254521,0.0012187667970034526,-2.3821582881739353e-05
0.09029204170750019,-0.0015375887392604624,0.0012225217099030106,-1.8796991732112306e-05
0.09032834731333353,-0.0014934454067354465,0.001226131993306003,-1.386940751756621e-05
0.09036465291916686,-0.0014492268824592579,0.0012295980857434461,-9.041320980899053e-06
0.09040095852500019,-0.0014049442429999828,0.0012329204160531847,-4.315205612714508e-06
0.09043726413083353,-0.0013606085009129664,0.0012360994047776427,3.064854444263168e-07
0.09047356973666686,-0.001316230599601894,0.0012391354658092422,4.821322011038615e-06
0.09050987534250018,-0.0012718214082469757,0.001242029008115562,9.226898988241845e-06
0.09054618094833353,-0.0012273917167377674,0.0012447804373735129,1.3520838011571497e-05
0.09058248655416686,-0.0011829522305585852,0.0012473901573567573,1.7700788721455873e-05
0.09061879216000018,-0.0011385135655907442,0.0012498585709516715,2.1764429768417475e-05
0.09065509776583353,-0.001094086242816255,0.001252186080721068,2.570946969577289e-05
0.09069140337166685,-0.0010496806829299933,0.0012543730889870305,2.953364785171518e-05
0.0907277089775002,-0.001005307200889388,0.0012564199974590853,3.3234735475221375e-05
0.09076401458333352,-0.0009609760004500178,0.001258327206485796,3.681053707708065e-05
0.09080032018916685,-0.0009166971687501683,0.0012600951140512792,4.025889220102928e-05
0.0908366257950002,-0.0008724806710158147,0.0012617241146685833,4.357767760446945e-05
0.09087293140083352,-0.0008283363454587991,0.0012632145983361572,4.676480984849083e-05
0.09090923700666685,-0.0007842738984350088,0.0012645669497203121,4.981824823830687e-05
0.0909455426125002,-0.0007403028999167512,0.0012657815477060002,5.273599801302853e-05
0.09098184821833352,-0.0006964327793155694,0.0012668587654225932,5.551611365248607e-05
0.09101815382416686,-0.0006526728216703101,0.0012677989708043832,5.8156702151940144e-05
0.09105445943000019,-0.0006090321641925602,0.001268602527692185,6.0655926114800673e-05
0.09109076503583352,-0.0005655197931399641,0.0012692697974282792,6.301200652895132e-05
0.09112707064166686,-0.0005221445409696536,0.0012698011408476641,6.52232251222585e-05
0.09116337624750019,-0.0004789150837109463,0.0012701969205293326,6.728792623406195e-05
0.09119968185333352,-0.0004358399384899406,0.0012704575031461359,6.920451818742137e-05
0.09123598745916686,-0.0003929274611393127,0.00127058326174336,7.097147419643363e-05
0.09127229306500019,-0.0003501858438343994,0.0012705745777852647,7.25873328886751e-05
0.09130859867083352,-0.00030762311271070555,0.001270431842834537,7.405069855982692e-05
0.09134490427666686,-0.0002652471254368087,0.0012701554597691841,7.536024130182277e-05
0.09138120988250019,-0.00022306556873826454,0.001269745843490647,7.651469715481457e-05
0.09141751548833353,-0.00018108595589026903,0.0012692034211307117,7.75128684259451e-05
0.09145382109416686,-0.00013931562421718206,0.0012685286318174786,7.835362429516525e-05
0.09149012670000019,-9.776173265342425e-05,0.0012677219261067155,7.90359017926285e-05
0.09152643230583353,-5.643125943100249e-05,0.0012667837652195642,7.955870718742078e-05
0.09156273791166686,-1.533099996286923e-05,0.0012657146202471933,7.992111777839737e-05
0.09159904351750019,2.5532435011946314e-05,0.0012645149714855543,8.012228403000603e-05
0.09163534912333353,6.615262096564841e-05,0.0012631853080486925,8.016143195434987e-05
0.09167165472916686,0.00010652332076162882,0.0012617261278786355,8.003786560987458e-05
0.0917079603350002,0.00014663848545743775,0.001260137938226975,7.975096957026603e-05
0.09174426594083353,0.00018649225473340818,0.001258421256632356,7.930021121620425e-05
0.09178057154666686,0.00022607895697162174,0.0012565766123645776,7.868514271760664e-05
0.0918168771525002,0.0002653931090294624,0.0012546045482554563,7.790540260325272e-05
0.09185318275833353,0.00030442941576705175,0.0012525056227943403,7.69607168550213e-05
0.09188948836416685,0.00034318276939685047,0.00125028041233657,7.585089951100146e-05
0.0919257939700002,0.00038164824872572865,0.0012479295132593628,7.457585281036014e-05
0.09196209957583353,0.00041982111835467157,0.0012454535439029688,7.313556695779732e-05
0.09199840518166685,0.00045769682788955016,0.0012428531461551274,7.153011962183776e-05
0.0920347107875002,0.0004952710111992996,0.0012401289865717248,6.975967530517118e-05
0.09207101639333352,0.0005325394857372119,0.001237281756972427,6.782448473418909e-05
0.09210732199916687,0.0005694982519190318,0.00123431217450215,6.572488440783486e-05
0.0921436276050002,0.0006061434925304579,0.0012312209812020516,6.346129642367027e-05
0.09217993321083352,0.0006424715721187057,0.001228008943181795,6.10342286640932e-05
0.09221623881666687,0.0006784790363098686,0.0012246768495230986,5.844427538171756e-05
0.0922525444225002,0.0007141626109872604,0.0012212255110690988,5.569211817480985e-05
0.09228885002833352,0.0007495192012664489,0.0012176557592622655,5.2778527296572144e-05
0.09232515563416686,0.0007845458902102184,0.0012139684451847024,4.9704363201055715e-05
0.09236146124000019,0.000819239937240477,0.0012101644389296124,4.647057819799991e-05
0.09239776684583352,0.0008535987762226958,0.0012062446293941687,4.3078218072191025e-05
0.09243407245166686,0.0008876200132199259,0.0012022099245360663,3.9528423521801226e-05
0.09247037805750019,0.0009213014239355428,0.001198061252083685,3.5822431284689484e-05
0.09250668366333353,0.000954640950884328,0.0011937995606385674,3.1961574850224145e-05
0.09254298926916686,0.0009876367003481944,0.0011894258210641666,2.79472846937033e-05
0.09257929487500019,0.0010202869391840728,0.0011849410280212248,2.3781088016612812e-05
0.09261560048083353,0.0010525900915560396,0.0011803462014912274,1.946460802377067e-05
0.09265190608666686,0.0010845447356612379,0.0011756423881270663,1.4999562812690919e-05
0.09268821169250019,0.001116149600509783,0.0011708306622845931,1.0387763986482812e-05
0.09272451729833353,0.0011474035628036624,0.0011659121266185872,5.63111512540965e-06
0.09276082290416686,0.0011783056439402194,0.0011608879121686553,7.316102613191687e-07
0.0927971285100002,0.0012088550071441952,0.0011557591779103355,-4.3086675074285274e-06
0.09283343411583353,0.0012390509547107406,0.0011505271097989565,-9.487547144424885e-06
0.09286973972166686,0.0012688929253225748,0.0011451929193831561,-1.4802770465047188e-05
0.0929060453275002,0.0012983804913895439,0.0011397578421062315,-2.0251992548594603e-05
0.09294235093333353,0.001327513356349786,0.0011342231354423814,-2.583278178081335e-05
0.09297865653916686,0.0013562913518694892,0.001128590077028414,-3.154261958115147e-05
0.0930149621450002,0.0013847144348830321,0.0011228599629482495,-3.7378899909435185e-05
0.09305126775083353,0.0014127826844266603,0.0011170341063079284,-4.333892867675712e-05
0.09308757335666686,0.001440496298235544,0.001111113836204926,-4.941992320197575e-05
0.0931238789625002,0.001467855589094374,0.0011051004971509436,-5.56190118565727e-05
0.09316018456833353,0.0014948609809534383,0.001098995448956713,-6.193323402657892e-05
0.09319649017416687,0.0015215130048431228,0.0010928000670359984,-6.835954049240296e-05
0.0932327957800002,0.0015478122946378163,0.0010865157430393145,-7.48947942887063e-05
0.09326910138583352,0.0015737595827333634,0.0010801438856907564,-8.153577206116642e-05
0.09330540699166687,0.0015993556957091773,0.0010736859216776496,-8.827916588994655e-05
0.0933417125975002,0.0016246015500461296,0.001067143296434909,-9.512158550602776e-05
0.09337801820333352,0.0016494981479644177,0.0010605174746748654,-0.00010205956079095551
0.09341432380916687,0.0016740465734324773,0.0010538099405378945,-0.00010908954442683174
0.0934506294150002,0.001698247988380028,0.0010470221972768902,-0.0001162079145540754
0.09348693502083354,0.0017221036291274066,0.001040155766435481,-0.00012341097730054896
0.09352324062666686,0.0017456148030216103,0.0010332121865309855,-0.00013069496906641193
0.0935595462325002,0.0017687828852492214,0.0010261930113030907,-0.00013805605848223553
0.09359585183833354,0.0017916093157797058,0.0010190998076328721,-0.0001454903479998826
0.09363215744416686,0.0018140955963812022,0.0010119341532695324,-0.0001529938751218651
0.09366846305000019,0.0018362432876460149,0.0010046976345206835,-0.00016056261332033362
0.09370476865583353,0.0018580540059650946,0.000997391844064246,-0.00016819247273661692
0.09374107426166686,0.0018795294203995977,0.0009900183790258804,-0.00017587930078202278
0.09377737986750019,0.0019006712494122225,0.0009825788394368104,-0.00018361888277723318
0.09381368547333353,0.0019214812574398984,0.0009750748271460157,-0.00019140694276929642
0.09384999107916686,0.0019419612513105653,0.0009675079452123546,-0.00019923914465178185
0.0938862966850002,0.001962113076528,0.0009598797977513164,-0.0002071110936865891
0.09392260229083353,0.001981938613467717,0.0009521919901631068,-0.00021501833848813613
0.09395890789666686,0.0020014397735418905,0.0009444461296286732,-0.00022295637348628073
0.0939952135025002,0.0020206184954004273,0.0009366438257322385,-0.0002309206418381503
0.09403151910833353,0.0020394767412378594,0.0009287866910558608,-0.0002389065387160486
0.09406782471416686,0.0020580164932712855,0.0009208763415947936,-0.000246909414863402
0.0941041303200002,0.002076239750443678,0.0009129143968616246,-0.0002549245802870799
0.09414043592583353,0.002094148525390582,0.0009049024795802729,-0.0002629473079448929
0.09417674153166686,0.002111744841688304,0.0008968422149144405,-0.00027097283729263363
0.0942130471375002,0.0021290307313801154,0.0008887352292244625,-0.0002789963775750397
0.09424935274333353,0.0021460082327560814,0.0008805831483965101,-0.00028701311077733216
0.09428565834916687,0.002162679388344009,0.0008723875958335356,-0.0002950181941950002
0.0943219639550002,0.0021790462430555336,0.0008641501902334569,-0.00030300676262481695
0.09435826956083353,0.002195110842423964,0.0008558725433031031,-0.0003109739302247721
0.09439457516666687,0.002210875230869892,0.0008475562575639867,-0.00031891479212987396
0.0944308807725002,0.002226341449936798,0.0008392029243972787,-0.0003268244259403673
0.09446718637833353,0.002241511536451286,0.0008308141224513653,-0.0003346978932156603
0.09450349198416687,0.002256387520579824,0.0008223914164986024,-0.0003425302411093653
0.0945397975900002,0.0022709714237741543,0.0008139363567822189,-0.00035031650426813277
0.09457610319583354,0.002285265256618728,0.0008054504788445421,-0.00035805170709079257
0.09461240880166687,0.0022992710166133677,0.000796935303779045,-0.0003657308664075585
0.0946487144075002,0.0023129906859408376,0.0007883923388062229,-0.00037334899459568507
0.09468502001333354,0.0023264262292803034,0.0007798230780414362,-0.0003809011031026774
0.09472132561916687,0.002339579591732677,0.0007712290033049093,-0.0003883822063058305
0.0947576312250002,0.0023524526969219777,0.0007626115848219082,-0.00039578732560207594
0.09479393683083354,0.0023650474453283258,0.000753972281674914,-0.00040311149359857065
0.09483024243666686,0.002377365712893861,0.0007453125418979042,-0.0004103497582646941
0.09486654804250019,0.0023894093499242774,0.0007366338021426422,-0.0004174971869111486
0.09490285364833353,0.002401180180287662,0.0007279374868939803,-0.0004245488698811085
0.09493915925416686,0.002412680000891133,0.0007192250072606535,-0.00043149992386973057
0.0949754648600002,0.002423910581396581,0.0007104977594146954,-0.00043834549482841113
0.09501177046583353,0.002434873664121588,0.0007017571227915662,-0.00044508076045461805
0.09504807607166686,0.0024455709640619243,0.0006930044581902807,-0.00045170093231212553
0.0950843816775002,0.0024560041689688796,0.0006842411059254337,-0.00045820125766530553
0.09512068728333353,0.0024661749394183927,0.0006754683841797417,-0.0004645770211405917
0.09515699288916686,0.0024760849088190603,0.0006666875876869335,-0.00047082354634518235
0.0951932984950002,0.0024857356833216113,0.0006578999868425037,-0.00047693619757567925
0.09522960410083353,0.0024951288416116425,0.0006491068272974037,-0.0004829103817374217
0.09526590970666687,0.0025042659345883415,0.0006403093300416433,-0.0004887415505700833
0.0953022153125002,0.0025131484849523597,0.0006315086919360374,-0.0004944252032394021
0.09533852091833353,0.0025217779867438084,0.0006227060866060698,-0.0004999568893125831
0.09537482652416687,0.0025301559048846746,0.0006139026655766619,-0.0005053322120905285
0.0954111321300002,0.0025382836747873884,0.000605099559504204,-0.0005105468322284053
0.09544743773583353,0.0025461627020920458,0.0005962978793548366,-0.0005155964715416402
0.09548374334166687,0.0025537943625888303,0.0005874987173864048,-0.0005204769168709401
0.0955200489475002,0.0025611800023700726,0.000578703147814837,-0.0005251840238698861
0.09555635455333353,0.002568320938239434,0.0005699122270814408,-0.0005297137205830904
0.09559266015916687,0.0025752184583856417,0.0005611269936820055,-0.0005340620107013526
0.0956289657650002,0.0025818738233071357,0.0005523484675669874,-0.0005382249764106729
0.09566527137083354,0.0025882882669540884,0.0005435776491693529,-0.000542198780791082
0.09570157697666687,0.002594462998037614,0.0005348155181579273,-0.0005459796697648094
0.0957378825825002,0.0026003992014443015,0.0005260630320450255,-0.0005495639736366189
0.09577418818833354,0.0026060980396887044,0.0005173211247945106,-0.0005529481083075429
0.09581049379416687,0.002611560654337657,0.0005085907055784434,-0.000556128576272612
0.0958467994000002,0.0026167881673481203,0.0004998726578169661,-0.0005591019675303709
0.09588310500583354,0.0026217816822738695,0.0004911678386084459,-0.0005618649605351641
0.09591941061166687,0.002626542285314298,0.0004824770786181036,-0.0005644143233120653
0.0959557162175002,0.0026310710461990203,0.0004738011824474486,-0.00056674691483014
0.09599202182333354,0.0026353690189227265,0.0004651409294586415,-0.0005688596866951122
0.09602832742916687,0.002639437242363674,0.00045649707498246364,-0.0005707496851812153
0.09606463303500021,0.0026432767408343266,0.00044787035180062266,-0.000572414053578515
0.09610093864083354,0.0026468885246224137,0.0004392614717666316,-0.0005738500347909907
0.09613724424666686,0.002650273590584063,0.0004306711274172028,-0.0005750549740865792
0.0961735498525002,0.002653432922847319,0.0004220999934292622,-0.0005760263218768841
0.09620985545833353,0.002656367493674635,0.00041354872779594907,-0.00057676163639385
0.09624616106416686,0.002659078264517883,0.00040501797262638143,-0.0005772585861344988
0.0962824666700002,0.0026615661872805853,0.0003965083545152268,-0.0005775149519623906
0.09631877227583353,0.0026638322057814683,0.0003880204844748848,-0.0005775286287838958
0.09635507788166688,0.0026658772573931525,0.0003795549574704594,-0.0005772976267554485
0.0963913834875002,0.002667702274812021,0.0003711123516407179,-0.0005768200720205981
0.09642768909333353,0.0026693081879018326,0.00036269322732240524,-0.0005760942070182728
0.09646399469916687,0.0026706959255459292,0.00035429812601705407,-0.0005751183904416434
0.0965003003050002,0.0026718664174416877,0.00034592756944653924,-0.0005738910969562499
0.09653660591083353,0.0026728205957763426,0.00033758205883536416,-0.0005724109168035066
0.09657291151666687,0.002673559396734865,0.0003292620745349197,-0.0005706765554194753
0.0966092171225002,0.002674083761807032,0.000320968076070136,-0.0005686868331885263
0.09664552272833353,0.0026743946388804425,0.000312700502645716,-0.0005664406854283428
0.09668182833416687,0.002674492983126982,0.0003044597741020357,-0.0005639371626691818
0.0967181339400002,0.0026743797577099696,0.00029624629226475174,-0.0005611754312500429
0.09675443954583354,0.002674055934355895,0.0002880604425919902,-0.000558154774211761
0.09679074515166687,0.002673522493846491,0.00027990259599288715,-0.0005548745924266433
0.0968270507575002,0.002672780426492757,0.00027177311067434306,-0.000551334405870465
0.09686335636333354,0.002671830732651777,0.00026367233387088467,-0.0005475338549190606
0.09689966196916687,0.0026706744233398892,0.00025560060332567266,-0.0005434727015409207
0.0969359675750002,0.002669312520982756,0.00024755824841755285,-0.0005391508302602734
0.09697227318083354,0.0026677460603254832,0.00023954559086678372,-0.000534568248781751
0.09700857878666687,0.0026659760895060085,0.00023156294499671807,-0.0005297250881960936
0.0970448843925002,0.0026640036712746043,0.0002236106175755894,-0.0005246216027233606
0.09708118999833354,0.002661829884323619,0.00021568890730674643,-0.000519258168991803
0.09711749560416687,0.0026594558246765335,0.00020779810407257752,-0.000513635284892414
0.09715380121000021,0.0026568826070755463,0.00019993848806312288,-0.0005077535680867039
0.09719010681583354,0.002654111366303299,0.0001921103289323183,-0.0005016137542744296
0.09722641242166687,0.0026511432583773676,0.00018431388512172341,-0.0004952166953457246
0.09726271802750021,0.002647979461565466,0.0001765494034738168,-0.0004885633575464344
0.09729902363333354,0.0026446211771839812,0.0001688171192263736,-0.00048165481977605485
0.09733532923916687,0.00264106963016094,0.00016111725643930556,-0.00047449227211551715
0.09737163484500021,0.002637326069364879,0.00015345002885985067,-0.0004670770146496051
0.09740794045083354,0.002633391767721252,0.00014581564118592408,-0.0004594104566095328
0.09744424605666688,0.0026292680221558524,0.00013821429064560188,-0.0004514941158194144
0.0974805516625002,0.002624956153418401,0.00013064616877747452,-0.00044332961839052174
0.09751685726833353,0.0026204575058475714,0.00012311146327543897,-0.0004349186985736476
0.09755316287416688,0.0026157734471404133,0.00011561035975458791,-0.00042626319865617844
0.0975894684800002,0.0026109053681842923,0.00010814304330289923,-0.00041736506877916064
0.09762577408583353,0.002605854682998533,0.00010070969970555966,-0.00040822636655192713
0.09766207969166688,0.0026006228288171763,9.331051626263212e-05,-0.00039884925635745615
0.0976983852975002,0.0025952112663252085,8.594568216283398e-05,-0.0003892360082688638
0.09773469090333353,0.0025896214800403623,7.861538842201911e-05,-0.0003793889965333326
0.09777099650916687,0.0025838549788131876,7.131982743975145e-05,-0.0003693106976204727
0.0978073021150002,0.0025779132964016097,6.405919226644156e-05,-0.00035900368787321113
0.09784360772083354,0.0025717979920643463,5.6833675702813265e-05,-0.0003484706408363923
0.09787991332666687,0.0025655106511115614,4.96434693699334e-05,-0.00033771432436736264
0.0979162189325002,0.002559052885351639,4.248876288997577e-05,-0.0003267375976508015
0.09795252453833354,0.0025524263333799005,3.5369743305129835e-05,-0.00031554340824503185
0.09798883014416687,0.002545632660667744,2.8286594835967683e-05,-0.00030413478927850167
0.0980251357500002,0.002538673559427718,2.123949904390751e-05,-0.0002925148568940126
0.09806144135583354,0.002531550748249709,1.4228635419015087e-05,-0.00028068680800689657
0.09809774696166687,0.002524265971523647,7.254182368819747e-06,-0.00026865391840509524
0.09813405256750021,0.002516820998682823,3.1631854085958774e-07,-0.0002564195411781235
0.09817035817333354,0.0025092176233171316,-6.584775624198862e-06,-0.00024398710542260335
0.09820666377916687,0.002501457662215706,-1.3448916237058733e-05,-0.00023136011513867378
0.09824296938500021,0.0024935429544024673,-2.0275914341707506e-05,-0.00021854214820768965
0.09827927499083354,0.002485475360225642,-2.7065574471533253e-05,-0.0002055368553297736
0.09831558059666687,0.002477256760553592,-3.381769349913497e-05,-0.00019234795880122794
0.09835188620250021,0.0024688890561152406,-4.053205986958282e-05,-0.00017897925102636615
0.09838819180833354,0.002460374167005467,-4.720845326783598e-05,-0.00016543459268439272
0.09842449741416687,0.0024517140323559554,-5.384664472676551e-05,-0.0001517179105067162
0.09846080302000021,0.0024429106101521484,-6.044639713739566e-05,-0.0001378331946597661
0.09849710862583354,0.0024339658771593245,-6.700746608225628e-05,-0.00012378449576872045
0.09853341423166688,0.002424881828907135,-7.352960088038207e-05,-0.00010957592165419347
0.09856971983750021,0.0024156604796737027,-8.001254571186607e-05,-9.52116338829532e-05
0.09860602544333354,0.002406303862408399,-8.645604068310928e-05,-8.069584425202399e-05
0.09864233104916688,0.0023968140285369048,-9.285982270168423e-05,-6.603281133114008e-05
0.09867863665500021,0.002387193047602648,-9.922362605120531e-05,-5.1226837180873345e-05
0.09871494226083354,0.0023774430067140784,-0.00010554718258949875,-3.6282264343710816e-05
0.09875124786666688,0.002367566009785914,-0.00011183022153422631,-2.1203473175088507e-05
0.0987875534725002,0.0023575641765824864,-0.0001180724688446493,-5.994879544172681e-06
0.09882385907833353,0.002347439641590567,-0.0001242736462517576,9.339067105965326e-06
0.09886016468416688,0.0023371945527655468,-0.0001304334700269798,2.4793885387886997e-05
0.0988964702900002,0.0023268310702068674,-0.00013655164960817221,4.036506337134057e-05
0.09893277589583355,0.0023163513648248955,-0.00014262788621759352,5.604805986321929e-05
0.09896908150166688,0.0023057576170613654,-0.00014866187160845972,7.183830568471726e-05
0.0990053871075002,0.002295052015719068,-0.00015465328706426663,8.773120506389417e-05
0.09904169271333355,0.0022842367569443456,-0.0001606018027496906,0.00010372213724838495
0.09907799831916687,0.0022733140433894173,-0.000166507077476209,0.00011980645841810052
0.0991143039250002,0.002262286083562324,-0.00017236875890336997,0.0001359795039441667
0.09915060953083354,0.0022511550913523605,-0.00017818648415231114,0.00015223659100167315
0.09918691513666687,0.0022399232857003414,-0.00018395988076631853,0.00016857302150422688
0.09922322074250021,0.0022285928903678213,-0.00018968856791829624,0.00018498408529208567
0.09925952634833354,0.0022171661337490826,-0.00019537215774062143,0.00020146506347667656
0.09929583195416687,0.002205645248665329,-0.0002010102566415171,0.0002180112318256854
0.09933213756000021,0.0021940324720825842,-0.00020660246647494904,0.00023461786406661912
0.09936844316583354,0.0021823300447030196,-0.00021214838544781082,0.0002512802349934453
0.09940474877166687,0.0021705402103929924,-0.0002176476086770252,0.0002679936232798587
0.09944105437750021,0.0021586652154285037,-0.00022309972834711622,0.0002847533139318515
0.09947735998333354,0.0021467073075583203,-0.00022850433346181188,0.0003015546003484261
0.09951366558916687,0.002134668734904535,-0.0002338610092268124,0.0003183927859985843
0.09954997119500021,0.002122551744737892,-0.00023916933614044817,0.00033526318576092886
0.09958627680083354,0.00211035858217889,-0.0002444288889004193,0.0003521611270052251
0.09962258240666688,0.0020980914888841266,-0.00024963923525488145,0.0003690819505195532
0.09965888801250021,0.002085752701779637,-0.0002547999349327433,0.00038602101139965467
0.09969519361833354,0.002073344451898902,-0.00025991053878050244,0.0004029736800173687
0.09973149922416688,0.0020608689633731703,-0.00026497058821208777,0.00041993534317267026
0.09976780483000021,0.0020483284526068256,-0.00026997961504620136,0.00043690140551012354
0.09980411043583354,0.0020357251276522494,-0.0002749371417659263,0.00045386729124812604
0.09984041604166688,0.0020230611877789374,-0.0002798426821920591,0.00047082844623165553
0.09987672164750021,0.0020103388232125337,-0.00028469574251926977,0.000487780340280403
0.09991302725333354,0.0019975602150029666,-0.00028949582262721664,0.0005047184697683639
0.09994933285916688,0.001984727534968697,-0.00029424241755100284,0.0005216383603420114
0.0999856384650002,0.0019718429456574865,0.9997010649810203,0.0005385355697593185
0.10002194407083355,0.001958908600263761,0.9996964268833499,0.0005554056901660365
0.10005824967666688,0.0019459266424485704,0.9909715787606166,0.000572244351098901
0.1000945552825002,0.001932899206019741,0.9735886834466014,0.0005890472212739902
0.10013086088833355,0.001919828414445842,0.9476716016595944,0.0006058100104507954
0.10016716649416688,0.0019067163801963635,0.9134049665277819,0.0006225284708109826
0.1002034721000002,0.00189356520392009,0.8710328045574215,0.0006391983979430515
0.10023977770583355,0.001880376973491974,0.820856714168728,0.0006558156314766607
0.10027608331166687,0.0018671537629739922,0.763233616471383,0.0006723760554432067
0.10031238891750022,0.001853897631545893,0.698573096369588,0.0006888755984637263
0.10034869452333355,0.0018406106224663525,0.6273343553466717,0.0007053102338787363
0.10038500012916687,0.0018272947621233622,0.5500228003540265,0.0007216759799357991
0.10042130573500022,0.0018139520592248648,0.46718629609287776,0.0007379689001393213
0.10045761134083354,0.0018005845041675402,0.3794111106063011,0.0007541851038445887
0.10049391694666687,0.0017871940686046077,0.2873175864712822,0.000770320747146774
0.10053022255250021,0.001773782705214317,0.19155557197700762,0.0007863720340789966
0.10056652815833354,0.0017603523476514644,0.09279964847893248,0.000802335218095426
0.10060283376416687,0.0017469049106467866,-0.008255808386017137,0.0008182066037800017
0.10063913937000021,0.001733442290205296,-0.11090169476129673,0.0008339825486923957
0.10067544497583354,0.0017199663638459372,-0.21441933219977935,0.0008496594652434669
0.10071175058166688,0.001706478990822274,-0.3180856686365549,0.000865233822484721
0.10074805618750021,0.001692982012267531,-0.42117848630619226,0.0008807021477009982
0.10078436179333354,0.0016794772512168223,-0.5229815763670751,0.0008960610277122388
0.10082066739916688,0.0016659665124738121,-0.6227898404922054,0.0009113071098169208
0.10085697300500021,0.0016524515823068482,-0.7199142805115605,0.0009264371023437194
0.10089327861083354,0.0016389342279789407,-0.8136868383367443,0.0009414477748154693
0.10092958421666688,0.0016254161971348045,-0.9034650498524343,0.0009563359577665589
0.10096588982250021,0.0016118992170845753,-0.9886364782063491,0.0009710985422874959
0.10100219542833355,0.0015983849940360434,-1.0686228939528897,0.0009857324793950551
0.10103850103416688,0.0015848752123340574,-1.1428841717855236,0.0010002347793405324
0.10107480664000021,0.0015713715337664213,-1.2109218761074898,0.0010146025109706875
0.10111111224583355,0.001557875596990082,-1.272282510415584,0.0010288328012457773
0.10114741785166688,0.001544389017120263,-1.3265604083820852,0.00104292283499778
0.10118372345750021,0.0015309133855096117,-1.3734002475882563,0.0010568698549818065
0.10122002906333355,0.0015174502697260098,-1.4124991700611573,0.0010706711622380444
0.10125633466916688,0.0015040012137183933,-1.4436084970647471,0.0010843241167442222
0.1012926402750002,0.0014905677381417245,-1.4665350289668413,0.0010978261383035371
0.10132894588083355,0.001477151340797077,-1.4811419244156263,0.0011111747075840208
0.10136525148666688,0.001463753497132189,-1.4873491564832406,0.001124367367205521
0.10140155709250022,0.0014503756607429311,-1.4851335468398614,0.0011374017227619617
0.10143786269833355,0.0014370192638174131,-1.4745283823807227,0.0011502754436702011
0.10147416830416688,0.0014236857174717888,-1.4556226220122286,0.0011629862637522236
0.10151047391000022,0.0014103764119394286,-1.4285597044845244,0.0011755319814828915
0.10154677951583355,0.0013970927165917065,-1.3935359712104405,0.001187910459868292
0.10158308512166687,0.0013838359797874523,-1.3507987209099657,0.0012001196259563095
0.10161939072750022,0.0013706075285671874,-1.3006439156422815,0.0012121574700174975
0.10165569633333355,0.0013574086682256131,-1.2434135603126504,0.0012240220444666979
0.10169200193916687,0.001344240681809637,-1.1794927800498347,0.0012357114626207072
0.10172830754500022,0.0013311048295980834,-1.1093066219241126,0.0012472238974019605
0.10176461315083354,0.0013180023486222012,-1.0333166093014967,0.0012585575801011381
0.10180091875666689,0.0013049344522828717,-0.9520170786940433,0.0012697107993025225
0.10183722436250021,0.00129190233011136,-0.8659313302592219,0.0012806819000558277
0.10187352996833354,0.0012789071477064989,-0.7756076241158806,0.0012914692833492897
0.10190983557416688,0.0012659500468638078,-0.6816150553756777,0.001302071405904149
0.10194614118000021,0.0012530321458930418,-0.5845393412349222,0.001312486780274027
0.10198244678583354,0.0012401545401020174,-0.4849785536331664,0.0013227139751980203
0.10201875239166688,0.0012273183024082274,-0.3835388308648194,0.0013327516161273274
0.10205505799750021,0.0012145244840274267,-0.28083010113423607,0.001342598385824983
0.10209136360333355,0.00120177411518132,-0.1774618503813174,0.0013522530249289646
0.10212766920916688,0.0011890682057654608,-0.07403896578409902,0.0013617143323715083
0.10216397481500021,0.0011764077459235527,0.028842314820314508,0.0013709811655616504
0.10220028042083355,0.0011637937064850178,0.13059831875021674,0.001380052440262218
0.10223658602666688,0.0011512270392378206,0.23066169229165126,0.0013889271301241312
0.10227289163250021,0.0011387086770265479,0.3284849670755542,0.001397604265876518
0.10230919723833355,0.0011262395336847583,0.4235439155673722,0.0014060829342069623
0.10234550284416688,0.0011138205038286368,0.515340674353475,0.0014143622763983362
0.10238180845000021,0.0011014524625541596,0.6034066161797087,0.0014224414868137009
0.10241811405583355,0.0010891362650907069,0.6873049540806514,0.0014303198113359843
0.10245441966166688,0.001076872746469235,0.7666330634107882,0.0014379965458729824
0.10249072526750022,0.0010646627212622163,0.8410245101278552,0.0014454710350302604
0.10252703087333355,0.001052506983445661,0.9101507762608161,0.0014527426710356538
0.10256333647916688,0.0010404063064213878,0.9737226760972265,0.001459810892971326
0.10259964208500022,0.001028361443221571,1.0314914592242794,0.0014666751863357116
0.10263594769083355,0.001016373126899151,1.0832495991322606,0.0014733350829218015
0.10267225329666688,0.0010044420710888836,1.1288312686167847,0.0014797901609639392
0.10270855890250022,0.000992568970706568,1.168112505676199,0.0014860400454762821
0.10274486450833355,0.0009807545027401428,1.2010110759731156,0.0014920844086854334
0.10278117011416689,0.0009689993270773063,1.2274860401955636,0.0014979229704496575
0.10281747572000022,0.0009573040873110387,1.2475370367964576,0.0015035554985586245
0.10285378132583355,0.0009456694114672182,1.2612032925942263,0.0015089818088205866
0.10289008693166689,0.0009340959126071253,1.2685623755683622,0.0015142017648668636
0.10292639253750022,0.0009225841892711261,1.2697287058689597,0.001519215277634007
0.10296269814333354,0.0009111348257467915,1.264851842568404,0.0015240223045187523
0.10299900374916689,0.0008997483921633875,1.25411456500756,0.001528622848236111
0.10303530935500022,0.0008884254444330984,1.237730768721309,0.0015330169554429165
0.10307161496083354,0.0008771665240756179,1.2159431968642698,0.001537204715214417
0.10310792056666689,0.0008659721579751463,1.1890210287940994,0.001541186257477387
0.10314422617250021,0.0008548428581260979,1.157257348005935,0.0015449617515080553
0.10318053177833356,0.00084377912142519,1.1209665119481462,0.0015485314045964045
0.10321683738416688,0.0008327814295629126,1.0804814463892949,0.0015518954609608684
0.10325314299000021,0.0008218502490571704,1.0361508869533695,0.0015550542009710165
0.10328944859583356,0.0008109860314572083,0.9883365902009601,0.0015580079407033595
0.10332575420166688,0.0008001892137283148,0.9374105362154751,0.0015607570318204207
0.10336205980750021,0.0007894602188090871,0.883752144064634,0.0015633018617294617
0.10339836541333355,0.0007787994563151826,0.8277455207583374,0.0015656428539483648
0.10343467101916688,0.0007682073233483387,0.7697767634258386,0.0015677804685852409
0.10347097662500021,0.0007576842053585948,0.7102313334000867,0.001569715202827596
0.10350728223083355,0.0007472304770022145,0.6494915197382374,0.0015714475913374978
0.10354358783666688,0.0007368465029383497,0.5879340084383804,0.001572978206461037
0.10357989344250022,0.0007265326385139502,0.5259275722478766,0.001574307658182222
0.10361619904833355,0.0007162892302981159,0.46383089451310244,0.0015754365937809018
0.10365250465416688,0.0007061166164427961,0.4019905390089685,0.0015763656971882333
0.10368881026000022,0.0006960151268648151,0.34073907612454796,0.0015770956880679652
0.10372511586583355,0.0006859850832627668,0.28039337418379373,0.0015776273206836657
0.10376142147166688,0.0006760267989994262,0.22125306306275866,0.001577961382637607
0.10379772707750022,0.0006661405788942054,0.16359917564184062,0.0015780986935835957
0.10383403268333355,0.0006563267189793782,0.10769297101779413,0.0015780401040218655
0.10387033828916689,0.000646585506277373,0.053774941809505115,0.0015777864942786433
0.10390664389500022,0.0006369172186540064,0.0020640063370581966,0.001577338773756767
0.10394294950083355,0.0006273221247943728,-0.0472431150520983,0.0015766978805185614
0.10397925510666689,0.0006178004843350599,-0.09397234168148437,0.0015758647812307664
0.10401556071250022,0.0006083525481698118,-0.13797249581448467,0.0015748404714670619
0.10405186631833355,0.0005989785589274162,-0.17911539233386392,0.0015736259763302997
0.10408817192416689,0.0005896787516023814,-0.21729576087701033,0.0015722223513275175
0.10412447753000022,0.0005804533543027825,-0.25243100758083503,0.0015706306834092586
0.10416078313583355,0.0005713025890671805,-0.2844608245967124,0.0015688520920729317
0.10419708874166689,0.0005622266726950526,-0.31334665643499565,0.00156688773042912
0.10423339434750022,0.0005532258175334841,-0.339071032986718,0.0015647387861399428
0.10426969995333356,0.0005443002321671385,-0.3616367797444846,0.0015624064821586018
0.10430600555916689,0.0005354501219682865,-0.38106611630380455,0.0015598920772269115
0.10434231116500021,0.0005266756894779165,-0.3973996546698213,0.0015571968661198677
0.10437861677083356,0.000517977134606179,-0.41069530922325326,0.0015543221796596152
0.10441492237666689,0.0005093546546588361,-0.4210271304150182,0.0015512693845518878
0.10445122798250021,0.0005008084442140725,-0.42848407436410774,0.001548039883122736
0.10448753358833356,0.0004923386948891406,-0.4331687205312999,0.0015446351130493797
0.10452383919416688,0.0004839455950472757,-0.4351959495365765,0.0015410565471845276
0.10456014480000023,0.0004756293295009994,-0.4346915929857265,0.0015373056935677745
0.10459645040583355,0.0004673900792677409,-0.43179106687734403,0.0015333840957012454
0.10463275601166688,0.0004592280214276706,-0.42663799978165107,0.001529293333141103
0.10466906161750023,0.000451143329122396,-0.41938286652422574,0.0015250350224244812
0.10470536722333355,0.000443136171717894,-0.4101816375781773,0.0015206108183160988
0.10474167282916688,0.00043520671513734343,-0.39919445377535073,0.0015160224153238468
0.10477797843500022,0.0004273551223512234,-0.38658433529881214,0.0015112715494015514
0.10481428404083355,0.00041958155399506714,-0.37251593322342125,0.0015063599997329918
0.10485058964666688,0.00041188616907137656,-0.35715433113708783,0.001501289590476425
0.10488689525250022,0.0004042691256828501,-0.34066390361072085,0.0014960621923446483
0.10492320085833355,0.00039673058174022953,-0.32320723749820257,0.0014906797239021873
0.1049595064641669,0.00038927069559012575,-0.30494412124709935,0.0014851441524775222
0.10499581207000022,0.00038188962651591467,-0.2860306065941502,0.0014794574946123164
0.10503211767583355,0.0003745875350773966,-0.26661814621442986,0.0014736218159984958
0.10506842328166689,0.0003673645832710643,-0.2468528100966599,0.001467639230884368
0.10510472888750022,0.00036022093451083765,-0.2268745826361878,0.0014615119009591998
0.10514103449333355,0.0003531567534471239,-0.2068167416779333,0.0014552420337485131
0.10517734009916689,0.00034617220565816563,-0.18680532000984734,0.0014488318805670729
0.10521364570500022,0.0003392674572601805,-0.16695864910832145,0.001442283734081322
0.10524995131083355,0.0003324426744904611,-0.14738698427513544,0.0014355999255271157
0.10528625691666689,0.0003256980233196077,-0.12819220968496314,0.0014287828216124566
0.10532256252250022,0.00031903366914520103,-0.10946762128661372,0.0014218348211100767
0.10535886812833356,0.00031244977660990086,-0.0912977849729294,0.001414758351113686
0.10539517373416689,0.00030594650957315356,-0.07375846695587784,0.0014075558628976956
0.10543147934000022,0.0002995240312488524,-0.056916632856591876,0.0014002298272868324
0.10546778494583356,0.0002931825045031801,-0.04083051164609739,0.0013927827294128198
0.10550409055166689,0.00028692209228935726,-0.025549720251874394,0.0013852170627133872
0.10554039615750022,0.00028074295818095554,-0.011115444378342915,0.0013775353220167336
0.10557670176333356,0.00027464526695436964,0.0024393291245133246,0.0013697399955536888
0.10561300736916689,0.00026862918516513636,0.015089533171720789,0.001361833555750539
0.10564931297500023,0.0002626948816626442,0.026817699570933336,0.0013538184486770405
0.10568561858083356,0.0002568425279934086,0.03761360136612708,0.001345697082054694
0.10572192418666689,0.0002510722986538999,0.04747386341038129,0.0013374718117672199
0.10575822979250023,0.00024538437116877363,0.05640154614997672,0.00132914492685515
0.10579453539833356,0.0002397789259877113,0.06440570752929577,0.0013207186330161243
0.10583084100416688,0.00023425614621212367,0.07150094781434728,0.0013121950346686362
0.10586714661000023,0.00022881621717981668,0.07770694198544567,0.0013035761156669217
0.10590345221583355,0.00022345932594961757,0.08304796417011122,0.0012948637187765967
0.10593975782166688,0.00021818566073746227,0.08755240837921728,0.0012860595240336804
0.10597606342750023,0.0002129954103595662,0.09125230957645872,0.0012771650261141328
0.10601236903333355,0.00020788876373661907,0.09418286885705195,0.0012681815108383674
0.1060486746391669,0.00020286590950563957,0.09638198623987912,0.00125911003092773
0.10608498024500022,0.00019792703577396775,0.09788980429167501,0.0012499513811207094
0.10612128585083355,0.00019307233003413183,0.09874826550584244,0.0012407060727490638
0.1061575914566669,0.0001883019792406503,0.0990006860554557,0.001231374307871506
0.10619389706250022,0.0001836161700320609,0.09869134823319699,0.0012219559530681475
0.10623020266833355,0.00017901508906546142,0.09786511358341102,0.0012124505130148477
0.1062665082741669,0.00017449892341826797,0.09656705842600706,0.0012028571039843588
0.10630281388000022,0.00017006786100405403,0.09484213317122338,0.001193174427460915
0.10633911948583355,0.00016572209094704008,0.09273484653072232,0.0011834007441058117
0.10637542509166689,0.00016146180386329383,0.09028897544631136,0.0011735338483715408
0.10641173069750022,0.00015728719200560468,0.087547301284772,0.0011635710441283442
0.10644803630333356,0.00015319844924238093,0.08455137258759077,0.0011535091217361334
0.10648434190916689,0.00014919577085738435,0.0813412944193678,0.001143344337062854
0.10652064751500022,0.00014527935317494513,0.07795554412965426,0.0011330723930139282
0.10655695312083356,0.00014144939303263273,0.07443081313104097,0.0011226884241931896
0.10659325872666689,0.00013770608713838762,0.07080187410237113,0.0011121869853613128
0.10662956433250022,0.00013404963136028381,0.06710147285063989,0.001101562044391637
0.10666586993833356,0.00013048022000323079,0.0633602439089158,0.001090806980445106
0.10670217554416689,0.0001269980451274047,0.05960664881069819,0.0010799145880963895
0.10673848115000023,0.00012360329595797703,0.05586693586352412,0.0010688770881437035
0.10677478675583356,0.00012029615842533493,0.05216512014616691,0.0010576861458275997
0.10681109236166689,0.00011707681486055082,0.048522982374039854,0.0010463328971716834
0.10684739796750023,0.00011394544385386586,0.04496008521586916,0.0010348079841434516
0.10688370357333356,0.00011090222026618038,0.04149380560060066,0.0010231015993185152
0.10692000917916689,0.00010794731536684549,0.03813938152598627,0.0010112035407180094
0.10695631478500023,0.00010508089705716568,0.03490997186836764,0.0009991032774777395
0.10699262039083356,0.00010230313012939677,0.03181672769575112,0.0009867900269981827
0.10702892599666688,9.961417650665575e-05,0.02886887360219212,0.000974252844215447
0.10706523160250023,9.70141954105006e-05,0.026073797609574893,0.0009614807236221441
0.10710153720833356,9.450334340984288e-05,0.023437148221856653,0.0009484627146505624
0.1071378428141669,9.208177431659947e-05,0.02096293726551012,0.0009351880510045864
0.10717414842000023,8.974963890884316e-05,0.018653647207026735,0.0009216462944873941
0.10721045402583355,8.750708447957247e-05,0.0165103417027412,0.0009078274938150685
0.1072467596316669,8.535425422677668e-05,0.014532778206752197,0.0008937223588284077
0.10728306523750022,8.329128651639423e-05,0.012719521538234083,0.0008793224504137456
0.10731937084333355,8.131831406239332e-05,0.011068057388898902,0.0008646203863168732
0.1073556764491669,7.943546307623113e-05,0.009574904833767316,0.0008496100628817479
0.10739198205500022,7.764285244053999e-05,0.008235726992782135,0.0008342868925683227
0.10742828766083357,7.594059295878234e-05,0.007045439076241124,0.0008186480569033713
0.1074645932666669,7.432878672414132e-05,0.005998313132679557,0.0008026927742973225
0.10750089887250022,7.280752663795968e-05,0.005088078902890959,0.0007864225819221893
0.10753720447833356,7.137689609196258e-05,0.004308020267482615,0.0007698416305942554
0.10757351008416689,7.003696881097848e-05,0.003651066857021179,0.0007529569913438125
0.10760981569000022,6.878780883573635e-05,0.0031098804727926112,0.00073577897208607
0.10764612129583356,6.762947061035189e-05,0.002676936041902651,0.000718321442534916
0.10768242690166689,6.656199912787961e-05,0.0023445969023712225,0.0007006021652262652
0.10771873250750022,6.558543008096882e-05,0.0021051842815931186,0.0006826431302411955
0.10775503811333356,6.469978996387587e-05,0.001951040894693585,0.0006644708909411264
0.10779134371916689,6.390509607692969e-05,0.00187458864762896,0.0006461168977475082
0.10782764932500023,6.32013563945115e-05,0.0018683804831808326,0.0006276178267161073
0.10786395493083356,6.25885692716502e-05,0.001925146456161327,0.0006090158993702622
0.10790026053666689,6.206672298098393e-05,0.0020378341671601435,0.0005903591899680293
0.10793656614250023,6.16357950893593e-05,0.0021996437220667578,0.0005717019160852495
0.10797287174833356,6.129575169990466e-05,0.002404057417504087,0.0005531047081015372
0.10800917735416689,6.104654659929887e-05,0.0026448643803776953,0.0005346348528815234
0.10804548296000023,6.088812035971664e-05,0.002916180413185197,0.0005163665066532021
0.10808178856583356,6.082039944955425e-05,0.0032124633157833496,0.0004983808718040843
0.10811809417166689,6.0843295406048805e-05,0.0035285239692352836,0.00048076633205041574
0.10815439977750023,6.095670411640934e-05,0.0038595334784275047,0.0004636185401922855
0.10819070538333356,6.11605052427625e-05,0.0042010266776277725,0.00044704045245605375
0.1082270109891669,6.145456181126403e-05,0.00454890230731845,0.00043114230325345644
0.10826331659500023,6.183871996870205e-05,0.004899420171744939,0.0004160415140622299
0.10829962220083356,6.231280889259659e-05,0.005249195584915123,0.000401862530063926
0.1083359278066669,6.287664082498818e-05,0.0055951914085136025,0.00038873657816778783
0.10837223341250023,6.353001118745298e-05,0.005934707978587095,0.0003768013401111744
0.10840853901833356,6.427269872669923e-05,0.006265371209143369,0.000366200534462007
0.1084448446241669,6.510446563723814e-05,0.006585119150213556,0.00035708340156085966
0.10848115023000023,6.602505761037477e-05,0.0068921872656869726,0.0003496040857324034
0.10851745583583357,6.703420376683813e-05,0.007185092682573546,0.00034392090946982134
0.1085537614416669,6.813161644291741e-05,0.007462617648522118,0.0003401955347527972
0.10859006704750022,6.93169908156813e-05,0.007723792418668438,0.00033859200720061687
0.10862637265333357,7.059000437008757e-05,0.007967877776452385,0.00033927567938758535
0.1086626782591669,7.195031622774397e-05,0.008194347376176065,0.0003424120103592202
0.10869898386500022,7.339756637199138e-05,0.008402870078012508,0.00034816523918566704
0.10873528947083357,7.493137481529392e-05,0.008593292429145978,0.00035669693127492603
0.1087715950766669,7.65513407614628e-05,0.008765621427937905,0.00036816439714445917
0.10880790068250022,7.825704181633367e-05,0.008920007691651612,0.00038271898441731946
0.10884420628833356,8.004803329605285e-05,0.009056729132490211,0.000400504244969667
0.10888051189416689,8.192384767257591e-05,0.00917617523162909,0.00042165398041143484
0.10891681750000023,8.388399418234517e-05,0.009278831986648417,0.00044629017043106006
0.10895312310583356,8.592795860781363e-05,0.00936526759435066,0.0004745207899773362
0.10898942871166689,8.8055203224225e-05,0.009436118918412506,0.0005064375227835765
0.10902573431750023,9.026516688764092e-05,0.009492078779673343,0.0005421133803563445
0.10906203992333356,9.255726522633806e-05,0.009533884096088232,0.000581600237245663
0.10909834552916689,9.493089088782137e-05,0.009562304889442508,0.0006249262951760894
0.10913465113500023,9.738541378884027e-05,0.009578134166802124,0.0006720934904361587
0.10917095674083356,9.99201813164529e-05,0.00958217867632161,0.0007230748607829702
0.10920726234666689,0.0001025345184342845,0.00957525052941729,0.0007778118900025552
0.10924356795250023,0.00010522772765902703,0.009558159674412163,0.0008362118501567823
0.10927987355833356,0.00010799908888678733,0.009531707200554853,0.0008981451634241905
0.1093161791641669,0.00011084785906558644,0.009496679445802257,0.0009634428072844971
0.10935248477000023,0.00011377327172740198,0.009453842876935724,0.001031893788583163
0.10938879037583356,0.00011677453640884452,0.009403939706460404,0.0011032427137214812
0.1094250959816669,0.00011985083800223339,0.009347684207324495,0.001177187483827262
0.10946140158750023,0.00012300133608716734,0.00928575968379344,0.0012533771452494253
0.10949770719333356,0.00012622516429580772,0.009218816054819874,0.001331409927064862
0.1095340127991669,0.00012952142976268473,0.009147468004947914,0.0014108314984661151
0.10957031840500023,0.00013288921270215788,0.009072293657150638,0.0014911334798920451
0.10960662401083357,0.00013632756614451497,0.008993833721977346,0.0015717522425488831
0.1096429296166669,0.00013983551584635076,0.00891259107792255,0.0016520680315239495
0.10967923522250023,0.000143412060373929,0.008829030738948604,0.0017314044479964763
0.10971554082833357,0.00014705617134146785,0.008743580166515871,0.0018090283260768197
0.1097518464341669,0.00015076679377144583,0.00865662988521039,0.001884150039533982
0.10978815204000023,0.0001545428465326487,0.008568534363020993,0.0019559242730788715
0.10982445764583357,0.00015838322280495155,0.008479613119422478,0.002023451291934426
0.1098607632516669,0.00016228679051845092,0.008390152026594924,0.0020857787421216297
0.10989706885750022,0.00016625239271866922,0.0083004047712913,0.0021419040122017414
0.10993337446333357,0.0001702788478187163,0.00821059444701168,0.0021907771851208163
0.1099696800691669,0.00017436494971255164,0.00812091524822521,0.002231304606286233
0.11000598567500024,0.0001785094677394626,0.008031534240389613,0.0022623530910531155
0.11004229128083357,0.00018271114650689378,0.007942593181455676,0.0022827547914015403
0.1100785968866669,0.00018696870559505854,0.00785421037242589,0.0022913127377378905
0.11011490249250024,0.00019128083918064194,0.0077664825163832165,0.002286807067455015
0.11015120809833356,0.00019564621562692487,0.00767948656724231,0.0022680019471404377
0.11018751370416689,0.00020006347709278674,0.007593281551322706,0.002233653190139477
0.11022381931000023,0.00020453123921275405,0.007507910346717154,0.0021825165655759626
0.11026012491583356,0.00020904809089459763,0.007423401407334497,0.0021133567889277368
0.1102964305216669,0.0002136125942705436,0.007339770420430208,0.002024957177873161
0.11033273612750023,0.0002182232848240534,0.007257021888382238,0.0019161299503992167
0.11036904173333356,0.0002228786716978286,0.007175150627398105,0.0017857271351273112
0.1104053473391669,0.00022757723817191626,0.007094143177715573,0.0016326520565100025
0.11044165294500023,0.0002323174422852893,0.007013979121643704,0.0014558713500255108
0.11047795855083356,0.00023709771756167717,0.006934632307441999,0.001254427454796437
0.1105142641566669,0.00024191647379204635,0.0068560719785149505,0.0010274515232381613
0.11055056976250023,0.0002467720978228545,0.0067782638086765065,0.0007741766794588443
0.11058687536833356,0.00025166295430137706,0.006701170845293305,0.0004939515502488869
0.1106231809741669,0.000256587386336805,0.006624754362938901,0.00018625398467948405
0.11065948658000023,0.0002615437160476742,0.006548974630789169,-0.0001492951293518886
0.11069579218583357,0.00026653024498127833,0.0064737915973800495,-0.0005129180507618715
0.1107320977916669,0.00027154525440747484,0.006399165496562636,-0.0009046664794211028
0.11076840339750023,0.0002765870055059744,0.006325057378565584,-0.0013244080719156859
0.11080470900333357,0.0002816537394810838,0.006251429570054052,-0.0017718132984028583
0.1108410146091669,0.0002867436776494067,0.006178246067001677,-0.002246342765837628
0.11087732021500023,0.00029185502155300243,0.006105472864108005,-0.0027472351380146173
0.11091362582083357,0.0002969859531522492,0.006033078224431882,-0.003273495787308858
0.1109499314266669,0.00030213463514896854,0.005961032892895307,-0.0038238863166195104
0.11098623703250023,0.0003072992114816482,0.0058893102573543505,-0.004396915092731419
0.11102254263833357,0.0003124778080217527,0.005817886461034097,-0.004990828934023404
0.1110588482441669,0.00031766853348448224,0.0057467404702718885,-0.005603606096085356
0.11109515385000024,0.00032286948055054753,0.005675854101686932,-0.006232950698279609
0.11113145945583357,0.00032807872717931864,0.005605212013067353,-0.0068762887325229324
0.1111677650616669,0.00033329433807974447,0.00553480166240805,-0.0075307657925084825
0.11120407066750024,0.00033851436629516525,0.005464613239614703,-0.008193246657174994
0.11124037627333357,0.0003437368548525858,0.005394639575386095,-0.008860316856415756
0.1112766818791669,0.00034895983842668835,0.005324876031680737,-0.009528286339764745
0.11131298748500024,0.00035418134497382204,0.005255320377956602,-0.010193195360074918
0.11134929309083356,0.00035939939730083936,0.005185972657047117,-0.010850822673998742
0.11138559869666691,0.0003646120145468984,0.0051168350441156835,-0.011496696149390128
0.11142190430250024,0.0003698172135717547,0.00504791170163749,-0.012126105856579392
0.11145820990833356,0.0003750130102599534,0.004979208632821139,-0.012734119705850745
0.1114945155141669,0.00038019742076495416,0.004910733535337623,-0.013315601677410922
0.11153082112000023,0.0003853684627289623,0.004842495656705308,-0.01386523267272763
0.11156712672583356,0.00039052415652177135,0.004774505652219005,-0.0143775339974016
0.1116034323316669,0.0003956625265443447,0.004706775445935106,-0.014846893465795354
0.11163973793750023,0.0004007816026398034,0.004639318094951119,-0.015267594096569524
0.11167604354333356,0.00040587942164612095,0.004572147657054403,-0.01563384534618376
0.1117123491491669,0.0004109540291118818,0.004505279061758779,-0.01593981680442965
0.11174865475500023,0.0004160034811801215,0.004438727984785846,-0.016179674252319216
0.11178496036083357,0.00042102584662706354,0.0043725107261588046,-0.016347617958311682
0.1118212659666669,0.0004260192090242062,0.004306644092232671,-0.016437923064096086
0.11185757157250023,0.00043098166897540506,0.004241145282155068,-0.016444981886144773
0.11189387717833357,0.00043591134636688193,0.004176031779405716,-0.016363347934214185
0.1119301827841669,0.00044080638255866424,0.004111321249172943,-0.016187781423107766
0.11196648839000023,0.000445664942441577,0.004047031442370893,-0.015913296029555837
0.11200279399583357,0.0004504852162847725,0.003983180107068751,-0.015535206622242708
0.1120390996016669,0.0004552654213045578,0.003919784907989776,-0.015049177670063217
0.11207540520750024,0.00046000380289510593,0.0038568633545495038,-0.01445127201186582
0.11211171081333357,0.00046469863547423534,0.00379443273765404,-0.013737999650486611
0.1121480164191669,0.00046934822291124824,0.003732510075192998,-0.012906366215048438
0.11218432202500024,0.00047395089851714567,0.003671112065863772,-0.011953920718539932
0.11222062763083357,0.0004785050245887609,0.0036102550506827056,-0.010878802222845001
0.1122569332366669,0.00048300899150607933,0.0035499549813009547,-0.009679785010901843
0.11229323884250024,0.0004874612163852337,0.0034902273940709294,-0.008356321855760527
0.11232954444833357,0.0004918601412878578,0.0034310873887188806,-0.0069085849691971
0.1123658500541669,0.0004962042309806863,0.003372549610478033,-0.0053375042084338985
0.11240215566000024,0.000500491970228082,0.0033146282346231504,-0.003644802118598012
0.11243846126583357,0.0005047218605856457,0.0032573369525113476,-0.0018330253909926875
0.11247476687166691,0.0005088924166466823,0.0032006889584574533,9.442767679099762e-05
0.11251107247750024,0.0005130021616767792,0.0031446969370317593,0.0021332841233058096
0.11254737808333357,0.0005170496225568906,0.0030893730506368258,0.004278378059279572
0.11258368368916691,0.000521033323943784,0.003034728927471065,0.006523637571161502
0.11261998929500024,0.0005249517815499115,0.002980775650195397,0.008862077145099762
0.11265629490083356,0.0005288034944436992,0.0029275237457656654,0.011285795939393418
0.1126926005066669,0.0005325869362763956,0.0028749831769648293,0.01378598220473431
0.11272890611250024,0.0005363005453529228,0.0028231633361605326,0.016352924119025027
0.11276521171833356,0.0005399427134810232,0.002772073041729184,0.018976027267318066
0.1128015173241669,0.0005435117735543484,0.0027217205374388156,0.02164383895759495
0.11283782293000023,0.0005470059858495742,0.0026721134948879265,0.02434407951985817
0.11287412853583358,0.0005504235230435689,0.002623259018878968,0.027063680689546746
0.1129104341416669,0.0005537624539824702,0.0025751636553879367,0.02978883112685053
0.11294673974750023,0.0005570207262588053,0.0025278334015998755,0.03250502907136981
0.11298304535333357,0.0005601961476743723,0.002481273717335149,0.03519714207706264
0.1130193509591669,0.0005632863666847969,0.002435489537108952,0.03784947371589647
0.11305565656500023,0.0005662888519363183,0.002390485282055654,0.040445837080460255
0.11309196217083357,0.000569200871016775,0.002346264871011583,0.042969634856416986
0.1131282677766669,0.0005720194685518285,0.00230283173017824,0.04540394567553254
0.11316457338250024,0.0005747414437854363,0.0022601888009694173,0.047731616399578354
0.11320087898833357,0.0005773633277919972,0.0022183385458614193,0.04993535992516813
0.1132371845941669,0.0005798813604780986,0.002177282952293399,0.05199785804006787
0.11327349020000024,0.0005822914675459649,0.0021370235348815445,0.05390186880324296
0.11330979580583357,0.0005845892376098844,0.0020975613363946708,0.05563033786441605
0.1133461014116669,0.0005867698996820044,0.0020588969280716267,0.057166513084751513
0.11338240701750024,0.000588828301275379,0.002021030409930203,0.058494061769005005
0.11341871262333357,0.0005907588874098864,0.001983961411717105,0.05959718977162505
0.1134550182291669,0.0005925556808498894,0.0019476890950804256,0.060460761695406366
0.11349132383500024,0.000594212263950058,0.0019122121574183593,0.061070421361896735
0.11352762944083357,0.0005957217625359346,0.0018775288376850518,0.06141271169835889
0.11356393504666691,0.0005970768322966551,0.001843636924235365,0.06147519315717101
0.11360024065250024,0.0005982696482166637,0.001810533764586227,0.06124655976057111
0.11363654625833357,0.0005992918976192739,0.001778216276784548,0.06071675184703603
0.11367285186416691,0.0006001347774357335,0.001746680961919778,0.059877064585719286
0.11370915747000024,0.0006007889963476245,0.0017159239172183727,0.05872025132259643
0.11374546307583357,0.0006012447824769842,0.0016859408491174306,0.05724062082657335
0.11378176868166691,0.0006014918973170098,0.0016567270857388238,0.05543412751604239
0.11381807428750024,0.0006015196566066061,0.0016282775882697513,0.053298453766403846
0.11385437989333358,0.0006013169588547972,0.001600586960891051,0.050833083427026075
0.11389068549916691,0.0006008723222168946,0.0015736494590659158,0.04803936571204964
0.11392699110500024,0.0006001739304142043,0.0015474589961904546,0.04492056867333494
0.11396329671083358,0.000599209688373857,0.001522009148793858,0.041481921515622966
0.1139996023166669,0.0005979672882458,0.0014972931606403806,0.037730645073466906
0.11403590792250023,0.0005964342864304908,0.0014733039462110711,0.03367596983646624
0.11407221352833358,0.0005945981922233411,0.0014500340941176234,0.029329140983489755
0.1141085191341669,0.0005924465686499183,0.0014274758710167952,0.024703409967529733
0.11414482474000023,0.000589967146028241,0.0014056212265506711,0.019814012280136
0.11418113034583358,0.0005871479487496113,0.0013844617997408673,0.014678131117514114
0.1142174359516669,0.0005839774357153516,0.0013639889271243727,0.009314846768747437
0.11425374155750025,0.0005804446548013064,0.0013441936527501836,0.003745071649565757
0.11429004716333357,0.000576539411642731,0.0013250667399769967,-0.002008528988080994
0.1143263527691669,0.0005722524529369827,0.0013065986848415673,-0.007921630530445414
0.11436265837500025,0.0005675756643483433,0.0012887797306223665,-0.013968356407979839
0.11439896398083357,0.000562502282966833,0.001271599883118435,-0.020121399066844844
0.1144352695866669,0.0005570271241201253,0.0012550489261089772,-0.026352154025710773
0.11447157519250024,0.0005511468221643821,0.0012391164364600883,-0.032630866423902026
0.11450788079833357,0.000544860084686409,0.0012237917984000738,-0.03892678935458631
0.1145441864041669,0.0005381679593370557,0.001209064216587567,-0.04520835316672692
0.11458049201000024,0.0005310741122858742,0.0011949227277356928,-0.051443344812883054
0.11461679761583357,0.0005235851170417636,0.0011813562107159269,-0.057599096217649866
0.11465310322166691,0.0005157107521260335,0.0011683533952301461,-0.06364268054455588
0.11468940882750024,0.0005074643058154816,0.0011559028692915392,-0.06954111514854386
0.11472571443333357,0.0004988628858961873,0.0011439930858790073,-0.07526156991768707
0.11476202003916691,0.0004899277320860829,0.001132612369213047,-0.08077157963243557
0.11479832564500024,0.00048068452849807033,0.0011217489211358485,-0.08603925890430067
0.11483463125083357,0.00047116371322734933,0.0011113908280615927,-0.09103351819926807
0.11487093685666691,0.00046140078185827435,0.0011015260688971601,-0.09572427940511653
0.11490724246250024,0.0004514365813988926,0.0010921425242261765,-0.1000826893668708
0.11494354806833358,0.0004413175908666629,0.0010832279869121557,-0.10408132979141642
0.11497985367416691,0.00043109618446816357,0.0010747701741240386,-0.10769442191134386
0.11501615928000024,0.0004208308730405506,0.0010667567406355792,-0.1108980242997669
0.11505246488583358,0.0004105865191552379,0.0010591752931144206,-0.11367022224247446
0.11508877049166691,0.000400434521027422,0.0010520134050110573,-0.11599130710151606
0.11512507609750024,0.00039045296013201736,0.0010452586315926357,-0.11784394414527122
0.11516138170333358,0.00038072670720141837,0.0010388985246478348,-0.11921332737417917
0.11519768730916691,0.0003713474810781088,0.001032920646418164,-0.12008731993846093
0.11523399291500024,0.0003624138547210564,0.001027312582384245,-0.12045657882408564
0.11527029852083358,0.00035403120252520476,0.0010220619526448917,-0.1203146625755368
0.1153066041266669,0.000346311583014767,0.0010171564217603256,-0.11965812092812445
0.11534290973250025,0.0003393735509202525,0.001012583707074679,-0.1184865653380553
0.11537921533833358,0.0003333418926530232,0.0010083315856721235,-0.11680271952449249
0.1154155209441669,0.0003283472792563101,0.001004387900241377,-0.1146124492735808
0.11545182655000025,0.00032452583104422924,0.001000740564212909,-0.11192477089895068
0.11548813215583358,0.0003220185883460585,0.0009973775665831942,-0.10875183790551832
0.1155244377616669,0.0003209708830568121,0.0009942869768462983,-0.10510890556235242
0.11556074336750025,0.00032153160606112014,0.0009914569504149953,-0.10101427325478514
0.11559704897333357,0.0003238523660489338,0.0009888757348360362,-0.09648920465453423
0.1156333545791669,0.0003280865357811787,0.000986531676995664,-0.09155782591804545
0.11566966018500024,0.00033438818249298234,0.000984413231383572,-0.08624700229617532
0.11570596579083357,0.0003429108798426719,0.0009825089693496036,-0.08058619371129093
0.11574227139666692,0.00035380639962696836,0.0009808075891614447,-0.07460729002941609
0.11577857700250024,0.000367223282386807,0.0009792979265661336,-0.06834442692373448
0.11581488260833357,0.0003833052870236747,0.0009779689654839901,-0.061833783390104154
0.11585118821416691,0.00040218972063253884,0.0009768098484277032,-0.05511336213378682
0.11588749382000024,0.00042400565093317116,0.0009758098862450228,-0.04822275419791924
0.11592379942583357,0.0004488720049452366,0.0009749585668296663,-0.041202889346961306
0.11596010503166691,0.0004768955589015464,0.0009742455625264576,-0.03409577385110587
0.11599641063750024,0.0005081688258251532,0.0009736607360646345,-0.026944217439155843
0.11603271624333358,0.0005427678487052339,0.0009731941449763687,-0.019791551296468677
0.11606902184916691,0.0005807499087884332,0.0009728360445831351,-0.012681339080131903
0.11610532745500024,0.0006221511601495228,0.0009725768897478423,-0.005657083004562797
0.11614163306083358,0.0006669842034091803,0.0009724073356840393,0.0012380728836709559
0.11617793866666691,0.0007152356132169032,0.0009723182381758448,0.007961640073603574
0.11621424427250024,0.0007668634359011341,0.0009723006535876193,0.014472081399414922
0.11625054987833358,0.0008217946754921994,0.0009723458390287395,0.02072910307574331
0.11628685548416691,0.0008799227881304026,0.0009724452529880917,0.02669394074519586
0.11632316109000024,0.0009411052066634813,0.0009725905566707427,0.03232963734483561
0.11635946669583358,0.0010051609189949558,0.0009727736161644877,0.0376013106367298
0.11639577230166691,0.0010718681254465673,0.0009729865054475921,0.04247640830380341
0.11643207790750025,0.0011409620020217807,0.0009732215101330635,0.04692494858599977
0.11646838351333358,0.0012121325979801082,0.0009734711317410505,0.050919744522691976
0.11650468911916691,0.001285022897530056,0.0009737280922098891,0.054436609974848706
0.11654099472500025,0.0013592270766977707,0.0009739853383059305,0.05745454572391571
0.11657730033083358,0.001434288987504794,0.0009742360455773586,0.05995590408286488
0.1166136059366669,0.0015097009024676456,0.0009744736215188907,0.06192653060737902
0.11664991154250025,0.0015849025530904667,0.0009746917076699455,0.06335588166054175
0.11668621714833358,0.0016592804964362326,0.0009748841804525501,0.06423711676142364
0.11672252275416692,0.0017321678440092312,0.0009750451506581651,0.06456716483521724
0.11675882836000025,0.0018028443870393056,0.0009751689616041018,0.06434676367859148
0.11679513396583358,0.0018705371518052652,0.0009752501860889266,0.06358047215713693
0.11683143957166692,0.001934421417850195,0.0009752836223712285,0.062276654860504446
0.11686774517750025,0.0019936222308055136,0.0009752642894679316,0.06044743915338749
0.11690405078333357,0.0020472164400351677,0.000975187422109972,0.05810864477510089
0.11694035638916692,0.0020942352894194444,0.0009750484657007783,0.055279686355371845
0.11697666199500024,0.0021336675873045593,0.0009748430715962191,0.05198344942727369
0.11701296760083357,0.0021644634789366726,0.000974567092966623,0.048246140728191084
0.11704927320666692,0.002185538841567266,0.000974216581418389,0.0440971137845164
0.11708557881250024,0.002195780318853932,0.0009737877844532673,0.03956867097368401
0.11712188441833359,0.0021940510071833405,0.0009732771437378945,0.03469584344644593
0.11715819002416691,0.0021791968021122043,0.0009726812940553532,0.029516150471337637
0.11719449563000024,0.0021500534082628665,0.0009719970627245837,0.024069339930517426
0.11723080123583358,0.0021054540107328713,0.0009712214692109682,0.018397111850122043
0.11726710684166691,0.0020442376003981,0.0009703517246184434,0.012542826987609432
0.11730341244750024,0.001965257939427717,0.0009693852307531366,0.0065512026220231005
0.11733971805333358,0.0018673931469128798,0.0009683195784804955,0.0004679977996103768
0.11737602365916691,0.0017495558777722527,0.0009671525451586637,-0.005660309624198557
0.11741232926500024,0.00161070406107373,0.0009658820910140246,-0.011786851735597355
0.11744863487083358,0.0014498521566470263,0.0009645063544217949,-0.01786470264466812
0.11748494047666691,0.0012660828814047296,0.0009630236461553567,-0.02384721140715168
0.11752124608250025,0.0010585593491941492,0.0009614324427624554,-0.029688333283302143
0.11755755168833358,0.0008265375603277083,0.0009597313793049723,-0.03534295684122097
0.11759385729416691,0.0005693791692492309,0.0009579192417538834,-0.0407672244421212
0.11763016290000025,0.00028656445115500333,0.0009559949593569089,-0.04591884369504263
0.11766646850583358,-2.2294619126384102e-05,0.000953957597290845,-0.0507573875382237
0.11770277411166691,-0.0003574412700074312,0.0009518063498744747,-0.05524458069306295
0.11773907971750025,-0.0007189609188190946,0.0009495405345551542,-0.05934457034363167
0.11777538532333358,-0.001106768348023,0.0009471595867992286,-0.06302417901912857
0.11781169092916692,-0.0015205951859272547,0.0009446630559218587,-0.06625313779744124
0.11784799653500025,-0.0019599778115846913,0.0009420506017952811,-0.06900429810390027
0.11788430214083358,-0.0024242458086476976,0.0009393219922857302,-0.07125382054904897
0.11792060774666692,-0.00291251109734679,0.0009364771011971156,-0.07298133943135318
0.11795691335250025,-0.0034236578773631176,0.0009335159064512227,-0.0741701017236848
0.11799321895833358,-0.0039563335170914645,0.0009304384882143752,-0.07480707956447857
0.11802952456416692,-0.004508940526555051,0.0009272450266909488,-0.07488305548395907
0.11806583017000025,-0.005079629751954417,0.0009239357993435597,-0.07439267981097449
0.11810213577583357,-0.005666294929431671,0.0009205111773639703,-0.0733344999249264
0.11813844138166692,-0.006266568734035225,0.0009169716213010648,-0.07171096123818846
0.11817474698750025,-0.006877820457011945,0.0009133176758441994,-0.06952838001539469
0.11821105259333359,-0.0074971554403740264,0.000909549963852427,-0.06679688835518463
0.11824735819916692,-0.008121416392136024,0.0009056691798031926,-0.0635303518755792
0.11828366380500024,-0.008747186698652543,0.0009016760828997166,-0.059746260854326175
0.11831996941083359,-0.009370795842078837,0.0008975714901178622,-0.05546559577855356
0.11835627501666691,-0.009988327021107038,0.0008933562694867321,-0.05071266845222842
0.11839258062250024,-0.01059562706179428,0.0008890313338813129,-0.045514939993649306
0.11842888622833359,-0.011188318692503788,0.0008845976355619361,-0.03990281722701393
0.11846519183416691,-0.011761815242748226,0.0008800561616286574,-0.033909429130622816
0.11850149744000024,-0.012311337810093104,0.0008754079304757128,-0.027570385148252895
0.11853780304583358,-0.012831934922298774,0.00087065398924042,-0.02092351729854393
0.11857410865166691,-0.013318504703619713,0.0008657954121514555,-0.014008608128913063
0.11861041425750025,-0.01376581953472223,0.0008608332996023461,-0.006867106654727517
0.11864671986333358,-0.014168553175124603,0.0008557687777152087,0.0004581654994392211
0.11868302546916691,-0.014521310295520963,0.0008506029981232676,0.007923315482163646
0.11871933107500025,-0.014818658344951104,0.0008453371376920449,0.015483685808305114
0.11875563668083358,-0.015055161654667052,0.0008399723979190681,0.023094163830655153
0.11879194228666691,-0.01522541765688287,0.0008345100037983018,0.0307094917575169
0.11882824789250025,-0.015324095072549948,0.0008289512020034458,0.038284574902223464
0.11886455349833358,-0.01534597389806266,0.0008232972583267594,0.045774785887778134
0.11890085910416692,-0.015285986996568397,0.0008175494543987234,0.053136262585049866
0.11893716471000025,-0.01513926307554255,0.0008117090837995956,0.06032619763562837
0.11897347031583358,-0.01490117080871467,0.0008057774477480474,0.0673031174997312
0.11900977592166692,-0.014567363837527348,0.0007997558506070898,0.07402714907452115
0.11904608152750025,-0.014133826365312076,0.0007936455954778514,0.08046027204776862
0.11908238713333358,-0.013596919036519882,0.0007874479801544453,0.08656655528479795
0.11911869273916692,-0.012953424773895461,0.0007811642936879337,0.09231237569180364
0.11915499834500025,-0.012200594228679668,0.000774795813756894,0.09766661815453458
0.11919130395083358,-0.011336190483012884,0.0007683438049714723,0.10260085531656969
0.11922760955666692,-0.01035853262993363,0.0007618095181542866,0.10708950613443095
0.11926391516250025,-0.00926653784495854,0.0007551941905536,0.11110997232603527
0.11930022076833359,-0.008059761554418395,0.00074849904686074,0.11464275201287959
0.11933652637416692,-0.006738435299724694,0.0007417253008332504,0.11767153004326644
0.11937283198000025,-0.005303501893752432,0.0007348741572748219,0.12018324467219203
0.11940913758583359,-0.0037566474657295215,0.0007279468140977422,0.12216813046162692
0.11944544319166692,-0.0021003299945844614,0.0007209444641959177,0.1236197374512361
0.11948174879750025,-0.0003378039377612317,0.0007138682968861643,0.12453492683256762
0.11951805440333359,0.0015268594268206812,0.0007067194987293469,0.12491384353789373
0.11955436000916692,0.0034887563136145974,0.0006994992536155424,0.12475986632678993
0.11959066561500026,0.00554213974692924,0.0006922087420812801,0.12407953611783502
0.11962697122083359,0.00768041421095691,0.0006848491399135052,0.12288246346824916
0.11966327682666691,0.009896135934561002,0.0006774216161754068,0.12118121624969398
0.11969958243250026,0.012181019083594655,0.0006699273308554403,0.11899118870278566
0.11973588803833358,0.014525948100409353,0.000662367432386042,0.11633045317517886
0.11977219364416691,0.016920996393538373,0.0006547430552980963,0.11321959595755274
0.11980849925000026,0.019355451540451887,0.0006470553182692129,0.10968153872778041
0.11984480485583358,0.02181784712296273,0.0006393053227891356,0.10574134719543646
0.11988111046166691,0.024296001268536344,0.0006314941526077243,0.10142602860617253
0.11991741606750025,0.026777061921684744,0.0006236228740558238,0.09676431981808474
0.11995372167333358,0.02924755881809888,0.0006156925372446699,0.09178646769986025
0.11999002727916692,0.03169346208052871,0.0006077041780639032,0.08652400362321178
0.12002633288500025,0.03410024730002271,0.0005996588208205241,0.08100951383000561
0.12006263849083358,0.03645296690938788,0.0005915574812991556,0.07527640744780863
0.12009894409666692,0.03873632759805762,0.0005834011699841109,0.0693586839066922
0.12013524970250025,0.040934773459416054,0.0005751908951700561,0.0632907014755226
0.12017155530833358,0.04303257450350601,0.0005669276657019221,0.057106948588234424
0.12020786091416692,0.04501392011044688,0.0005586124931247195,0.0508418195704246
0.12024416652000025,0.04686301694332946,0.0005502463930859773,0.0445293963048104
0.12028047212583358,0.04856419078437,0.0005418303859113063,0.03820323729154105
0.12031677773166692,0.050101991705237346,0.0005333654963591412,0.031896175466988724
0.12035308333750025,0.05146130193225935,0.0005248527526452955,0.0256401260434839
0.12038938894333359,0.05262744572021148,0.0005162931849029303,0.01946590552356936
0.12042569454916692,0.05358630050512699,0.0005076878233012317,0.013403062926835524
0.12046200015500025,0.05432440856756808,0.0004990376960806066,0.007479724146408454
0.12049830576083359,0.054829088403567365,0.0004903438277700357,0.0017224502268521648
0.12053461136666692,0.05508854497147077,0.0004816072378325546,-0.0038438897732103257
0.12057091697250025,0.05509197795964171,0.00047282893993970447,-0.00919623080088765
0.12060722257833359,0.05482968720284228,0.0004640099420098323,-0.01431340830960799
0.12064352818416692,0.05429317436447213,0.00045515124706509207,-0.019176238969830017
0.12067983379000026,0.05347523999805804,0.00044625385487612814,-0.0237675854487252
0.12071613939583359,0.05237007510473636,0.0004373187642805232,-0.028072405244724066
0.12075244500166692,0.05097334631419349,0.00042834697598968926,-0.032077783686374504
0.12078875060750026,0.04928227383480597,0.00041933949564632093,-0.03577295132407615
0.12082505621333359,0.047295701344670836,0.00041029733686623386,-0.03914928605704544
0.12086136181916692,0.045014157028893095,0.0004012215239973097,-0.04220030044551954
0.12089766742500026,0.042439905009888076,0.0003921130943545095,-0.04492161475898882
0.12093397303083359,0.03957698646648058,0.00038297309974083174,-0.047310916404506034
0.12097027863666691,0.03643124979408586,0.00037380260713447975,-0.04936790646428999
0.12100658424250026,0.03301036922201443,0.000364602698505156,-0.05109423414844709
0.12104288984833358,0.029323851374653664,0.0003553744698088456,-0.05249342003628868
0.12107919545416693,0.025383029340572117,0.00034611902929180914,-0.05357076903813233
0.12111550106000026,0.021201043897023094,0.00033683749530242065,-0.054333274058436985
0.12115180666583358,0.016792811626376893,0.0003275309938569708,-0.054789511380521905
0.12118811227166693,0.01217497975510438,0.000318200656227715,-0.05494952882293171
0.12122441787750025,0.007365867644419639,0.0003088476168159926,-0.054824727737794655
0.12126072348333358,0.002385394963858686,0.0002994730115407216,-0.054427739932419485
0.12129702908916692,-0.0027450033158395335,0.0002900779769163179,-0.05377230059710837
0.12133333469500025,-0.008002474866989205,0.0002806636499198839,-0.052873118315021825
0.1213696403008336,-0.013362860534348871,0.0002712311686629928,-0.05174574321427858
0.12140594590666692,-0.01880081698885425,0.00026178167379727226,-0.05040643429873382
0.12144225151250025,-0.0242899509366831,0.000252316310504151,-0.04887202696253487
0.1214785571183336,-0.029802964207950953,0.0002428362308557107,-0.047159801655137966
0.12151486272416692,-0.0353118089451317,0.00023334259629215705,-0.04528735461856111
0.12155116833000025,-0.04078785201054726,0.00022383657994628331,-0.043272471567861404
0.12158747393583359,-0.046202047635940456,0.00021431936855804553,-0.04113300512980858
0.12162377954166692,-0.05152511724618768,0.00020479216376172448,-0.03888675679414957
0.12166008514750025,-0.056727735304553224,0.00019525618259008383,-0.036551364067410434
0.12169639075333359,-0.0617807199494368,0.00018571265711808484,-0.034144193451559154
0.12173269635916692,-0.06665522712317921,0.00017616283325503883,-0.031682239799756214
0.12176900196500026,-0.07132294683298167,0.0001666079687796657,-0.029182032529546712
0.12180530757083359,-0.0757563001331148,0.00015704933078854367,-0.026659549100883806
0.12184161317666692,-0.07992863537703411,0.00014748819278701924,-0.024130136092988592
0.12187791878250026,-0.0838144222583914,0.00013792583168672449,-0.021608438140893454
0.12191422438833359,-0.08738944214177034,0.00012836352498177392,-0.019108334920203824
0.12195052999416692,-0.0906309731777212,0.00011880254835563075,-0.01664288629773466
0.12198683560000026,-0.0935179687026717,0.00010924417392459265,-0.014224285696782881
0.12202314120583359,-0.09603122744279431,9.96896692565778e-05,-0.011863821659395537
0.12205944681166692,-0.09815355407205424,9.014029722232908e-05,-0.009571847524552212
0.12209575241750026,-0.09986990871847654,8.059731664871791e-05,-0.007357759081119648
0.12213205802333359,-0.1011675440690695,7.106198365956032e-05,-0.00522997999812946
0.12216836362916693,-0.10203612879262682,6.153555351698088e-05,-0.0031959547827000306
0.12220466923500026,-0.10246785608048509,5.201928272337993e-05,-0.0012621489680446137
0.12224097484083359,-0.1024575361978053,4.251443111598335e-05,0.0005659438092969089
0.12227728044666693,-0.10200267204152974,3.3022263685717585e-05,0.002283788222422215
0.12231358605250026,-0.10110351681518157,2.3544051879810618e-05,0.003887787570331792
0.12234989165833358,-0.0997631130543562,1.4081074200239558e-05,0.0053752584393393
0.12238619726416693,-0.0979873123692325,4.634615982491688e-06,0.006744400175235518
0.12242250287000025,-0.09578477541074162,-4.7940316763963906e-06,0.00799425965062199
0.1224588084758336,-0.09316695171411594,-1.4203573783653633e-05,0.009124691825742734
0.12249511408166693,-0.09014803922626208,-2.3592713971376863e-05,0.01013631661026192
0.12253141968750025,-0.08674492348055134,-3.29601574648911e-05,0.011030472537903823
0.1225677252933336,-0.08297709654292436,-4.2304614245178315e-05,0.011809167765865854
0.12260403089916692,-0.07886655601534048,-5.162480213119455e-05,0.01247502890664635
0.12264033650500025,-0.07443768454520115,-6.0919449515733403e-05,0.013031248191635533
0.1226766421108336,-0.06971711045104668,-7.018729752388449e-05,0.013481529453766067
0.12271294771666692,-0.06473355023415729,-7.942710142244122e-05,0.013830033400996719
0.12274925332250025,-0.05951763390126848,-8.86376311857116e-05,0.014081322633714376
0.1227855589283336,-0.0541017141740342,-9.781767121010028e-05,0.014240306837606874
0.12282186453416692,-0.04851966080475722,-0.00010696601925755394,0.014312188559512372
0.12285817014000026,-0.042806641353909006,-0.00011608148478739388,0.01430240994752837
0.12289447574583359,-0.036998889911785425,-0.00012516288689894494,0.014216600808605389
0.12293078135166692,-0.0311334653630541,-0.00013420905214716694,0.014060528307297218
0.12296708695750026,-0.025248000897784787,-0.0001432188125060458,0.01384004859862772
0.12300339256333359,-0.019380446564741236,-0.000152191003738479,0.01356106065649285
0.12303969816916692,-0.01356880674127585,-0.00016112446438842863,0.013229462526965477
0.12307600377500026,-0.00785087445823927,-0.0001700180355456558,0.012851110203617117
0.12311230938083359,-0.002263964567146717,-0.00017887056145216932,0.012431779289807704
0.12314861498666693,0.0031553522301908774,-0.00018768089093104781,0.01197712958109865
0.12318492059250026,0.008371512452747778,-0.00019644787953171331,0.011492672669774133
0.12322122619833359,0.013350217975335405,-0.00020517039221005465,0.010983742643150272
0.12325753180416693,0.018058687207864316,-0.00021384730630490099,0.010455469918130301
0.12329383741000026,0.02246589733298309,-0.00022247751454016702,0.009912758226523917
0.12333014301583359,0.026542815667035306,-0.00023105992777790738,0.009360264739166242
0.12336644862166693,0.030262618276641735,-0.00023959347727198202,0.008802383291999926
0.12340275422750026,0.033600894066765925,-0.0002480771162225353,0.008243230654153522
0.12343905983333359,0.03653583265530087,-0.00025650982050280327,0.00768663575676866
0.12347536543916693,0.03904839446332006,-0.00026489058851448974,0.007136131781983099
0.12351167104500026,0.0411224615783241,-0.00027321844021729533,0.006594950994129628
0.1235479766508336,0.042744968089107084,-0.00028149241546284956,0.00606602217990314
0.12358428225666693,0.04390600874416003,-0.00028971157183447913,0.005551970550999811
0.12362058786250026,0.044598924949601666,-0.00029787498224452064,0.0050551199515424285
0.1236568934683336,0.044820367296150306,-0.00030598173256500744,0.004577497203454317
0.12369319907416693,0.04457033398620185,-0.00031403091956299484,0.004120838415792314
0.12372950468000025,0.043852184720150934,-0.00032202164937898746,0.0036865970788414323
0.1237658102858336,0.042672629794108255,-0.0003299530367292897,0.003275953760439045
0.12380211589166693,0.04104169435749578,-0.0003378242049365979,0.0028898272204500113
0.12383842149750025,0.038972657976968625,-0.00034563428680574196,0.0025288867594592587
0.1238747271033336,0.036481969851019765,-0.0003533824262722635,0.0021935656194779704
0.12391103270916692,0.033589140215761266,-0.00036106778066977467,0.0018840752576583446
0.12394733831500027,0.0303166086750399,-0.00036868952339630493,0.0016004203185579274
0.1239836439208336,0.026689590375552952,-0.0003762468467169667,0.0013424141362610726
0.12401994952666692,0.022735901128336466,-0.00038373896442474634,0.0011096946045222014
0.12405625513250026,0.01848576275031026,-0.00039116511409468933,0.0009017402609117278
0.1240925607383336,0.013971590061956784,-0.00039852455870782044,0.0007178864395889978
0.12412886634416692,0.009227761128242062,-0.00040581658748555806,0.0005573413566666428
0.12416517195000026,0.004290372468210502,-0.00041304051585645596,0.0004192020020387584
0.12420147755583359,-0.0008030189169354695,-0.00042019568456639256,0.00030246972189579654
0.12423778316166693,-0.006013664738140214,-0.00042728145803153144,0.00020606538682043914
0.12427408876750026,-0.011301903782776054,-0.00043429722211129967,0.0001288440512341644
0.12431039437333359,-0.016627447320098993,-0.0004412423815381462,6.960902093221044e-05
0.12434669997916693,-0.021949669360258158,-0.00044811635727573247,2.7125256399646776e-05
0.12438300558500026,-0.02722789953852832,-0.0004549185840838207,1.3205044421421603e-07
0.12441931119083359,-0.032421716374206835,-0.00046164850854575525,-1.2645070679576909e-05
0.12445561679666693,-0.03749123865007733,-0.0004683055877653949,-1.2483263130513442e-05
0.12449192240250026,-0.042397412673531906,-0.0004748892888697488,-6.521288157443198e-07
0.12452822800833359,-0.04710229321423381,-0.00048139908936874545,2.159565285889558e-05
0.12456453361416693,-0.05156931596529821,-0.0004878344783333662,5.3032812939607595e-05
0.12460083922000026,-0.05576355944491211,-0.0004941949582672034,9.246509720402374e-05
0.1246371448258336,-0.059651994342487004,-0.0005004800474733536,0.00013873799132060945
0.12467345043166693,-0.06320371841706891,-0.0005066892826660624,0.00019074257874201575
0.12470975603750026,-0.0663901751749022,-0.0005128222215501915,0.00024742054984308457
0.1247460616433336,-0.06918535468670052,-0.0005188784450941335,0.0003077683868088903
0.12478236724916693,-0.07156597505213842,-0.0005248575592530115,0.00037084075410267727
0.12481867285500026,-0.07351164317804007,-0.0005307591959556207,0.0004357531289973156
0.1248549784608336,-0.07500499370630469,-0.0005365830132446967,0.0005016837106434433
0.12489128406666693,-0.07603180510627557,-0.0005423286945478034,0.0005678746494855991
0.12492758967250026,-0.07658109213245914,-0.0005479959471462626,0.000633632641542755
0.1249638952783336,-0.07664517404059802,-0.0005535844999926995,0.0006983289341649164
0.12500020088416694,-0.07621971815141433,-0.0005590941010952705,0.0007613987913900865
0.12503650649000025,-0.07530375855015478,-0.0005645245147314174,0.0008223404679864304
0.1250728120958336,-0.07389968990965665,-0.0005698755187713768,0.0008807137417061019
0.12510911770166694,-0.07201323662328708,-0.0005751469023798461,0.0009361380532351347
0.12514542330750025,-0.06965339763007516,-0.00058033846432438,0.0009882903028348065
0.1251817289133336,-0.06683236750597858,-0.0005854500120554317,0.0010369023517718167
0.12521803451916694,-0.06356543458087507,-0.0005904813616420842,0.001081758275366075
0.12525434012500025,-0.059870857018975175,-0.0005954323385578888,0.001122691412884915
0.1252906457308336,-0.05576971796942955,-0.0006003027792221926,0.0011595812576204018
0.12532695133666694,-0.05128576105255233,-0.0006050925331231914,0.0011923502283412962
0.12536325694250025,-0.046445207594007276,-0.0006098014652879547,0.0012209603609521897
0.1253995625483336,-0.041276557153326475,-0.0006144294588282098,0.001245409956657873
0.12543586815416694,-0.03581037301319742,-0.0006189764172825525,0.0012657302202589505
0.12547217376000025,-0.03007905440114208,-0.0006234422664968261,0.0012819819194319175
0.1255084793658336,-0.02411659730474171,-0.0006278269558324746,0.0012942520930088934
0.12554478497166693,-0.017958345814800877,-0.000632130458562726,0.0013026508334028366
0.12558109057750028,-0.011640735987312162,-0.0006363527714011648,0.0013073081654552637
0.1256173961833336,-0.005201034254453594,-0.0006404939131977767,0.0013083710411448258
0.12565370178916693,0.0013229275630470834,-0.0006445539229244277,0.0013060004668135152
0.12569000739500027,0.007893018585026827,-0.0006485328571458967,0.001300368776866827
0.1257263130008336,0.014471074497647002,-0.0006524307872262719,0.0012916570653058576
0.12576261860666693,0.021019160460134564,-0.0006562477965481236,0.0012800527839708534
0.12579892421250027,0.027499829322418644,-0.0006599839780205075,0.0012657475140316877
0.1258352298183336,0.033876373244979927,-0.0006636394321216538,0.0012489349150625734
0.12587153542416693,0.040113066888741555,-0.000667214265666329,0.0012298088539944637
0.12590784103000027,0.046175400433604845,-0.0006707085914121429,0.0012085617143547862
0.1259441466358336,0.05203030078830754,-0.0006741225285314256,0.0011853828844837083
0.12598045224166693,0.05764633947058652,-0.0006774562038848722,0.0011604574218602548
0.12601675784750027,0.06299392576399308,-0.0006807097539494004,0.0011339648892797706
0.12605306345333359,0.06804548389488552,-0.0006838833271843259,0.0011060783573945048
0.12608936905916693,0.07277561311878698,-0.0006869770865741791,0.0010769635670584443
0.12612567466500027,0.07716122975806383,-0.0006899912120680358,0.0010467782440020262
0.12616198027083358,0.08118169039132389,-0.0006929259026460454,0.0010156715575974028
0.12619828587666693,0.08481889555759702,-0.0006957813777827642,0.000983783714855343
0.12623459148250027,0.08805737350376651,-0.0006985578781398728,0.0009512456803149242
0.1262708970883336,0.09088434367039278,-0.0007012556654012837,0.0009181790121406656
0.12630720269416693,0.09328975977754261,-0.0007038750212531088,0.0008846958045218575
0.12634350830000027,0.09526633253706837,-0.0007064162456001137,0.000850898726368148
0.1263798139058336,0.09680953217956702,-0.0007088796541897946,0.0008168811463058137
0.12641611951166692,0.09791757114163796,-0.0007112655758767842,0.0007827273340917538
0.12645242511750027,0.09859136741076002,-0.0007135743497974623,0.0007485127287675874
0.1264887307233336,0.09883448916990625,-0.0007158063227335589,0.0007143042641641166
0.12652503632916692,0.09865308152077733,-0.0007179618469232388,0.0006801607427261803
0.12656134193500027,0.09805577619222051,-0.000720041278530793,0.0006461332490485237
0.1265976475408336,0.09705358525807267,-0.0007220449769165714,0.0006122655949836074
0.12663395314666692,0.09565977999549063,-0.0007239733047644586,0.000578594788691266
0.12667025875250026,0.09388975611009298,-0.0007258266290338192,0.0005451515205371856
0.1267065643583336,0.09176088663733341,-0.0007276053226158869,0.0005119606593023668
0.12674286996416692,0.08929236389997905,-0.0007293097665001144,0.00047904175273002326
0.12677917557000026,0.08650503195902165,-0.0007309403522018304,0.000446409527001766
0.1268154811758336,0.08342121103957456,-0.0007324974841743103,0.0004140743802946656
0.12685178678166692,0.08006451544419753,-0.0007339815819290075,0.000382042866119338
0.12688809238750026,0.07645966648365976,-0.0007353930816171356,0.000350318162672239
0.1269243979933336,0.07263230195953634,-0.0007367324368809392,0.0003189005249496648
0.12696070359916695,0.06860878372448616,-0.0007380001188580798,0.00028778771686427504
0.12699700920500026,0.06441600482494617,-0.0007391966153097241,0.0002569754210757608
0.1270333148108336,0.06008119769776761,-0.0007403224289330466,0.00022645762469457846
0.12706962041666695,0.0556317448475857,-0.0007413780750025132,0.00019622697944076138
0.12710592602250026,0.051094993376117386,-0.0007423640785527709,0.00016627513523811545
0.1271422316283336,0.04649807466886973,-0.0007432809713620676,0.00013659304659695176
0.12717853723416694,0.041867730469734465,-0.0007441292890140736,0.00010717125148510755
0.12721484284000026,0.0372301464905305,-0.0007449095683057982,7.800012270636261e-05
0.1272511484458336,0.03261079461167757,-0.0007456223452310894,4.907009209631214e-05
0.12728745405166694,0.028034284632828425,-0.0007462681537069727,2.037184810707485e-05
0.12732375965750026,0.023524226429476134,-0.0007468475251303753,-8.10349241728916e-06
0.1273600652633336,0.01910310326433377,-0.0007473609887639286,-3.636423727407419e-05
0.12739637086916694,0.014792156891714713,-0.0007478090728608703,-6.44179955770513e-05
0.12743267647500026,0.010611284980285943,-0.0007481923063598501,-9.227157677267804e-05
0.1274689820808336,0.0065789512654785155,-0.0007485112209189779,-0.00011993091059468403
0.12750528768666694,0.0027121087285566785,-0.0007487663530211735,-0.00014740098648293587
0.12754159329250025,-0.0009738640141192274,-0.0007489582458736744,-0.0001746858109496666
0.1275778988983336,-0.004465213039775483,-0.0007490874508444025,-0.00020178838135922024
0.12761420450416694,-0.007749846202943729,-0.0007491545282247017,-0.0002287106745931722
0.12765051011000028,-0.010817357116653362,-0.0007491600471768393,-0.0002554536490974212
0.1276868157158336,-0.013659036274456545,-0.0007491045848084166,-0.0002820172588478103
0.12772312132166694,-0.016267869652382486,-0.0007489887244057141,-0.00030840047782226685
0.12775942692750028,-0.018638525219783472,-0.0007488130529446017,-0.00033460133362686264
0.1277957325333336,-0.020767327871415282,-0.0007485781580719628,-0.0003606169489875376
0.12783203813916694,-0.02265222336945264,-0.000748284624804847,-0.00038644358988606755
0.12786834374500028,-0.024292731953020983,-0.0007479330322231482,-0.00041207671918643067
0.1279046493508336,-0.02568989233385602,-0.0007475239504315558,-0.00043751105466500334
0.12794095495666694,-0.026846196849593412,-0.0007470579380378799,-0.0004627406304246216
0.12797726056250028,-0.027765518590737354,-0.0007465355403406609,-0.0004877588607386762
0.1280135661683336,-0.02845303135343804,-0.0007459572883449316,-0.0005125586054376694
0.12804987177416693,-0.028915123297784607,-0.0007453236986388979,-0.0005371322360178753
0.12808617738000028,-0.02915930521043417,-0.0007446352740751695,-0.0005614717017207575
0.1281224829858336,-0.02919411428116739,-0.000743892505117353,-0.0005855685949032749
0.12815878859166693,-0.029029014305579776,-0.0007430958716449958,-0.0006094142150935027
0.12819509419750028,-0.02867429322084779,-0.0007422458449641308,-0.0006329996312029773
0.1282313998033336,-0.028140958868677454,-0.0007413428897518198,-0.0006563157414462534
0.12826770540916693,-0.02744063385953669,-0.0007403874656730756,-0.0006793533305981931
0.12830401101500027,-0.026585450385532547,-0.0007393800284463174,-0.0007021031242989715
0.12834031662083362,-0.025587945796307472,-0.0007383210301951205,-0.0007245558401938045
0.12837662222666693,-0.02446095971362495,-0.0007372109190029956,-0.0007467022357670035
0.12841292783250027,-0.023217533416456645,-0.0007360501376760238,-0.0007685331527961907
0.12844923343833362,-0.02187081217996159,-0.0007348391218061489,-0.0007900395584106506
0.12848553904416693,-0.02043395119937448,-0.0007335782973066053,-0.0008112125827865614
0.12852184465000027,-0.018920025674119788,-0.0007322680776521043,-0.0008320435535504794
0.12855815025583361,-0.017341945569073886,-0.0007309088610936386,-0.0008525240269908186
0.12859445586166693,-0.015712375509441986,-0.0007295010281272146,-0.000872645816195687
0.12863076146750027,-0.014043660203828343,-0.0007280449394765067,-0.0008924010162454377
0.1286670670733336,-0.01234775572737374,-0.0007265409348033947,-0.0009117820265912731
0.12870337267916693,-0.010636166933913602,-0.0007249893322923966,-0.000930781570749182
0.12873967828500027,-0.00891989120355155,-0.000723390429172286,-0.000949392713433498
0.1287759838908336,-0.0072093686703982255,-0.0007217445031492916,-0.000967608875248524
0.12881228949666693,-0.005514439015014676,-0.0007200518146405309,-0.0009854238450518079
0.12884859510250027,-0.0038443048478096157,-0.0007183126096226404,-0.0010028317901002073
0.1288849007083336,-0.002207501653718639,-0.0007165271228566085,-0.0010198272640907287
0.12892120631416693,-0.0006118742153481505,-0.0007146955812211767,-0.0010364052132125778
0.12895751192000027,0.0009354406182383615,-0.0007128182068867824,-0.0010525609803345873
0.1289938175258336,0.0024280249964602966,-0.0007108952200898384,-0.001068290307462351
0.12903012313166692,0.0038601851880694497,-0.000708926841320198,-0.0010835893366106914
0.12906642873750027,0.005226951018950537,-0.000706913292807308,-0.0010984546092479848
0.1291027343433336,0.006524069922638505,-0.0007048547992751366,-0.0011128830644777218
0.12913903994916695,0.00774799592977901,-0.0007027515880235522,-0.0011268720361279746
0.12917534555500026,0.008895873948872512,-0.0007006038884752033,-0.001140419248919964
0.1292116511608336,0.009965519712372937,-0.0006984119313935323,-0.001153522813881888
0.12924795676666695,0.010955395779565908,-0.0006961759480223318,-0.0011661812231633488
0.12928426237250026,0.011864584000678517,-0.0006938961694154892,-0.0011783933443894534
0.1293205679783336,0.012692754855461577,-0.0006915728262153105,-0.0011901584146728715
0.12935687358416695,0.01344013408416241,-0.0006892061491000979,-0.0012014760343781782
0.12939317919000026,0.014107467029531638,-0.0006867963700603716,-0.001212346160707426
0.1294294847958336,0.014695981105471736,-0.0006843437245846381,-0.0012227691011509481
0.12946579040166695,0.015207346801356481,-0.0006818484547480617,-0.0012327455068247488
0.12950209600750026,0.01564363762117017,-0.0006793108131098862,-0.0012422763656971445
0.1295384016133336,0.01600728934369525,-0.0006767310672470518,-0.001251362995693802
0.12957470721916695,0.01630105897429451,-0.0006741095046902765,-0.0012600070376627519
0.12961101282500026,0.016527983740679382,-0.0006714464379912269,-0.0012682104481794728
0.1296473184308336,0.016691340464728942,-0.0006687422096391205,-0.001275975492176298
0.12968362403666694,0.016794605620229556,-0.0006659971965631739,-0.001283304735389214
0.12971992964250026,0.01684141636265034,-0.0006632118140017235,-0.001290201036627132
0.1297562352483336,0.016835532792061136,-0.0006603865185848826,-0.0012966675398822125
0.12979254085416694,0.016780801684340155,-0.0006575218105582568,-0.0013027076663129687
0.12982884646000029,0.016681121899204232,-0.0006546182351620085,-0.0013083251061429034
0.1298651520658336,0.016540411646612376,-0.0006516763832633233,-0.001313523810524886
0.12990145767166694,0.01636257776601907,-0.0006486968914122659,-0.0013183079834242807
0.12993776327750028,0.016151487146048943,-0.0006456804415435897,-0.0013226820735714828
0.1299740688833336,0.015910940385675688,-0.0006426277605747689,-0.0013266507665270647
0.13001037448916694,0.015644647772144412,-0.0006395396201504586,-0.0013302189768908239
0.13004668009500028,0.015356207625887984,-0.000636416836755798,-0.0013333918406707947
0.1300829857008336,0.015049087038745006,-0.0006332602723683652,-0.0013361747078112648
0.13011929130666694,0.014726605009058754,-0.0006300708357467275,-0.0013385731348617598
0.13015559691250028,0.014391917955870435,-0.0006268494843699385,-0.0013405928777535843
0.1301919025183336,0.014048007574541782,-0.0006235972269558102,-0.0013422398846384424
0.13022820812416694,0.013697670977854215,-0.0006203151264054004,-0.0013435202887361654
0.13026451373000028,0.013343513050015451,-0.0006170043029553642,-0.0013444404011364417
0.1303008193358336,0.012987940926118175,-0.0006136659372755166,-0.0013450067035029318
0.13033712494166694,0.012633160496476803,-0.0006103012732308306,-0.0013452258406368787
0.13037343054750028,0.012281174823934598,-0.0006069116200370686,-0.0013451046128704347
0.1304097361533336,0.011933784352682029,-0.0006034983535763319,-0.0013446499682760536
0.13044604175916694,0.011592588779337932,-0.0006000629166991841,-0.0013438689946957785
0.13048234736500028,0.011258990450980584,-0.0005966068184174232,-0.0013427689116113095
0.13051865297083362,0.010934199150423833,-0.0005931316319780392,-0.0013413570618905984
0.13055495857666694,0.01061923812624795,-0.0005896389918954573,-0.0013396409034578912
0.13059126418250028,0.010314951223837843,-0.0005861305900969225,-0.0013376280009404996
0.13062756978833362,0.010022010973864461,-0.0005826081713968345,-0.0013353260173465226
0.13066387539416693,0.009740927496171359,-0.0005790735285537954,-0.0013327427058232374
0.13070018100000028,0.009472058079793559,-0.000575528497175297,-0.0013298859015364614
0.13073648660583362,0.009215617303729882,-0.0005719749507183793,-0.0013267635136979233
0.13077279221166693,0.008971687567999244,-0.0005684147957921763,-0.0013233835177520335
0.13080909781750027,0.008740229910318966,-0.0005648499679046703,-0.0013197539477171165
0.13084540342333362,0.008521094990331013,-0.0005612824277180559,-0.0013158828886609356
0.13088170902916693,0.008314034130551692,-0.000557714157793221,-0.0013117784692778611
0.13091801463500027,0.008118710311014436,-0.0005541471597229417,-0.0013074488545266494
0.13095432024083362,0.007934709022798275,-0.0005505834514841075,-0.0013029022382844398
0.13099062584666693,0.0077615488941743145,-0.000547025064789051,-0.0012981468359745947
0.13102693145250027,0.0075986920118506105,-0.000543474042190269,-0.0012931908771332296
0.13106323705833361,0.007445553868648912,-0.0005399324336943242,-0.0012880425978909302
0.13109954266416693,0.007301512877807226,-0.0005364022926695031,-0.001282710233361015
0.13113584827000027,0.0071659194028789635,-0.0005328856708849907,-0.00127720200994221
0.1311721538758336,0.0070381042608085405,-0.0005293846125914817,-0.0012715261375600047
0.13120845948166696,0.0069173866641284625,-0.0005259011476368707,-0.0012656908018855242
0.13124476508750027,0.006803081576275907,-0.0005224372836973223,-0.0012597041565819552
0.1312810706933336,0.006694506461707864,-0.0005189949977847028,-0.0012535743156351893
0.13131737629916695,0.006590987419751732,-0.0005155762272577436,-0.0012473093458267388
0.13135368190500027,0.006491864697920306,-0.0005121828606096173,-0.0012409172594029544
0.1313899875108336,0.006396497586712096,-0.000508816728324221,-0.0012344060069855764
0.13142629311666695,0.006304268703684042,-0.0005054795940854601,-0.0012277834707556299
0.13146259872250027,0.006214587679805808,-0.0005021731465891676,-0.0012210574579270014
0.1314989043283336,0.00612689426577245,-0.0004988989921496852,-0.0012142356945093555
0.13153520993416695,0.0060406608800615685,-0.0004956586482186887,-0.001207325819344128
0.13157151554000027,0.0059553946240747824,-0.0004924535378503889,-0.0012003353783838293
0.1316078211458336,0.00587063879270979,-0.0004892849850635228,-0.0011932718191752228
0.13164412675166695,0.005785973911181808,-0.0004861542109753253,-0.0011861424855020934
0.13168043235750027,0.005701018330869685,-0.0004830623305237488,-0.0011789546121438073
0.1317167379633336,0.005615428418424167,-0.00048001034955767903,-0.0011717153197115609
0.13175304356916695,0.005528898373368591,-0.0004769991620644899,-0.0011644316095345407
0.13178934917500026,0.005441159709973589,-0.00047402954732095873,-0.0011571103585819975
0.1318256547808336,0.005351980439327104,-0.0004711021667954315,-0.001149758314423019
0.13186196038666695,0.005261163987281221,-0.0004682175606916488,-0.0011423820902418517
0.13189826599250026,0.005168547883371248,-0.00046537614410110554,-0.0011349881599412464
0.1319345715983336,0.005074002254904731,-0.0004625782028130432,-0.0011275828533779141
0.13197087720416695,0.004977428159243699,-0.0004598238889103752,-0.0011201723517815234
0.1320071828100003,0.004878755785888022,-0.0004571132163475522,-0.0011127626834109455
0.1320434884158336,0.004777942558346869,-0.0004544460567553078,-0.0011053597194984012
0.13207979402166695,0.004674971163993997,-0.0004518221357420677,-0.001097969170524084
0.1321160996275003,0.004569847538175508,-0.0004492410299597559,-0.001090596582851561
0.1321524052333336,0.004462598826809154,-0.0004467021651727845,-0.0010832473357390623
0.13218871083916695,0.004353271349614182,-0.0004442048155159735,-0.0010759266387252535
0.1322250164450003,0.004241928583970249,-0.00044174810405531493,-0.0010686395293719449
0.1322613220508336,0.004128649187251258,-0.0004393310046821303,-0.0010613908713321325
0.13229762765666694,0.004013525073340696,-0.00043695234528470924,-0.0010541853527012233
0.1323339332625003,0.0038966595569324804,-0.00043461081206071613,-0.0010470274846033532
0.1323702388683336,0.0037781655771758254,-0.0004323049547666457,-0.0010399215999639692
0.13240654447416694,0.003658164010251947,-0.0004300331926540919,-0.0010328718524243328
0.13244285008000029,0.003536782078589416,-0.00042779382082109695,-0.0010258822153628136
0.1324791556858336,0.003414151862645819,-0.000425585016712287,-0.0010189564810007498
0.13251546129166694,0.003290408919515709,-0.0004234048465329857,-0.0010120982595858642
0.13255176689750028,0.0031656910110757536,-0.0004212512713964034,-0.0010053109786620819
0.1325880725033336,0.003040136942952625,-0.00041912215309340055,-0.0009985978824493863
0.13262437810916694,0.002913885514300486,-0.00041701525945356076,-0.0009919620313694867
0.13266068371500028,0.0027870745772044132,-0.00041492826934584517,-0.0009854063017612112
0.13269698932083362,0.00265984020348365,-0.000412858777438384,-0.0009789333858328268
0.13273329492666694,0.00253231595575299,-0.00041080429889233565,-0.0009725457918965247
0.13276960053250028,0.0024046322588095284,-0.0004087622741982481,-0.0009662458449232793
0.13280590613833362,0.0022769158667423463,-0.00040673007437134226,-0.0009600356874449301
0.13284221174416694,0.002149289420610421,-0.00040470500670364897,-0.0009539172808158003
0.13287851735000028,0.0020218710910945726,-0.00040268432122781,-0.0009478924068299841
0.13291482295583362,0.0018947743001972164,-0.0004006652179840318,-0.0009419626696742903
0.13295112856166694,0.0017681075158331662,-0.000398644855104724,-0.0009361294981823934
0.13298743416750028,0.0016419741130191449,-0.00039662035764877006,-0.0009303941483445241
0.13302373977333362,0.0015164722953218811,-0.00039458882703776815,-0.0009247577060201776
0.13306004537916694,0.0013916950702569976,-0.000392547350878264,-0.0009192210897995243
0.13309635098500028,0.0012677302724351347,-0.00039049301290411403,-0.0009137850539626307
0.13313265659083362,0.0011446606284193934,-0.00038842290274690504,-0.0009084501914938363
0.13316896219666693,0.0010225638574803695,-0.0003863341252425945,-0.0009032169371207898
0.13320526780250028,0.0009015128027029242,-0.00038422380900926534,-0.0008980855703623966
0.13324157340833362,0.0007815755872035596,-0.00038208911408140324,-0.0008930562185856884
0.13327787901416693,0.000662815790550296,-0.00037992723845525013,-0.0008881288600866929
0.13331418462000028,0.0005452926408302091,-0.00037773542348048855,-0.0008833033272231467
0.13335049022583362,0.00042906121817579796,-0.0003755109581175259,-0.0008785793096359851
0.13338679583166696,0.00031417266593344135,-0.0003732511821584221,-0.0008739563576009807
0.13342310143750027,0.0002006744060295291,-0.00037095348857506575,-0.0008694338855512071
0.13345940704333362,8.861035545753811e-05,-0.00036861532520400146,-0.0008650111758052437
0.13349571264916696,-2.197885883161761e-05,-0.00036623419599887523,-0.0008606873825258049
0.13353201825500027,-0.0001310556890062663,-0.00036380766207690183,-0.0008564615359198626
0.13356832386083362,-0.0002385854614346037,-0.0003613333427559033,-0.0008523325466757566
0.13360462946666696,-0.00034453617948838053,-0.00035880891672682635,-0.0008482992106169083
0.13364093507250027,-0.00044887833548763127,-0.00035623212343900007,-0.0008443602135372367
0.13367724067833361,-0.0005515847329206533,-0.0003536007646991948,-0.0008405141361717517
0.13371354628416696,-0.0006526303198075172,-0.00035091270640913604,-0.0008367594592482999
0.13374985189000027,-0.0007519920338276786,-0.00034816588029786227,-0.0008330945685638336
0.1337861574958336,-0.0008496486596031433,-0.00034535828545268757,-0.0008295177600311502
0.13382246310166696,-0.0009455806983185409,-0.0003424879894213798,-0.0008260272446495104
0.13385876870750027,-0.0010397702496688873,-0.00033955312865207834,-0.000822621153364107
0.1338950743133336,-0.0011322009059553286,-0.00033655190805740437,-0.0008192975417937855
0.13393137991916695,-0.0012228576579992852,-0.00033348259953338416,-0.0008160543948221923
0.13396768552500027,-0.0013117268124166255,-0.0003303435393278949,-0.0008128896310629713
0.1340039911308336,-0.0013987959196860456,-0.0003271331242309403,-0.000809801107223126
0.13404029673666695,-0.0014840537123596844,-0.0003238498066423484,-0.0008067866223987834
0.1340766023425003,-0.0015674900526987709,-0.00032049208865302456,-0.000803843922343294
0.1341129079483336,-0.0016490958889719333,-0.00031705851534554304,-0.0008009707037482781
0.13414921355416695,-0.001728863219627416,-0.00031354766757160294,-0.0007981646185738471
0.1341855191600003,-0.0018067850645410966,-0.00030995815449253984,-0.0007954232784552636
0.1342218247658336,-0.0018828554425477494,-0.00030628860617191463,-0.0007927442592007385
0.13425813037166695,-0.0019570693544810366,-0.0003025376664860947,-0.0007901251053802425
0.1342944359775003,-0.002029422770975614,-0.00029870398657229526,-0.0007875633349897383
0.1343307415833336,-0.0020999126243199094,-0.00029478621896875074,-0.0007850564441607684
0.13436704718916695,-0.0021685368036880137,-0.00029078301252541216,-0.0007826019118734248
0.1344033527950003,-0.002235294153121515,-0.0002866930080838436,-0.0007801972046226622
0.1344396584008336,-0.002300184471675086,-0.00028251483485016566,-0.0007778397809845643
0.13447596400666695,-0.0023632085151818077,-0.00027824710732274837,-0.0007755270960309197
0.1345122696125003,-0.0024243679991346897,-0.0002738884225933137,-0.0007732566055471301
0.1345485752183336,-0.0024836656022191855,-0.0002694373578205392,-0.0007710257700193915
0.13458488082416695,-0.002541104970067822,-0.00026489246768105266,-0.0007688320583711047
0.1346211864300003,-0.0025966907188427458,-0.000260252281633073,-0.0007666729514441411
0.1346574920358336,-0.002650428438285765,-0.00025551530087948994,-0.0007645459452362707
0.13469379764166695,-0.0027023246939091275,-0.0002506799949842618,-0.000762448553920123
0.1347301032475003,-0.0027523870280346196,-0.0002457447981713717,-0.0007603783126800346
0.13476640885333363,-0.0028006239594242336,-0.00024070810541107105,-0.0007583327804099213
0.13480271445916694,-0.002847044981282989,-0.0002355682684655822,-0.0007563095423171992
0.1348390200650003,-0.0028916605574535546,-0.0002303235921184937,-0.0007543062124746223
0.13487532567083363,-0.0029344821166627567,-0.00022497233084301427,-0.000752320436354061
0.13491163127666694,-0.0029755220447211655,-0.0002195126861705231,-0.0007503498933645984
0.13494793688250029,-0.00301479367461773,-0.0002139428050014871,-0.0007483922994031297
0.13498424248833363,-0.0030523112744906445,-0.00020826077905750852,-0.0007464454094104608
0.13502054809416694,-0.0030880900334919804,-0.000202464645610202,-0.0007445070199113543
0.13505685370000028,-0.0031221460455958185,-0.00019655238954601733,-0.0007425749715046379
0.13509315930583363,-0.0031544962914265475,-0.00019052194674365185,-0.0007406471512607073
0.13512946491166694,-0.0031851586182048896,-0.00018437120866057521,-0.0007387214949794802
0.13516577051750028,-0.003214151717923604,-0.00017809802795539152,-0.0007367959892625669
0.13520207612333363,-0.0032414951038727516,-0.00017170022492018312,-0.0007348686733590651
0.13523838172916694,-0.0032672090856363314,-0.00016517559446670185,-0.0007329376407543827
0.13527468733500028,-0.0032913147426789245,-0.00015852191340505535,-0.0007310010404848122
0.13531099294083362,-0.0033138338966339303,-0.00015173694777352633,-0.0007290570781758268
0.13534729854666694,-0.003334789082395517,-0.0001448184600208889,-0.0007271040168176554
0.13538360415250028,-0.0033542035181060876,-0.00013776421590322292,-0.0007251401773059846
0.13541990975833362,-0.003372101074121403,-0.00013057199102910425,-0.0007231639387871551
0.13545621536416694,-0.0033885062410278204,-0.0001232395770623555,-0.0007211737388547589
0.13549252097000028,-0.003403444096781383,-0.000115764787662142,-0.0007191680736473387
0.13552882657583362,-0.003416940273037386,-0.00010814546429849044,-0.0007171454978946705
0.13556513218166696,-0.0034290209207416206,-0.00010037948212101231,-0.0007151046249531364
0.13560143778750028,-0.0034397126750605163,-9.246475607543261e-05,-0.0007130441268597312
0.13563774339333362,-0.003449042619736087,-8.439924745458638e-05,-0.0007109627344204792
0.13567404899916696,-0.0034570382509619005,-7.618097103859741e-05,-0.0007088592373339496
0.13571035460500028,-0.003463727440886951,-6.780800292628283e-05,-0.0007067324843357609
0.13574666021083362,-0.00346913840086396,-5.9278489091909724e-05,-0.0007045813833370454
0.13578296581666696,-0.0034732996445660112,-5.059065462535767e-05,-0.0007024049015201869
0.13581927142250028,-0.0034762399510994135,-4.1742813537477986e-05,-0.0007002020653497695
0.13585557702833362,-0.003477988328240611,-3.273337894398778e-05,-0.0006979719604561734
0.13589188263416696,-0.0034785739759204065,-2.3560873387799154e-05,-0.0006957137313536663
0.13592818824000027,-0.003478026250069909,-1.4223939026913387e-05,-0.0006934265809637115
0.13596449384583362,-0.0034763746269299532,-4.7213474064226375e-06,-0.000691109769926602
0.13600079945166696,-0.0034736486679102555,4.947991450232501e-06,-0.0006887626156991161
0.13603710505750027,-0.0034698779850674687,1.478502085539684e-05,-0.0006863844914511407
0.13607341066333362,-0.0034650922072539843,2.47905303416027e-05,-0.0006839748247884952
0.13610971626916696,-0.0034593209469732595,3.496514970782593e-05,-0.0006815330963410083
0.13614602187500027,-0.0034525937679638994,4.530934423979506e-05,-0.0006790588382629994
0.13618232748083361,-0.003444940153524795,5.5823411039101204e-05,-0.0006765516326968393
0.13621863308666696,-0.00343638947558799,6.650747632813569e-05,-0.0006740111102488476
0.1362549386925003,-0.0034269709645448863,7.736149354664418e-05,-0.0006714369485205722
0.1362912442983336,-0.003416713679834728,8.8385242025935e-05,-0.0006688288707281595
0.13632754990416696,-0.0034056464813113792,9.957832602125615e-05,-0.0006661866444291566
0.1363638555100003,-0.003393798001414204,0.00011094017390175798,-0.0006635100803611013
0.1364001611158336,-0.00338119661818011,0.00012247003733842409,-0.0006607990313812461
0.13643646672166695,-0.0033678704291450626,0.00013416699038871834,-0.0006580533914833027
0.1364727723275003,-0.0033538472261932205,0.00014602992844598266,-0.0006552730948566138
0.1365090779333336,-0.0033391544714189442,0.00015805756709422376,-0.0006524581149467458
0.13654538353916695,-0.003323819274070351,0.00017024844097691215,-0.0006496084634748243
0.1365816891450003,-0.0033078683686421297,0.00018260090284434667,-0.0006467241893761606
0.1366179947508336,-0.0032913280941798675,0.00019511312298186055,-0.0006438053776264798
0.13665430035666695,-0.0032742243748484063,0.0002077830892364247,-0.0006408521479355233
0.1366906059625003,-0.003256582701803481,0.00022060860785017285,-0.0006378646533017242
0.1367269115683336,-0.0032384281163901525,0.00023358730527671704,-0.000634843078436549
0.13676321717416695,-0.003219785194674664,0.00024671663110301144,-0.0006317876380813732
0.1367995227800003,-0.003200678033299739,0.00025999386213127346,-0.000628698575251874
0.1368358283858336,-0.003181130236638452,0.00027341610759899673,-0.0006255761594536006
0.13687213399166695,-0.0031611649052098187,0.0002869803154381653,-0.0006224206849166731
0.1369084395975003,-0.003140804625311154,0.0003006832794052397,-0.0006192324688970184
0.13694474520333363,-0.003120071459818544,0.00031452164685840474,-0.0006160118500862082
0.13698105080916695,-0.00309898694010759,0.0003284919269235199,-0.0006127591871624001
0.1370173564150003,-0.0030775720590515416,0.0003425904987786991,-0.000609474857502081
0.13705366202083363,-0.0030558472650622456,0.00035681361980051813,-0.0006061592560576436
0.13708996762666695,-0.0030338324571499466,0.00037115743335103116,-0.0006028127943908186
0.1371262732325003,-0.0030115469809894654,0.00038561797604019234,-0.000599435899838227
0.13716257883833363,-0.002989009625991318,0.00040019118436708377,-0.0005960290147742477
0.13719888444416695,-0.002966238623385506,0.0004148729007183324,-0.0005925925959291741
0.1372351900500003,-0.002943251645331879,0.0004296588787754382,-0.0005891271137180049
0.13727149565583363,-0.0029200658050733135,0.00044454478844682097,-0.0005856330515374373
0.13730780126166695,-0.002896697658145977,0.00045952622048861573,-0.0005821109049954518
0.1373441068675003,-0.0028731632046547556,0.0004745986910056872,-0.0005785611810485441
0.13738041247333363,-0.002849477892611851,0.0004897576460282711,-0.0005749843970350339
0.13741671807916694,-0.0028256566223235718,0.0005049984663398451,-0.0005713810796075108
0.1374530236850003,-0.002801713751795509,0.0005203164726905404,-0.0005677517635818086
0.13748932929083363,-0.002777663103111022,0.0005357069314721406,-0.0005640969907323929
0.13752563489666694,-0.0027535179697236152,0.0005511650608617764,-0.0005604173085733693
0.13756194050250029,-0.002729291124591728,0.0005666860373692218,-0.0005567132691694757
0.13759824610833363,-0.0027049948290757166,0.0005822650026549858,-0.0005529854280218569
0.13763455171416697,-0.0026806408425122034,0.0005978970704304595,-0.0005492343430690945
0.13767085732000028,-0.002656240432380797,0.0006135773332132686,-0.0005454605738353204
0.13770716292583363,-0.002631804384982404,0.0006293008686948857,-0.0005416646807452103
0.13774346853166697,-0.0026073430165564136,0.00064506274548536,-0.0005378472246115002
0.13777977413750028,-0.0025828661847750556,0.0006608580280311171,-0.0005340087662858913
0.13781607974333362,-0.002558383300566041,0.0006766817805531303,-0.0005301498664503718
0.13785238534916697,-0.00253390334022784,0.0006925290699192228,-0.0005262710855145519
0.13788869095500028,-0.00250943485781432,0.0007083949674391039,-0.0005223729835767733
0.13792499656083362,-0.002484985997775641,0.000724274549646398,-0.0005184561204033512
0.13796130216666697,-0.0024605645078493612,0.0007401628982007164,-0.0005145210553816666
0.13799760777250028,-0.002436177752198923,0.0007560550990978272,-0.0005105683474088113
0.13803391337833362,-0.0024118327247958293,0.0007719462414116875,-0.0005065985546874294
0.13807021898416696,-0.0023875360630370634,0.0007878314158050495,-0.0005026122344132465
0.13810652459000028,-0.0023632940615811926,0.0008037057130344187,-0.0004986099423531531
0.13814283019583362,-0.002339112686376103,0.0008195642226417182,-0.0004945922323270732
0.13817913580166696,-0.0023149975888395583,0.0008354020319727969,-0.0004905596556196878
0.13821544140750028,-0.00229095412014208,0.0008512142255975787,-0.00048651276035802067
0.13825174701333362,-0.0022669873455313117,0.0008669958851351787,-0.0004824520908968902
0.13828805261916696,-0.0022431020586291903,0.0008827420894173303,-0.00047837818725564286
0.13832435822500028,-0.0022193027956287953,0.0008984479148624106,-0.00047429158464628213
0.13836066383083362,-0.0021955938493172563,0.0009141084358866905,-0.0004701928131254406
0.13839696943666696,-0.0021719792828547063,0.0009297187251540197,-0.00046608239739143973
0.1384332750425003,-0.002148462943246707,0.0009452738534626807,-0.0004619608567341368
0.13846958064833362,-0.0021250484744582206,0.00096076888908891,-0.0004578287051308156
0.13850588625416696,-0.002101739330130089,0.0009761988964484245,-0.00045368645146757396
0.1385421918600003,-0.0020785387858729444,0.0009915589339958536,-0.00044953459985396215
0.13857849746583362,-0.002055449951127235,0.0010068440513511365,-0.00044537364999027123
0.13861480307166696,-0.0020324757805904098,0.0010220492857144702,-0.00044120409754274385
0.1386511086775003,-0.0020096190852221516,0.001037169657699712,-0.0004370264344825115
0.13868741428333362,-0.0019868825428451353,0.0010522001667730952,-0.00043284114934918926
0.13872371988916696,-0.0019642687083615937,0.0010671357865237553,-0.00042864872740922856
0.1387600254950003,-0.001941780023604993,0.0010819714600107354,-0.0004244496506913646
0.13879633110083361,-0.0019194188268416245,0.0010967020954259156,-0.0004202443978954882
0.13883263670666696,-0.001897187361929619,0.0011113225622842212,-0.0004160334441855423
0.1388689423125003,-0.0018750877871337051,0.001125827688304397,-0.00041181726089007086
0.1389052479183336,-0.0018531221835841262,0.0011402122570805583,-0.00040759631514446183
0.13894155352416696,-0.0018312925633586685,0.001154471006573156,-0.00040337106951562185
0.1389778591300003,-0.0018096008771588841,0.0011685986283753236,-0.0003991419816521054
0.1390141647358336,-0.0017880490215462438,0.0011825897676442673,-0.0003949095040003614
0.13905047034166695,-0.001766638845701827,0.001196439023534249,-0.00039067408362102306
0.1390867759475003,-0.0017453721576745707,0.0012101409499331733,-0.0003864361621287803
0.13912308155333364,-0.0017242507300880274,0.0012236900562923043,-0.00038219617576645246
0.13915938715916695,-0.0017032763052836212,0.0012370808083493415,-0.0003779545556098081
0.1391956927650003,-0.0016824505998888292,0.001250307628577702,-0.00037371172788595294
0.13923199837083364,-0.0016617753088106013,0.001263364896245828,-0.00036946811437619414
0.13926830397666695,-0.0016412521086665538,0.0012762469470341856,-0.0003652241328654483
0.1393046095825003,-0.001620882660677922,0.0012889480722275424,-0.00036098019759542744
0.13934091518833364,-0.0016006686130578941,0.001301462517568674,-0.00035673671967852247
0.13937722079416695,-0.0015806116029359342,0.0013137844819195831,-0.0003524941074335265
0.1394135264000003,-0.0015607132578624812,0.0013259081159212563,-0.0003482527666126488
0.13944983200583363,-0.001540975196938742,0.0013378275208681737,-0.0003440131005007722
0.13948613761166695,-0.0015213990316133134,0.0013495367480164933,-0.00033977550988137525
0.1395224432175003,-0.0015019863661815077,0.0013610297985247335,-0.00033554039287754414
0.13955874882333363,-0.0014827387980152738,0.0013723006241848931,-0.0003313081446895496
0.13959505442916695,-0.0014636579175424133,0.0013833431290445018,-0.00032707915726118284
0.1396313600350003,-0.00144474530798444,0.0013941511719520081,-0.0003228538189143001
0.13966766564083363,-0.0014260025448539486,0.0014047185699862462,-0.0003186325139940603
0.13970397124666695,-0.0014074311952056633,0.0014150391026628761,-0.0003144156225658458
0.1397402768525003,-0.0013890328166311242,0.001425106516753677,-0.00031020352019900475
0.13977658245833363,-0.001370808955985701,0.0014349145315142636,-0.0003059965778629848
0.13981288806416697,-0.001352761147838391,0.00144445684409631,-0.00030179516194916436
0.1398491936700003,-0.0013348909126394606,0.0014537271349236546,-0.0002975996344180489
0.13988549927583363,-0.0013171997546079384,0.0014627190728373064,-0.0002934103530579331
0.13992180488166697,-0.0012996891593494916,0.0014714263198596072,-0.0002892276718290825
0.1399581104875003,-0.0012823605912244342,0.0014798425354878614,-0.0002850519412582331
0.13999441609333363,-0.0012652154904945544,0.001487961380496284,-0.0002808835088427229
0.14003072169916697,-0.0012482552702851799,0.0014957765202949609,-0.0002767227194224256
0.14006702730500029,-0.0012314813134046362,0.001503281627958342,-0.00027256991548096313
0.14010333291083363,-0.001214894969066429,0.001510470387086947,-0.0002684254373450679
0.14013963851666697,-0.0011984975495597813,0.001517336494699097,-0.0002642896232616466
0.14017594412250028,-0.0011822903269115834,0.0015238736643611954,-0.0002601628093449266
0.14021224972833363,-0.0011662745295776729,0.0015300756297541463,-0.0002560453293996701
0.14024855533416697,-0.0011504513391941743,0.0015359361488411123,-0.0002519375146393744
0.14028486094000028,-0.0011348218874111745,0.0015414490087513938,-0.00024783969332927395
0.14032116654583363,-0.0011193872528221318,0.0015466080314320493,-0.00024375219039166047
0.14035747215166697,-0.0011041484579940022,0.0015514070800496014,-0.00023967532701474825
0.14039377775750028,-0.00108910646659594,0.0015558400660560284,-0.0002356094203056418
0.14043008336333362,-0.001074262180619239,0.0015599009567733551,-0.00023155478302300388
0.14046638896916697,-0.0010596164376783749,0.0015635837833057702,-0.00022751172341631447
0.1405026945750003,-0.0010451700083827491,0.001566882648562053,-0.0002234805451870933
0.14053900018083362,-0.0010309235937709467,0.0015697917351668806,-0.00021946154757436083
0.14057530578666697,-0.0010168778228036007,0.001572305313057747,-0.00021545502555333373
0.1406116113925003,-0.0010030332499167756,0.0015744177466028221,-0.00021146127012429885
0.14064791699833362,-0.0009893903526443683,0.0015761235011300808,-0.00020748056865905969
0.14068422260416696,-0.0009759495293246074,0.0015774171488236706,-0.00020351320526630512
0.1407205282100003,-0.0009627110969115176,0.0015782933740129152,-0.0001995594611353395
0.14075683381583362,-0.000949675288916517,0.001578746977945326,-0.00019561961482002306
0.14079313942166696,-0.0009368422535076303,0.0015787728831906471,-0.00019169394243122895
0.1408294450275003,-0.0009242120517938385,0.001578366137862499,-0.00018778271771592635
0.14086575063333362,-0.000911784656319804,0.0015775219198635375,-0.00018388621201309493
0.14090205623916696,-0.0008995599497918261,0.0015762355413572022,-0.00018000469408977073
0.1409383618450003,-0.0008875377240498335,0.0015745024536444562,-0.00017613842987322458
0.14097466745083362,-0.0008757176792930987,0.0015723182525800023,-0.0001722876821062341
0.14101097305666696,-0.0008640994235598958,0.001569678684603943,-0.0001684527099604743
0.1410472786625003,-0.0008526824724542359,0.0015665796533978421,-0.00016463376864737545
0.14108358426833362,-0.0008414662491067863,0.0015630172271056692,-0.00016083110906593736
0.14111988987416696,-0.0008304500843526714,0.001558987645997289,-0.00015704497752294983
0.1411561954800003,-0.0008196332171064173,0.0015544873304015733,-0.00015327561555329312
0.14119250108583362,-0.0008090147949140002,0.001549512888703079,-0.00014952325985732426
0.14122880669166696,-0.0007985938746636839,0.0015440611251840146,-0.00014578814235993509
0.1412651122975003,-0.0007883694234407959,0.0015381290475031148,-0.00014207049038302228
0.14130141790333364,-0.0007783403195162911,0.0015317138736340094,-0.00013837052691120026
0.14133772350916696,-0.0007685053534642801,0.0015248130381344124,-0.00013468847092087453
0.1413740291150003,-0.000758863229408984,0.0015174241976788666,-0.0001310245377362922
0.14141033472083364,-0.0007494125664061741,0.0015095452358554087,-0.00012737893937357498
0.14144664032666696,-0.000740151899967504,0.0015011742672932957,-0.00012375188483527283
0.1414829459325003,-0.0007310796837378386,0.0014923096412478866,-0.0001201435803234736
0.14151925153833364,-0.0007221942913355205,0.0014829499448137425,-0.00011655422934836281
0.14155555714416695,-0.0007134940183634988,0.001473094005963323,-0.00011298403272039198
0.1415918627500003,-0.0007049770845955907,0.0014627408966135932,-0.00010943318842668069
0.14162816835583364,-0.0006966416363372577,0.0014518899359059149,-0.00010590189140461713
0.14166447396166695,-0.0006884857489547014,0.001440540693847587,-0.0001023903332365302
0.1417007795675003,-0.0006805074295604217,0.001428692995410197,-9.889870179763425e-05
0.14173708517333364,-0.0006727046198382708,0.0014163469251161347,-9.542718089432601e-05
0.14177339077916695,-0.0006650751989870107,0.0014035028320768567,-9.197594993084415e-05
0.1418096963850003,-0.0006576169867588967,0.0013901613353818724,-8.854518363920713e-05
0.14184600199083364,-0.0006503277465690855,0.0013763233296826597,-8.513505190057305e-05
0.14188230759666695,-0.000643205188652786,0.001361989990776533,-8.17457196764525e-05
0.1419186132025003,-0.0006362469732498526,0.0013471627809759376,-7.837734705659607e-05
0.14195491880833364,-0.0006294507138006432,0.0013318434540507366,-7.503008941811047e-05
0.14199122441416698,-0.0006228139801419206,0.0013160340595545549,-7.170409767873278e-05
0.1420275300200003,-0.0006163343016967992,0.0012997369463886696,-6.839951861743733e-05
0.14206383562583363,-0.0006100091706576173,0.0012829547655138246,-6.511649522868551e-05
0.14210014123166698,-0.0006038360451645908,0.0012656904717857776,-6.185516707336463e-05
0.1421364468375003,-0.0005978123524857284,0.0012479473249575044,-5.8615670590122453e-05
0.14217275244333363,-0.0005919354922044661,0.0012297288899528191,-5.539813933529654e-05
0.14220905804916698,-0.0005862028394207208,0.001211039036566279,-5.220270412746487e-05
0.1422453636550003,-0.000580611747968666,0.0011918819387774422,-4.902949308295908e-05
0.14228166926083363,-0.000575159553650807,0.001172262073880424,-4.5878631540379756e-05
0.14231797486666697,-0.0005698435774833309,0.0011521842216209515,-4.2750241883989234e-05
0.1423542804725003,-0.0005646611289427941,0.0011316534635037315,-3.964444328658152e-05
0.14239058607833363,-0.0005596095091995885,0.0011106751823860416,-3.656135140091386e-05
0.14242689168416697,-0.0005546860143198875,0.0010892550624139827,-3.350107803414919e-05
0.1424631972900003,-0.0005498879384153768,0.0010673990892920465,-3.046373084145593e-05
0.14249950289583363,-0.000545212576719373,0.0010451135508114636,-2.7449413072784763e-05
0.14253580850166697,-0.0005406572285690557,0.0010224050375050445,-2.4458223401140962e-05
0.1425721141075003,-0.0005362192002764152,0.0009992804432519544,-2.149025585201931e-05
0.14260841971333363,-0.0005318958078748919,0.0009757469656297069,-1.854559984299851e-05
0.14264472531916697,-0.000527684379734081,0.000951812105805378,-1.562434033094211e-05
0.1426810309250003,-0.0005235822590407584,0.0009274836677741678,-1.2726558053046458e-05
0.14271733653083363,-0.0005195868061501807,0.0009027697567893185,-9.852329838292524e-06
0.14275364213666697,-0.0005156954008165333,0.0008776787768792945,-7.001728958707178e-06
0.1427899477425003,-0.0005119054443149739,0.000852219427410648,-4.174825485957114e-06
0.14282625334833363,-0.0005082143614695621,0.0008264006987216434,-1.3716866185709469e-06
0.14286255895416697,-0.0005046196026012638,0.0008002318669155779,1.407623051489626e-06
0.1428988645600003,-0.0005011186454081857,0.0007737224879572025,4.163041357497223e-06
0.14293517016583362,-0.0004977089967864597,0.0007468823912551021,6.894508477222788e-06
0.14297147577166697,-0.0004943881945951933,0.0007197216729332853,9.601966957376845e-06
0.1430077813775003,-0.000491153809363208,0.0006922506889945204,1.2285361836629183e-05
0.14304408698333362,-0.00048800344592958474,0.0006644800485562894,1.4944640850206326e-05
0.14308039258916697,-0.00048493474500500063,0.0006364206072999568,1.7579754690530984e-05
0.1431166981950003,-0.0004819453846371155,0.0006080834612191596,2.0190657292583532e-05
0.14315300380083362,-0.00047903308156132754,0.000579479940690264,2.2777306110220694e-05
0.14318930940666696,-0.0004761955924183763,0.0005506216048226868,2.53396623508137e-05
0.1432256150125003,-0.00047343071482259294,0.0005215202359867596,2.7877691140122585e-05
0.14326192061833362,-0.00047073628826890986,0.0004921878343679573,3.039136159680132e-05
0.14329822622416696,-0.0004681101948726445,0.0004626366123638337,3.2880646805523506e-05
0.1433345318300003,-0.00046555035994297236,0.00043287898862733547,3.534552368840761e-05
0.14337083743583365,-0.0004630547523981863,0.0004029275815686266,3.778597278507517e-05
0.14340714304166696,-0.0004606213850375334,0.00037279520215629516,4.020197796117847e-05
0.1434434486475003,-0.0004582483146898918,0.0003424948459048426,4.259352607259974e-05
0.14347975425333365,-0.00045593364226318046,0.0003120396839938947,4.4960606616997583e-05
0.14351605985916696,-0.00045367551271975425,0.0002814430535295408,4.73032114055143e-05
0.1435523654650003,-0.0004514721150019285,0.0002507184470228607,4.9621334285167694e-05
0.14358867107083365,-0.0004493216819282816,0.00021987950121833504,5.1914970937003e-05
0.14362497667666696,-0.0004472224900758302,0.00018893998544949515,5.418411876707091e-05
0.1436612822825003,-0.0004451728596561373,0.00015791378972625304,5.642877689758693e-05
0.14369758788833364,-0.00044317115438563884,0.00012681491276510143,5.8648946255246554e-05
0.14373389349416696,-0.000441215781342807,9.565745015915345e-05,6.0844629743711004e-05
0.1437701991000003,-0.00043930519079805826,6.445558285135247e-05,6.30158324787787e-05
0.14380650470583364,-0.00043743787599732903,3.3223566024698605e-05,6.516256205859351e-05
0.14384281031166696,-0.0004356123728775792,1.9757184632299302e-06,6.728482883803717e-05
0.1438791159175003,-0.00043382725969250103,-2.927358762691913e-05,6.938264617651866e-05
0.14391542152333364,-0.0004320811565294784,-6.050993640902576e-05,7.145603063167392e-05
0.14395172712916696,-0.0004303727247041412,-9.171887794552465e-05,7.350500207765175e-05
0.1439880327350003,-0.0004287006660261784,-0.0001228859376302098,7.55295837350194e-05
0.14402433834083364,-0.00042706372193868064,-0.00015399662570715205,7.75298021089833e-05
0.14406064394666696,-0.00042546067254227535,-0.0001850364470600457,7.950568684256879e-05
0.1440969495525003,-0.0004238903355237409,-0.00021599091143463178,8.145727050059831e-05
0.14413325515833364,-0.00042235156501571207,-0.00024684554421747386,8.338458830780029e-05
0.14416956076416698,-0.0004208432504187338,-0.00027758589784080307,8.528767786940527e-05
0.1442058663700003,-0.0004193643152187229,-0.0003081975638210022,8.716657890464122e-05
0.14424217197583364,-0.00041791371583158537,-0.0003386661853740494,8.902133302243819e-05
0.14427847758166698,-0.00041649044050237426,-0.00036897747049158676,9.085198356453574e-05
0.1443147831875003,-0.00041509350827933155,-0.000399117205312436,9.265857553450755e-05
0.14435108879333364,-0.0004137219680741274,-0.0004290712675914185,9.444115562269122e-05
0.14438739439916698,-0.00041237489780948796,-0.0004588256400536759,9.619977232753673e-05
0.1444237000050003,-0.00041105140364523465,-0.0004883664234297195,9.793447616445165e-05
0.14446000561083364,-0.0004097506192646135,-0.0005176798489934054,9.964531994480062e-05
0.14449631121666698,-0.0004084717051956553,-0.0005467522904691006,0.00010133235910116887
0.1445326168225003,-0.0004072138481379716,-0.0005755702752308565,0.00010299565203098236
0.14456892242833363,-0.0004059762602643701,-0.0006041204947795353,0.00010463526042947806
0.14460522803416698,-0.00040475817846913565,-0.0006323898145469568,0.00010625124958492026
0.1446415336400003,-0.00040355886354058137,-0.0006603652831326847,0.0001078436886136329
0.14467783924583363,-0.00040237759924397604,-0.0006880341411231664,0.00010941265061935219
0.14471414485166698,-0.00040121369131135233,-0.0007153838296700387,0.00011095821276985596
0.1447504504575003,-0.00040006646634592827,-0.0007424019990117101,0.00011248045629290688
0.14478675606333363,-0.0003989352706597507,-0.0007690765171091415,0.00011397946640230828
0.14482306166916697,-0.0003978194690725296,-0.0007953954785344876,0.00011545533217241022
0.14485936727500032,-0.00039671844370644355,-0.0008213472137033653,0.00011690814638494933
0.14489567288083363,-0.0003956315928151749,-0.0008469202984830225,0.00011833800537510165
0.14493197848666697,-0.0003945583296851314,-0.0008721035641457495,0.00011974500890378336
0.14496828409250032,-0.0003934980816426619,-0.0008968861075761003,0.000121129260080554
0.14500458969833363,-0.00039245028919342455,-0.000921257301588258,0.00012249086535625657
0.14504089530416697,-0.00039141440530962855,-0.0009452068051716427,0.00012382993459732094
0.14507720091000031,-0.00039038989486867053,-0.000968724573462647,0.00012514658124521228
0.14511350651583363,-0.00038937623423394884,-0.0009918008672402993,0.0001264409225556953
0.14514981212166697,-0.0003883729109566751,-0.0010144262617637252,0.0001277130799043069
0.1451861177275003,-0.0003873794235675622,-0.001036591654807426,0.00012896317913751928
0.14522242333333363,-0.00038639528142041983,-0.001058288273802645,0.00013019135094422305
0.14525872893916697,-0.0003854200045466932,-0.0010795076820540328,0.00013139773121983433
0.1452950345450003,-0.0003844531234812131,-0.0011002417840641247,0.00013258246139574305
0.14533134015083363,-0.00038349417902482807,-0.0011204828300572349,0.00013374568870989898
0.14536764575666697,-0.0003825427219186631,-0.0011402234198431651,0.0001348875663997362
0.1454039513625003,-0.00038159831241661106,-0.001159456506194571,0.00013600825380579047
0.14544025696833363,-0.0003806605197561131,-0.001178175397926524,0.00013710791638252138
0.14547656257416697,-0.0003797289215409479,-0.001196373762861291,0.0001381867256211697
0.1455128681800003,-0.0003788031030621926,-0.0012140456308362794,0.00013924485889711086
0.14554917378583365,-0.000377882656593419,-0.001231185396871166,0.0001402824992603362
0.14558547939166697,-0.0003769671807024604,-0.001247787824555875,0.00014129983519178905
0.1456217849975003,-0.0003760562796240006,-0.0012638480496600607,0.0001422970603499019
0.14565809060333365,-0.00037514956273451277,-0.0012793615839034754,0.0001432743733306799
0.14569439620916697,-0.0003742466441639022,-0.0012943243187715312,0.00014423197746117557
0.1457307018150003,-0.0003733471425672422,-0.001308732529217272,0.00014517008064057527
0.14576700742083365,-0.0003724506810662964,-0.0013225828770643813,0.00014608889523595587
0.14580331302666696,-0.00037155688735546004,-0.0013358724139185762,0.00014698863803180658
0.1458396186325003,-0.0003706653939518552,-0.0013485985834075383,0.00014786953022446366
0.14587592423833365,-0.00036977583855611347,-0.001360759222601118,0.00014873179744547788
0.14591222984416696,-0.0003688878644802696,-0.0013723525625106172,0.0001495756697923491
0.1459485354500003,-0.0003680011210932514,-0.0013833772276236472,0.00015040138184157814
0.14598484105583365,-0.00036711526423336815,-0.0013938322344933757,0.00015120917261795104
0.14602114666166696,-0.0003662299565411506,-0.0014037169894614504,0.00015199928549548348
0.1460574522675003,-0.0003653448676745519,-0.0014130312856462841,0.00015277196800936004
0.14609375787333365,-0.0003644596743810537,-0.0014217752993672611,0.00015352747156410762
0.14613006347916696,-0.00036357406041639517,-0.001429949586196822,0.00015426605103055764
0.1461663690850003,-0.00036268771631593397,-0.001437555076834112,0.00015498796423214857
0.14620267469083364,-0.00036180033904037706,-0.0014445930729758442,0.00015569347132901023
0.146238980296667,-0.0003609116315311647,-0.0014510652433241717,0.00015638283411527833
0.1462752859025003,-0.0003600213022207103,-0.0014569736198215004,0.00015705631525053177
0.14631159150833364,-0.00035912906454791765,-0.0014623205941435517,0.00015771417744960502
0.14634789711416699,-0.0003582346365293053,-0.0014671089144207734,0.00015835668265599308
0.1463842027200003,-0.0003573377404305937,-0.0014713416821008293,0.00015898409122256797
0.14642050832583364,-0.00035643810257324123,-0.0014750223488173618,0.00015959666111954276
0.14645681393166698,-0.00035553545329614636,-0.0014781547130975265,0.00016019464718395574
0.1464931195375003,-0.0003546295270759799,-0.0014807429167263313,0.00016077830041799773
0.14652942514333364,-0.000353720062792065,-0.0014827914405911118,0.00016134786733598943
0.14656573074916698,-0.00035280680410518234,-0.0014843050998539738,0.0001619035893525077
0.1466020363550003,-0.0003518894999058615,-0.0014852890383411784,0.00016244570219781475
0.14663834196083364,-0.00035096790477809754,-0.0014857487220919492,0.00016297443534201876
0.14667464756666698,-0.00035004177942005204,-0.001485689932069469,0.00016349001140678504
0.1467109531725003,-0.00034911089096469647,-0.0014851187560976236,0.00016399264554320538
0.14674725877833364,-0.00034817501315047647,-0.0014840415801420355,0.0001644825447566696
0.14678356438416698,-0.00034723392630427066,-0.00148246507909739,0.00016495990716406647
0.1468198699900003,-0.0003462874171150199,-0.0014803962072705054,0.00016542492117494904
0.14685617559583364,-0.0003453352781948195,-0.0014778421887572015,0.00016587776459582796
0.14689248120166698,-0.00034437730744315127,-0.0014748105078999372,0.0001663186036647764
0.14692878680750032,-0.00034341330724736886,-0.0014713088999836047,0.00016674759203126128
0.14696509241333364,-0.00034244308356674375,-0.0014673453422819184,0.00016716486970280245
0.14700139801916698,-0.0003414664449568509,-0.001462928045511236,0.00016757056198505072
0.14703770362500032,-0.00034048320159480653,-0.001458065445688233,0.00016796477844467585
0.14707400923083364,-0.00033949316436343195,-0.0014527661963289263,0.00016834761192479266
0.14711031483666698,-0.0003384961440439977,-0.0014470391608752628,0.00016871913764049233
0.14714662044250032,-0.0003374919506536141,-0.0014408934051972095,0.0001690794123776005
0.14718292604833363,-0.00033648039294592667,-0.0014343381899969644,0.00016942847381149392
0.14721923165416698,-0.00033546127807431553,-0.0014273829629397688,0.00016976633995529461
0.14725553726000032,-0.0003344344113972751,-0.0014200373503530385,0.00017009300873877447
0.14729184286583363,-0.0003333995963880961,-0.0014123111483703161,0.00017040845771163632
0.14732814847166698,-0.0003323566345972332,-0.0014042143134452296,0.0001707126438582599
0.14736445407750032,-0.0003313053256073018,-0.001395756952218133,0.00017100550350617234
0.14740075968333363,-0.0003302454669184619,-0.0013869493107783785,0.0001712869523079097
0.14743706528916697,-0.0003291768537063422,-0.00137780176342195,0.00017155688527584643
0.14747337089500032,-0.0003280992784052939,-0.0013683248010515497,0.00017181517685199463
0.14750967650083363,-0.00032701253008564964,-0.0013585290193992355,0.00017206168099947474
0.14754598210666697,-0.0003259163936132659,-0.001348425107266945,0.00017229623130885622
0.14758228771250032,-0.0003248106486010143,-0.0013380238349761334,0.00017251864112019933
0.14761859331833363,-0.0003236950681829145,-0.0013273360431947463,0.00017272870366960664
0.14765489892416697,-0.0003225694176601478,-0.0013163726322702742,0.00017292619227658073
0.14769120453000031,-0.000321433453082356,-0.001305144552145815,0.00017311086059468623
0.14772751013583366,-0.0003202869198359435,-0.0012936627928773234,0.00017328244295224503
0.14776381574166697,-0.00031912955131267913,-0.0012819383757106816,0.00017344065481156385
0.1478001213475003,-0.00031796106772651983,-0.0012699823446230807,0.00017358519337424503
0.14783642695333366,-0.0003167811751347573,-0.0012578057581900891,0.0001737157383564819
0.14787273255916697,-0.000315589564702479,-0.0012454196816121712,0.00017383195295217238
0.1479090381650003,-0.00031438591222865,-0.0012328351787251567,0.0001739334849937315
0.14794534377083365,-0.0003131698779299597,-0.0012200633038291677,0.00017401996831137116
0.14798164937666697,-0.00031194110645720117,-0.001207115093198713,0.00017409102428219813
0.1480179549825003,-0.00031069922710057093,-0.001194001556180067,0.00017414626355165256
0.14805426058833365,-0.00030944385412681144,-0.0011807336658361141,0.00017418528790241514
0.14809056619416697,-0.000308174587184002,-0.0011673223491578714,0.00017420769224066391
0.1481268718000003,-0.00030689101170983633,-0.0011537784769197444,0.00017421306666696217
0.14816317740583365,-0.0003055926992864715,-0.001140112853306163,0.0001742009985993488
0.14819948301166697,-0.00030427920789882323,-0.0011263362054753049,0.00017417107491932818
0.1482357886175003,-0.000302950082072173,-0.0011124591732471878,0.00017412288411707658
0.14827209422333365,-0.0003016048528872281,-0.001098492299106226,0.00017405601841969596
0.14830839982916696,-0.0003002430378940906,-0.0010844460186921563,0.0001739700758949466
0.1483447054350003,-0.0002988641409685459,-0.0010703306519196953,0.00017386466253165356
0.14838101104083365,-0.00029746765217239025,-0.0010561563948199388,0.00017373939430594942
0.148417316646667,-0.0002960530476922507,-0.0010419333121402562,0.00017359389924879952
0.1484536222525003,-0.00029461978993711185,-0.0010276713306801568,0.00017342781953413137
0.14848992785833365,-0.00029316732787285673,-0.0010133802332844553,0.0001732408136078665
0.148526233464167,-0.0002916950976626304,-0.000999069653367878,0.00017303255837604112
0.1485625390700003,-0.00029020252366558646,-0.0009847490698119174,0.00017280275146512808
0.14859884467583365,-0.0002886890198251193,-0.0009704278020586825,0.00017255111356007672
0.148635150281667,-0.0002871539914530962,-0.0009561150052293543,0.00017227739081618367
0.1486714558875003,-0.00028559683739129763,-0.0009418196651162586,0.00017198135733061725
0.14870776149333365,-0.00028401695250775393,-0.0009275505929352664,0.00017166281764927166
0.148744067099167,-0.0002824137304662748,-0.0009133164197752059,0.0001713216092756699
0.1487803727050003,-0.0002807865666941347,-0.000899125590738,0.00017095760514180828
0.14881667831083364,-0.0002791348614669365,-0.000884986358821318,0.00017057071599688858
0.148852983916667,-0.00027745802303170806,-0.0008709067786485754,0.0001701608926692803
0.1488892895225003,-0.00027575547069906065,-0.0008568947001935843,0.00016972812815993127
0.14892559512833364,-0.0002740266378517308,-0.0008429577626745846,0.00016927245953157768
0.14896190073416699,-0.00027227097483830965,-0.0008291033888019294,0.00016879396956694012
0.1489982063400003,-0.0002704879517451908,-0.0008153387795543365,0.00016829278817978726
0.14903451194583364,-0.00026867706106418164,-0.0008016709096313299,0.00016776909357426063
0.14907081755166698,-0.00026683782029522706,-0.0007881065236871235,0.00016722311315904025
0.14910712315750033,-0.00026496977454092265,-0.0007746521333981432,0.00016665512423267196
0.14914342876333364,-0.00026307249916002944,-0.0007613140153581626,0.00016606545446369125
0.14917973436916698,-0.000261145602549815,-0.0007480982097376878,0.00016545448219332573
0.14921603997500033,-0.00025918872912129127,-0.0007350105195937102,0.00016482263658912724
0.14925234558083364,-0.00025720156251770807,-0.0007220565106774719,0.00016417039767483742
0.14928865118666698,-0.0002551838291062301,-0.0007092415115654313,0.00016349829625547554
0.14932495679250032,-0.00025313530174749454,-0.0006965706139344429,0.00016280691374775795
0.14936126239833364,-0.0002510558038201627,-0.0006840486728166604,0.0001620968819155084
0.14939756800416698,-0.00024894521345034234,-0.0006716803067012615,0.0001613688824988772
0.14943387361000032,-0.0002468034678715665,-0.0006594698973954153,0.00016062364671620146
0.14947017921583364,-0.0002446305678222805,-0.0006474215896111951,0.00015986195460939264
0.14950648482166698,-0.0002424265818764007,-0.0006355392903026635,0.00015908463419882105
0.14954279042750032,-0.00024019165059961753,-0.0006238266678320891,0.0001582925604124707
0.14957909603333364,-0.00023792599043003654,-0.0006122871510904465,0.0001574866537569723
0.14961540163916698,-0.0002356298971959027,-0.000600923928730171,0.00015666787870487637
0.14965170724500032,-0.0002333037492041229,-0.0005897399486841347,0.00015583724178267353
0.14968801285083363,-0.00023094800985898288,-0.0005787379181423089,0.00015499578935670687
0.14972431845666698,-0.00022856322979825398,-0.0005679203041368226,0.00015414460512806993
0.14976062406250032,-0.00022615004856098262,-0.0005572893348492732,0.00015328480736149876
0.14979692966833366,-0.00022370919582489815,-0.000546847001705024,0.00015241754588577987
0.14983323527416698,-0.00022124149226915128,-0.0005365950622629327,0.00015154399891306104
0.14986954088000032,-0.00021874785012818734,-0.0005265350438513464,0.00015066536973067424
0.14990584648583366,-0.0002162292735039342,-0.0005166682478482376,0.0001497828833210333
0.14994215209166697,-0.00021368685849600523,-0.0005069957544605332,0.00014889778296266188
0.14997845769750032,-0.00021112179319406177,-0.0004975184278294177,0.00014801132685871357
0.15001476330333366,-0.00020853535755447025,-0.00048823692127756207,0.00014712478482918569
0.15005106890916697,-0.00020592892315723373,-0.0004791516825219321,0.00014623943509048894
0.15008737451500032,-0.00020330395281163916,-0.0004702629587011812,0.00014535656113247715
0.15012368012083366,-0.00020066199995307638,-0.00046157080110695536,0.00014447744868993786
0.15015998572666697,-0.00019800470775186948,-0.0004530750695594663,0.00014360338279434276
0.15019629133250031,-0.00019533380784011778,-0.00044477543642406194,0.00014273564488360993
0.15023259693833366,-0.00019265111855621742,-0.00043667139032133175,0.00014187550994366495
0.15026890254416697,-0.0001899585426098247,-0.00042876223963268144,0.00014102424365619996
0.1503052081500003,-0.0001872580640824869,-0.000421047115941131,0.00014018309953221737
0.15034151375583366,-0.00018455174470002037,-0.00041352497756938516,0.0001393533160202087
0.15037781936166697,-0.00018184171934011763,-0.00040619461338166715,0.00013853611359019682
0.1504141249675003,-0.00017913019077010696,-0.0003990546470019421,0.00013773269180904286
0.15045043057333365,-0.00017641942364233547,-0.00039210354157043404,0.00013694422643683652
0.15048673617916697,-0.00017371173780524195,-0.0003853396051159745,0.000136171866587243
0.1505230417850003,-0.0001710095010139543,-0.00037876099656834105,0.00013541673200486435
0.15055934739083365,-0.00016831512114278769,-0.00037236573237791525,0.00013467991051876167
0.150595652996667,-0.00016563103801166013,-0.0003661516936556329,0.0001339624557324553
0.1506319586025003,-0.0001629597149384002,-0.0003601166336999726,0.00013326538500666016
0.15066826420833365,-0.00016030363011940353,-0.0003542581857444304,0.0001325896777819559
0.150704569814167,-0.00015766526792326601,-0.0003485738707420102,0.00013193627427530527
0.1507408754200003,-0.00015504711015790353,-0.0003430611050044635,0.00013130607456804535
0.15077718102583365,-0.0001524516273439284,-0.0003377172075331808,0.00013069993808524866
0.150813486631667,-0.00014988126999874164,-0.00033253940691375564,0.00013011868344892026
0.1508497922375003,-0.00014733845991003432,-0.0003275248476936234,0.00012956308867208982
0.15088609784333365,-0.00014482558135703885,-0.00032267059621687714,0.0001290338916490049
0.150922403449167,-0.00014234497222525582,-0.00031797364594666626,0.00012853179088950087
0.1509587090550003,-0.00013989891495703655,-0.00031343092235763543,0.00012805744644388755
0.15099501466083365,-0.00013748962728690986,-0.0003090392875232452,0.0001276114809684538
0.151031320266667,-0.00013511925272646666,-0.0003047955445511422,0.00012719448089045762
0.1510676258725003,-0.00013278985078754048,-0.00030069644203109444,0.00012680699764420087
0.15110393147833365,-0.0001305033869620818,-0.0002967386786532357,0.00012644954896500637
0.151140237084167,-0.00012826172250963191,-0.0002929189081302195,0.00012612262024385077
0.1511765426900003,-0.00012606660413544115,-0.0002892337445179309,0.00012582666596019297
0.15121284829583365,-0.00012391965367082047,-0.00028567976797974935,0.00012556211122241145
0.151249153901667,-0.00012182235788935735,-0.000282253530984211,0.00012532935345275348
0.15128545950750033,-0.00011977605860588043,-0.0002789515648710709,0.00012512876425580015
0.15132176511333364,-0.0001177819432080873,-0.00027577038667195996,0.0001249606915057325
0.151358070719167,-0.00011584103576312782,-0.0002727065060341779,0.00012482546167835005
0.15139437632500033,-0.0001139541888237876,-0.0002697564320736035,0.00012472338243967246
0.15143068193083364,-0.00011212207603286659,-0.00026691667997760294,0.00012465474548541564
0.15146698753666699,-0.00011034518559235538,-0.0002641837771917148,0.00012461982960644815
0.15150329314250033,-0.00010862381462913327,-0.0002615542690534569,0.0001246189039364925
0.15153959874833364,-0.000106958064454481,-0.000259024723779759,0.00012465223132183115
0.15157590435416698,-0.00010534783668400572,-0.00025659173676680297,0.00012472007174039237
0.15161220996000033,-0.0001037928301605084,-0.0002542519342170178,0.00012482268569070218
0.15164851556583364,-0.00010229253860709912,-0.00025200197616183053,0.00012496033747060796
0.15168482117166698,-0.00010084624893277862,-0.0002498385589949447,0.00012513329827156078
0.15172112677750033,-9.945304011800387e-05,-0.00024775841766464006,0.00012534184902605923
0.15175743238333364,-9.811178262261035e-05,-0.00024575832769140315,0.00012558628296243946
0.15179373798916698,-9.682113828103957e-05,-0.00024383510717731192,0.00012586690784086051
0.15183004359500032,-9.55795606774716e-05,-0.00024198561895606588,0.00012618404786505317
0.15186634920083364,-9.438529602298848e-05,-0.0002402067729992638,0.00012653804528402028
0.15190265480666698,-9.32363845848749e-05,-0.00023849552914902353,0.00012692926171434574
0.15193896041250032,-9.213066274130017e-05,-0.00023684890019411218,0.00012735807922536937
0.15197526601833367,-9.10657657500909e-05,-0.00023526395525198167,0.0001278249012350129
0.15201157162416698,-9.003913132602602e-05,-0.00023373782336823864,0.0001283301532629552
0.15204787723000032,-8.904800411597158e-05,-0.0002322676972034582,0.0001288742835803322
0.15208418283583366,-8.808944114522989e-05,-0.00023085083664924609,0.00012945776378207085
0.15212048844166698,-8.716031828281681e-05,-0.00022948457220400517,0.0001300810892908755
0.15215679404750032,-8.625733774011896e-05,-0.0002281663079451805,0.000130744779782747
0.15219309965333366,-8.537703657943003e-05,-0.00022689352395819908,0.00013144937950497284
0.15222940525916698,-8.451579616963987e-05,-0.00022566377812045644,0.0001321954574410233
0.15226571086500032,-8.366985248943236e-05,-0.00022447470718757391,0.0001329836072647447
0.15230201647083366,-8.283530714712123e-05,-0.0002233240271836832,0.00013381444702021138
0.15233832207666698,-8.200813896355982e-05,-0.00022220953315203154,0.00013468861846450736
0.15237462768250032,-8.11842159524101e-05,-0.0002211290983710875,0.0001356067860187344
0.15241093328833366,-8.035930753142296e-05,-0.00022008067317950863,0.0001365696352870884
0.15244723889416698,-7.952909680909524e-05,-0.00021906228357687112,0.00013757787112359405
0.15248354450000032,-7.868919281183566e-05,-0.00021807202977355505,0.00013863221524913224
0.15251985010583366,-7.783514254529606e-05,-0.00021710808485199862,0.00013973340344544484
0.15255615571166697,-7.696244281674451e-05,-0.00021616869367389917,0.00014088218237541856
0.15259246131750032,-7.606655177975234e-05,-0.00021525217212677508,0.00014207930609781952
0.15262876692333366,-7.514290019441713e-05,-0.00021435690675294404,0.0001433255323578275
0.152665072529167,-7.418690242250053e-05,-0.00021348135474970553,0.00014462161874084735
0.15270137813500032,-7.319396719448829e-05,-0.00021262404427702035,0.00014596831877554278
0.15273768374083366,-7.215950819284517e-05,-0.00021178357496374892,0.00014736637806304816
0.152773989346667,-7.107895449189535e-05,-0.00021095861847026393,0.00014881653049387354
0.15281029495250031,-6.994776088023811e-05,-0.00021014791894745813,0.00015031949459383705
0.15284660055833366,-6.876141806797442e-05,-0.00020935029323167252,0.00015187597001766872
0.152882906164167,-6.751546275081917e-05,-0.00020856463063191315,0.00015348663418624588
0.1529192117700003,-6.620548746967947e-05,-0.00020778989219813788,0.0001551521390432699
0.15295551737583366,-6.482715017116005e-05,-0.0002070251094039847,0.0001568731078918404
0.152991822981667,-6.337618334540346e-05,-0.00020626938222942219,0.00015865013226257102
0.1530281285875003,-6.184840259601888e-05,-0.00020552187668299108,0.0001604837687636566
0.15306443419333365,-6.023971448523274e-05,-0.00020478182185392597,0.00016237453586984377
0.153100739799167,-5.854612349746589e-05,-0.00020404850662622255,0.00016432291062091285
0.1531370454050003,-5.6763737976812545e-05,-0.00020332127621530845,0.00016632932521958287
0.15317335101083365,-5.4888774917660056e-05,-0.00020259952870041442,0.0001683941635415891
0.153209656616667,-5.29175635210911e-05,-0.00020188271172075112,0.00017051775759451652
0.1532459622225003,-5.0846547469927595e-05,-0.0002011703194817115,0.0001727003839841122
0.15328226782833365,-4.8672285918794626e-05,-0.00020046189018083692,0.00017494226046470233
0.153318573434167,-4.6391453238552616e-05,-0.0001997570039160213,0.0001772435426618819
0.15335487904000034,-4.400083759306574e-05,-0.00019905528108531392,0.00017960432105936923
0.15339118464583365,-4.149733845717754e-05,-0.0001983563812342509,0.00018202461833719382
0.153427490251667,-3.8877963205360375e-05,-0.0001976600022584572,0.0001845043871354925
0.15346379585750033,-3.61398229092442e-05,-0.0001969658798313177,0.0001870435082982945
0.15350010146333365,-3.328012747876159e-05,-0.0001962737869027458,0.00018964178962671592
0.153536407069167,-3.0296180266857457e-05,-0.00019558353310792278,0.00019229896514346627
0.15357271267500033,-2.7185372233639252e-05,-0.0001948949639350498,0.0001950146948432973
0.15360901828083365,-2.394517573546465e-05,-0.00019420795952754423,0.00019778856487980015
0.153645323886667,-2.057313797139585e-05,-0.00019352243303593318,0.00020062008812027362
0.15368162949250033,-1.7066874087577772e-05,-0.00019283832848375842,0.00020350870498915319
0.15371793509833365,-1.3424059913176436e-05,-0.00019215561816496435,0.00020645378451781833
0.153754240704167,-9.64242428277898e-06,-0.00019147429964192232,0.0002094546255246707
0.15379054631000033,-5.7197408919893225e-06,-0.00019079439245804625,0.00021251045786342774
0.15382685191583365,-1.6538196366275123e-06,-0.0001901159347121898,0.0002156204436979608
0.153863157521667,2.5575025985130864e-06,-0.000189438979660215,0.0002187836787863725
0.15389946312750033,6.916371709204798e-06,-0.00018876359251038388,0.000221999193782553
0.15393576873333364,1.1424926673003317e-05,-0.00018808984756341662,0.00022526595558722983
0.153972074339167,1.6085310316046946e-05,-0.00018741782581683202,0.00022858286879975608
0.15400837994500033,2.0899680438702078e-05,-0.00018674761310978697,0.00023194877733427832
0.15404468555083364,2.5870221155560903e-05,-0.00018607929883358314,0.0002353624662679344
0.15408099115666699,3.099915427423456e-05,-0.00018541297517961702,0.00023882266398372098
0.15411729676250033,3.628875051622234e-05,-0.0001847487368463621,0.00024232804465700234
0.15415360236833367,4.174134037413752e-05,-0.0001840866810851933,0.00024587723111363407
0.15418990797416698,4.735932440381789e-05,-0.00018342690793581693,0.00024946879806150667
0.15422621358000033,5.3145182767133994e-05,-0.000182769520488743,0.0002531012756687312
0.15426251918583367,5.910148387014127e-05,-0.0001821146250159774,0.0002567731534337556
0.15429882479166698,6.523089197897878e-05,-0.00018146233083148722,0.00026048288426844507
0.15433513039750033,7.153617373909875e-05,-0.0001808127497778337,0.00026422888869725324
0.15437143600333367,7.802020356799712e-05,-0.00018016599528100524,0.0002680095590660595
0.15440774160916698,8.468596793346872e-05,-0.00017952218096712404,0.0002718232636541738
0.15444404721500032,9.1536568564698e-05,-0.00017888141888693467,0.00027566835059252497
0.15448035282083367,9.857522466907765e-05,-0.00017824381744134608,0.0002795431515092094
0.15451665842666698,0.00010580527424139697,-0.00017760947913884135,0.00028344598484852045
0.15455296403250032,0.0001132301745530656,-0.00017697849833937462,0.0002873751588386695
0.15458926963833367,0.00012085350189777058,-0.00017635095914696086,0.00029132897411357034
0.15462557524416698,0.000128678950648119,-0.00017572693360374826,0.00029530572602206055
0.15466188085000032,0.00013671033164822194,-0.00017510648031293267,0.0002993037066807894
0.15469818645583366,0.0001449515699334737,-0.0001744896435790885,0.00030332120684225535
0.15473449206166698,0.00015340670173506828,-0.0001738764531063973,0.0003073565176555179
0.15477079766750032,0.00016207987069719222,-0.00017326692424286973,0.00031140793239331667
0.15480710327333366,0.00017097532321306083,-0.00017266105870743164,0.0003154737482061783
0.154843408879167,0.000180097402774958,-0.00017205884569201186,0.0003195522679430878
0.15487971448500032,0.0001894505432350363,-0.00017146026319717165,0.0003236418020518328
0.15491602009083366,0.00019903926088838067,-0.00017086527944083307,0.00032774067054320693
0.154952325696667,0.0002088681453169237,-0.00017027385417724977,0.0003318472049751881
0.15498863130250032,0.00021894184897012313,-0.0001696859397777391,0.0003359597503892327
0.15502493690833366,0.00022926507550269232,-0.0001691014819543362,0.0003400766671137546
0.155061242514167,0.00023984256693716387,-0.00016852042004932038,0.0003441963323417726
0.15509754812000032,0.0002506790897653513,-0.00016794268686312738,0.00034831714139170743
0.15513385372583366,0.0002617794201436022,-0.00016736820804531686,0.00035243750857239187
0.155170159331667,0.0002731483283683577,-0.00016679690112256937,0.0003565558675944094
0.15520646493750032,0.0002847905628380788,-0.00016622867427900376,0.0003606706714977876
0.15524277054333366,0.00029671083371337367,-0.00016566342503313578,0.0003647803920979547
0.155279076149167,0.00030891379647881873,-0.00016510103896953213,0.00036888351898436733
0.15531538175500031,0.0003214040355885597,-0.0001645413886802387,0.0003729785581358934
0.15535168736083366,0.00033418604834563955,-0.0001639843330517113,0.0003770640302407066
0.155387992966667,0.0003472642291255195,-0.0001634297169992913,0.00038113846882358764
0.1554242985725003,0.0003606428540115324,-0.00016287737170677955,0.00038520041828849866
0.15546060417833366,0.00037432606586843047,-0.0001623271153780264,0.000389248431978578
0.155496909784167,0.0003883178598439955,-0.00016177875445595974,0.0003932810703399239
0.15553321539000034,0.0004026220692615171,-0.00016123208521749444,0.0003972968992514397
0.15556952099583365,0.00041724235185050166,-0.0001606868956151972,0.00040129448855324713
0.155605826601667,0.00043218217626068923,-0.0001601429672123324,0.000405272410774033
0.15564213220750034,0.0004474448088153811,-0.0001596000770495009,0.0004092292400267269
0.15567843781333365,0.00046303330048286386,-0.00015905799928936856,0.00041316355101556627
0.155714743419167,0.00047895047407673844,-0.0001585165065100827,0.00041707391807882684
0.15575104902500034,0.000495198911733603,-0.00015797537055536922,0.0004209589141824121
0.15578735463083365,0.0005117809427555431,-0.0001574343628960786,0.00042481710978115684
0.155823660236667,0.0005286986319408062,-0.00015689325450922564,0.00042864707147698437
0.15585996584250034,0.0005459537685546815,-0.00015635181533100084,0.00043244736042465564
0.15589627144833365,0.0005635478561104947,-0.00015580981338457183,0.0004362165304644134
0.155932577054167,0.0005814821031353102,-0.00015526701371713306,0.00043995312599321476
0.15596888266000034,0.0005997574150853117,-0.00015472317730011714,0.00044365567961887533
0.15600518826583365,0.0006183743875522188,-0.00015417806004974758,0.0004473227096706723
0.156041493871667,0.0006373333008662472,-0.00015363141211187977,0.00045095271766247796
0.15607779947750033,0.0006566341161560282,-0.0001530829775267515,0.00045454418581773276
0.15611410508333365,0.000676276472875508,-0.0001525324943488271,0.0004580955747679403
0.156150410689167,0.0006962596877566682,-0.00015197969524860833,0.0004616053215274715
0.15618671629500033,0.0007165827550995433,-0.0001514243085721528,0.0004650718378281446
0.15622302190083368,0.0007372443482717103,-0.00015086605978543034,0.00046849350886928645
0.156259327506667,0.0007582428222616317,-0.00015030467318962845,0.0004718686925057019
0.15629563311250033,0.0007795762171162513,-0.00014973987376436265,0.00047519571886074
0.15633193871833367,0.0008012422620939787,-0.00014917138898148938,0.0004784728903182249
0.156368244324167,0.0008232383803791003,-0.0001485989504343281,0.0004816984818190245
0.15640454993000033,0.0008455616942307189,-0.0001480222951453438,0.00048487074136848953
0.15644085553583367,0.0008682090304753459,-0.00014744116644780316,0.0004879878906520184
0.156477161141667,0.000891176926293142,-0.0001468553143802017,0.0004910481256585546
0.15651346674750033,0.0009144616352889357,-0.00014626449558184407,0.000494049617225599
0.15654977235333367,0.0009380591338759557,-0.00014566847272867514,0.000496990511442775
0.15658607795916699,0.0009619651280285811,-0.00014506701359502262,0.0004998689298815182
0.15662238356500033,0.0009861750604770938,-0.00014445988986447819,0.0005026829696526557
0.15665868917083367,0.0010106841184204358,-0.00014384687583781535,0.0005054307033276826
0.15669499477666698,0.0010354872418217506,-0.00014322774719506743,0.0005081101787896133
0.15673130038250033,0.0010605791323269802,-0.00014260227996173067,0.000510719419101969
0.15676760598833367,0.0010859542628113479,-0.00014197024980628674,0.0005132564224971886
0.15680391159416698,0.0011116068875157254,-0.000141331431760254,0.000515719162586984
0.15684021720000033,0.0011375310526890042,-0.00014068560040654857,0.0005181055888866814
0.15687652280583367,0.0011637206076084078,-0.00014003253053181613,0.000520413627724438
0.15691282841166698,0.0011901692158118099,-0.0001393719981888163,0.000522641183576644
0.15694913401750032,0.0012168703663485957,-0.00013870378207107403,0.0005247861408360048
0.15698543962333367,0.0012438173848414629,-0.00013802766506842417,0.0005268463659825251
0.157021745229167,0.0012710034441525111,-0.0001373434358522569,0.0005288197100938583
0.15705805083500032,0.0012984215744632375,-0.00013665089033527186,0.0005307040116039646
0.15709435644083367,0.0013260646726083087,-0.00013594983286276783,0.0005324970992007746
0.157130662046667,0.0013539255105445046,-0.0001352400770196377,0.0005341967947466418
0.15716696765250032,0.001381996742885152,-0.00013452144597645894,0.0005358009161105897
0.15720327325833366,0.0014102709134820918,-0.000133793772345265,0.0005373072798181916
0.157239578864167,0.0014387404610868646,-0.0001330568975658234,0.0005387137034515668
0.15727588447000032,0.0014673977241656728,-0.0001323106708912923,0.0005400180077655423
0.15731219007583366,0.001496234944974829,-0.00013155494808297333,0.0005412180185228447
0.157348495681667,0.0015252442730219406,-0.0001307895899532766,0.0005423115680872245
0.15738480128750032,0.0015544177680415262,-0.00013001446091091446,0.0005432964968447037
0.15742110689333366,0.0015837474026021928,-0.00012922942766120887,0.0005441706545462195
0.157457412499167,0.0016132250644375298,-0.0001284343581973717,0.0005449319016772515
0.15749371810500032,0.0016428425585574915,-0.00012762912118749245,0.000545578110960186
0.15753002371083366,0.0016725916091553223,-0.00012681358582000628,0.0005461071690831334
0.157566329316667,0.0017024638612817464,-0.00012598762212200263,0.0005465169787259898
0.15760263492250032,0.0017324508822181206,-0.00012515110171492776,0.0005468054609232197
0.15763894052833366,0.0017625441624480763,-0.0001243038989262226,0.0005469705577665916
0.157675246134167,0.0017927351161066503,-0.00012344589213801352,0.0005470102354139296
0.15771155174000034,0.0018230150807795624,-0.0001225769652290253,0.0005469224873359725
0.15774785734583366,0.0018533753165342608,-0.00012169700895599682,0.0005467053377064608
0.157784162951667,0.00188380700408812,-0.00012080592212706105,0.0005463568448236135
0.15782046855750034,0.001914301242055705,-0.00011990361244113498,0.0005458751044461711
0.15785677416333366,0.0019448490432629401,-0.00011898999690208308,0.0005452582529347655
0.157893079769167,0.0019754413301669295,-0.00011806500176063057,0.0005445044701087831
0.15792938537500034,0.0020060689294711617,-0.00011712856198608978,0.0005436119817580238
0.15796569098083366,0.0020367225660718473,-0.00011618062031879938,0.000542579061784171
0.158001996586667,0.0020673928565076976,-0.00011522112599767071,0.0005414040339854669
0.15803830219250034,0.0020980703021088805,-0.00011425003329085972,0.0005400852735348248
0.15807460779833366,0.0021287452820489324,-0.00011326729997784372,0.000538621208232847
0.158110913404167,0.002159408046495225,-0.00011227288593598312,0.0005370103196393796
0.15814721901000034,0.0021900487100300994,-0.000111266751973507,0.0005352511441978833
0.15818352461583365,0.0022206572454783326,-0.0001102488590249598,0.0005333422744647912
0.158219830221667,0.0022512234782309337,-0.00010921916778719954,0.0005312823605413916
0.15825613582750034,0.002281737081105008,-0.00010817763882801809,0.0005290701117801682
0.15829244143333365,0.002312187569729659,-0.00010712423315016499,0.0005267042988037738
0.158328747039167,0.0023425642984036842,-0.0001060589131461397,0.0005241837558365956
0.15836505264500034,0.0023728564563365753,-0.00010498164383851191,0.0005215073833104195
0.15840135825083368,0.0024030530641635356,-0.00010389239427095776,0.0005186741506712562
0.158437663856667,0.0024331429706198463,-0.00010279113889972894,0.0005156830992877767
0.15847396946250034,0.002463114849270431,-0.00010167785883549574,0.0005125333453459944
0.15851027506833368,0.002492957195215641,-0.00010055254280137826,0.0005092240826115882
0.158546580674167,0.002522658321731366,-9.94151877028286e-05,0.0005057545849509969
0.15858288628000033,0.00255220635684659,-9.826579874571918e-05,0.0005021242085240773
0.15861919188583368,0.002581589239909592,-9.710438908627302e-05,0.0004983323935923459
0.158655497491667,0.002610794718239991,-9.59309790454034e-05,0.0004943786659241837
0.15869180309750033,0.002639810344002735,-9.47455949655086e-05,0.0004902626378177604
0.15872810870333368,0.002668623471467666,-9.354826782505705e-05,0.0004859840087994613
0.158764414309167,0.0026972212548313,-9.233903175152059e-05,0.00048154256608617534
0.15880071991500033,0.0027255906467743007,-9.111792258375564e-05,0.00047693818492051113
0.15883702552083367,0.0027537183979087936,-8.988497662971184e-05,0.00047217082889652667
0.158873331126667,0.0027815910572358015,-8.864022974492986e-05,0.0004672405503888986
0.15890963673250033,0.0028091949736878787,-8.73837168238204e-05,0.000462147491181092
0.15894594233833367,0.0028365162987797916,-8.611547175270085e-05,0.0004568918833599005
0.158982247944167,0.0028635409903359473,-8.483552782549822e-05,0.0004514740505077905
0.15901855355000033,0.0028902548172124983,-8.35439185749242e-05,0.00044589440918475716
0.15905485915583367,0.002916643364889655,-8.224067892880369e-05,0.0004401534706522589
0.15909116476166701,0.0029426920417798597,-8.092584656757871e-05,0.000434251842757576
0.15912747036750033,0.002968386086083015,-7.959946333831267e-05,0.00042819023187143265
0.15916377597333367,0.0029937105730222335,-7.826157657492462e-05,0.0004219694447577737
0.159200081579167,0.0030186504223122307,-7.691224018445293e-05,0.00041559039025377084
0.15923638718500033,0.003043190405745425,-7.555151538381308e-05,0.00040905408065057113
0.15927269279083367,0.003067315154824598,-7.417947100818425e-05,0.0004023616326896478
0.159308998396667,0.003091009168420895,-7.279618335699659e-05,0.0003955142681232081
0.15934530400250033,0.0031142568204868236,-7.140173559181072e-05,0.0003885133138262574
0.15938160960833367,0.0031370423679003543,-6.999621674714138e-05,0.0003813602014882966
0.159417915214167,0.003159349958553308,-6.85797204556067e-05,0.0003740564669497771
0.15945422082000033,0.0031811636398210528,-6.715234351848545e-05,0.0003666037492782367
0.15949052642583367,0.003202467367558483,-6.571418446875601e-05,0.00035900378969818135
0.159526832031667,0.0032232450157584076,-6.426534227432067e-05,0.0003512584304951232
0.15956313763750032,0.003243480386983646,-6.280591531434189e-05,0.00034336961400701315
0.15959944324333367,0.0032631572236457265,-6.133600073299156e-05,0.0003353393817963882
0.159635748849167,0.00328225922015504,-5.985569423544072e-05,0.00032716987406608046
0.15967205445500032,0.003300770035914459,-5.836509034472351e-05,0.0003188633293436707
0.15970836006083367,0.0033186733090762336,-5.686428309001697e-05,0.0003104220844191843
0.159744665666667,0.003335952670935777,-5.535336705190309e-05,0.0003018485744813383
0.15978097127250032,0.003352591760800534,-5.383243865300318e-05,0.0002931453333643123
0.15981727687833366,0.0033685742411511824,-5.230159755686194e-05,0.0002843149937932605
0.159853582484167,0.0033838838129081764,-5.076094802675329e-05,0.00027536028750526823
0.15988988809000035,0.0033985042306295954,-4.92106001003301e-05,0.0002662840451245106
0.15992619369583366,0.0034124193174952092,-4.765067045528333e-05,0.00025708919568580177
0.159962499301667,0.003425612979973647,-4.60812828733856e-05,0.00024777876572787134
0.15999880490750035,0.003438069222120392,-4.4502568252097106e-05,0.0002383558779135977
0.16003511051333366,0.0034497721595088005,-4.2914664159936415e-05,0.0002288237491751234
0.160071416119167,0.003460706032848936,-4.131771397915738e-05,0.00021918568842279297
0.16010772172500035,0.0034708552213943205,-3.971186572199073e-05,0.00020944509389365872
0.16014402733083366,0.0034802042562701056,-3.809727064035719e-05,0.0001996054502438264
0.160180332936667,0.003488737833874211,-3.647408177004284e-05,0.0001896703255060015
0.16021663854250034,0.003496440829503819,-3.484245255666393e-05,0.00017964336803735008
0.16025294414833366,0.0035032983113431272,-3.320253570169578e-05,0.00016952830357278706
0.160289249754167,0.0035092955549161607,-3.155448234336143e-05,0.00015932893247615177
0.16032555536000034,0.0035144180580639955,-2.9898441651735312e-05,0.0001490491272489361
0.16036186096583366,0.0035186515564535497,-2.8234560873724656e-05,0.0001386928303169351
0.160398166571667,0.0035219820395705013,-2.6562985816210806e-05,0.00012826405207375818
0.16043447217750034,0.0035243957670975812,-2.4883861709507703e-05,0.00011776686912118546
0.16047077778333366,0.0035258792855367475,-2.319733435323129e-05,0.00010720542261422012
0.160507083389167,0.0035264194449040223,-2.150355141684035e-05,9.658391659697143e-05
0.16054338899500034,0.003526003415312223,-1.9802663750603323e-05,8.590661620664622e-05
0.16057969460083368,0.003524618703260834,-1.8094826561271254e-05,7.517784562795225e-05
0.160616000206667,0.003522253167473548,-1.6380200320429904e-05,6.440198569860458e-05
0.16065230581250034,0.0035188950341603895,-1.4658951300918958e-05,5.3583471096374027e-05
0.16068861141833368,0.0035145329116291007,-1.2931251674969971e-05,4.2726787075956416e-05
0.160724917024167,0.003509155804224779,-1.1197279152826827e-05,3.1836465765699885e-05
0.16076122263000034,0.003502753125631964,-9.457216187864554e-06,2.0917082075292116e-05
0.16079752823583368,0.0034953147116238087,-7.711248818688646e-06,9.973249301333349e-06
0.160833833841667,0.003486830832383434,-5.959565255749083e-06,-9.903854556653242e-07
0.16087013944750034,0.0034772922045487897,-4.202354345791194e-06,-1.1969145934871123e-05
0.16090644505333368,0.0034666900031416286,-2.43980405931885e-06,-2.295833129064552e-05
0.160942750659167,0.00345501587353248,-6.721001429496853e-07,-3.3953220484509724e-05
0.16097905626500034,0.0034422619435676193,1.100574939536653e-06,-4.4949076403666765e-05
0.16101536187083368,0.003428420835943607,2.878042684610872e-06,-5.5941149651337755e-05
0.161051667476667,0.0034134856808640695,4.6601287926045764e-06,-6.69246819949861e-05
0.16108797308250034,0.003397450128957261,6.446662971223071e-06,-7.78949095004506e-05
0.16112427868833368,0.003380308364377312,8.237478339211171e-06,-8.884706541842041e-05
0.161160584294167,0.003362055117962669,1.003241051269233e-05,-9.977638292028337e-05
0.16119688990000033,0.0033426856802871523,1.1831296490288429e-05,-0.00011067809779974795
0.16123319550583368,0.003322195914416268,1.3633973474536673e-05,-0.00012154745126260598
0.16126950111166702,0.0033005822681762553,1.544027777412959e-05,-0.00013237969291888464
0.16130580671750033,0.0032778417857564604,1.7250043923395434e-05,-0.00014317008407031074
0.16134211232333368,0.003253972118495631,1.906310413306768e-05,-0.00015391390135382905
0.16137841792916702,0.0032289715347466373,2.0879288152106357e-05,-0.0001646064407624391
0.16141472353500033,0.0032028389287674036,2.2698423577712986e-05,-0.00017524302202221804
0.16145102914083367,0.0031755738286430627,2.4520336604170707e-05,-0.00018581899326378684
0.16148733474666702,0.003147176403299581,2.634485315558729e-05,-0.00019632973589217098
0.16152364035250033,0.003117647468716728,2.8171800307761226e-05,-0.00020677066953482103
0.16155994595833367,0.003086988493483288,3.000100787436955e-05,-0.00021713725693619905
0.16159625156416701,0.0030552016038562593,3.183231001560051e-05,-0.00022742500867007755
0.16163255717000033,0.0030222895884864753,3.366554672498058e-05,-0.0002376294875572555
0.16166886277583367,0.0029882559029555046,3.550056506269592e-05,-0.0002477463127049458
0.161705168381667,0.002953104674234682,3.7337220029849455e-05,-0.0002577711631214745
0.16174147398750033,0.002916840705130145,3.917537501507759e-05,-0.00026769978090201047
0.16177777959333367,0.0028794694787226873,4.101490178890119e-05,-0.00027752797402314514
0.161814085199167,0.002840997162753803,4.285568006750759e-05,-0.0002872516188215941
0.16185039080500033,0.0028014306138554276,4.469759671151766e-05,-0.00029686666226092575
0.16188669641083367,0.002760777381476232,4.654054466211122e-05,-0.0003063691241068592
0.161923002016667,0.0027190457113265972,4.838442174283143e-05,-0.00031575509913445317
0.16195930762250035,0.0026762445481508207,5.022912946776934e-05,-0.0003250207594791208
0.16199561322833367,0.00263238353764025,5.2074571994367124e-05,-0.0003341623572191125
0.162031918834167,0.0025874730273244533,5.392065534204364e-05,-0.00034317622724261193
0.16206822444000035,0.002541524066316937,5.576728696803171e-05,-0.00035205879041172667
0.16210453004583367,0.002494548403843374,5.76143757523438e-05,-0.00036080655699298047
0.162140835651667,0.0024465584865385956,5.9461832398777326e-05,-0.0003694161302841834
0.16217714125750035,0.0023975674545578074,6.130957021303073e-05,-0.0003778842103352099
0.16221344686333367,0.002347589136601611,6.31575061771058e-05,-0.0003862075976388687
0.162249752469167,0.0022966380439978997,6.500556220558516e-05,-0.00039438319666010736
0.16228605807500035,0.0022447293640121633,6.685366644758864e-05,-0.00040240801907816194
0.16232236368083366,0.002191878952568249,6.870175449048882e-05,-0.0004102791866362629
0.162358669286667,0.002138103326553198,7.05497703285978e-05,-0.0004179939335249414
0.16239497489250035,0.002083419655853276,7.239766698126674e-05,-0.0004255496082643707
0.16243128049833366,0.002027845755226581,7.424540667794741e-05,-0.0004329436750941672
0.162467586104167,0.0019714000760649468,7.609296056929163e-05,-0.0004401737149208952
0.16250389171000035,0.0019141016980398808,7.794030796898404e-05,-0.00044723742590953216
0.16254019731583366,0.0018559703205699167,7.978743517596678e-05,-0.0004541326238313589
0.162576502921667,0.0017970262539962038,8.163433396634981e-05,-0.0004608572422942345
0.16261280852750035,0.0017372904103146163,8.348099987449813e-05,-0.0004674093329805029
0.16264911413333366,0.0016767842932903338,8.53274304004271e-05,-0.00047378706600294864
0.162685419739167,0.0016155299877771364,8.717362328391447e-05,-0.0004799887304619262
0.16272172534500035,0.0015535501480791166,8.901957497434755e-05,-0.0004860127352500878
0.1627580309508337,0.0014908679852256765,9.086527940049144e-05,-0.0004918576101091255
0.162794336556667,0.0014275072530782835,9.27107271087164e-05,-0.0004975220069003189
0.16283064216250034,0.0013634922332446918,9.455590479550967e-05,-0.0005030047010122144
0.1628669477683337,0.0012988477188374341,9.640079521480412e-05,-0.0005083045927987607
0.162903253374167,0.001233598997172116,9.824537739753186e-05,-0.0005134207089230595
0.16293955898000034,0.0011677718315514238,0.00010008962708437162,-0.0005183522034776147
0.16297586458583369,0.0011013924423176696,0.00010193351724672187,-0.0005230983587620941
0.163012170191667,0.0010344874873763528,0.00010377701855821374,-0.0005276585856230393
0.16304847579750034,0.0009670840423936592,0.00010562009968091587,-0.0005320324232941207
0.16308478140333368,0.0008992095808520185,0.00010746272724659654,-0.0005362195387166373
0.163121087009167,0.0008308919541117883,0.00010930486544231778,-0.0005402197253634618
0.16315739261500034,0.0007621593715775908,0.00011114647514824194,-0.0005440329016307035
0.16319369822083368,0.0006930403810099593,0.00011298751261982726,-0.0005476591088954512
0.163230003826667,0.0006235638489628017,0.00011482792775198112,-0.0005510985093612745
0.16326630943250034,0.0005537589412710324,0.0001166676620045243,-0.0005543513838231329
0.16330261503833368,0.0004836551034664546,0.00011850664610217638,-0.0005574181294788528
0.163338920644167,0.0004132820409684612,0.00012034479764470925,-0.0005602992578959143
0.16337522625000034,0.00034266969888271714,0.00012218201877163852,-0.0005629953932119892
0.16341153185583368,0.0002718482412471812,0.00012401819401996333,-0.0005655072706088984
0.16344783746166702,0.00020084802959007453,0.00012585318849368107,-0.000567835735056733
0.16348414306750034,0.00012969960070619263,0.00012768684643219545,-0.0005699817402826319
0.16352044867333368,5.84336436120483e-05,0.00012951899022463866,-0.0005719463478818505
0.16355675427916702,-1.2919024298798653e-05,0.00013134941987274912,-0.0005737307264614319
0.16359305988500034,-8.432748181746878e-05,0.0001331779128609362,-0.0005753361506920741
0.16362936549083368,-0.00015576072906017262,0.00013500422435312512,-0.0005767640001433577
0.16366567109666702,-0.00022718771300483107,0.00013682808760598475,-0.0005780157577914153
0.16370197670250033,-0.00029857735321342374,0.0001386492144703242,-0.0005790930081148884
0.16373828230833368,-0.00036989856752057016,0.00014046729584865153,-0.0005799974347316481
0.16377458791416702,-0.0004411202974797956,0.0001422820019875016,-0.0005807308175712133
0.16381089352000033,-0.0005122115333887404,0.0001440929825070392,-0.000581295029621346
0.16384719912583368,-0.0005831413387601889,0.00014589986610511857,-0.0005816920333271182
0.16388350473166702,-0.0006538788741625335,0.00014770225991479953,-0.0005819238767523804
0.16391981033750033,-0.0007243934204153089,0.00014949974853890768,-0.000581992689633504
0.16395611594333367,-0.0007946544011863198,0.00015129189282791895,-0.0005819006794612987
0.16399242154916702,-0.0008646314050903607,0.00015307822850378397,-0.0005816501277184455
0.16402872715500033,-0.0009342942074300432,0.00015485826475848628,-0.0005812433863775908
0.16406503276083367,-0.0010036127917425976,0.00015663148296940984,-0.0005806828747319014
0.16410133836666702,-0.0010725573713202753,0.000158397335672581,-0.0005799710765890881
0.16413764397250036,-0.001141098410855735,0.00016015524591963702,-0.0005791105378162418
0.16417394957833367,-0.0012092066483292152,0.00016190460711652574,-0.0005781038641811504
0.16421025518416701,-0.001276853117204959,0.00016364478340433596,-0.0005769537194007415
0.16424656079000036,-0.0013440091689453587,0.00016537511059918302,-0.0005756628232828387
0.16428286639583367,-0.001410646495788784,0.00016709489766321845,-0.0005742339498362732
0.164319172001667,-0.0014767371536775274,0.00016880342863722102,-0.0005726699252277954
0.16435547760750036,-0.001542253585171984,0.00017049996493113587,-0.0005709736254818304
0.16439178321333367,-0.001607168642151345,0.00017218374784584302,-0.0005691479738489396
0.164428088819167,-0.001671455608083539,0.00017385400118968483,-0.0005671959378075694
0.16446439442500035,-0.0017350882196497958,0.00017550993385779946,-0.0005651205257069582
0.16450070003083367,-0.0017980406875318924,0.00017715074226053501,-0.0005629247831020935
0.164537005636667,-0.0018602877162105832,0.00017877561251716998,-0.0005606117888695335
0.16457331124250035,-0.0019218045226778956,0.00018038372236962942,-0.0005581846512214929
0.16460961684833367,-0.0019825668540283023,0.00018197424281376966,-0.0005556465037515994
0.164645922454167,-0.002042551003957957,0.00018354633948855403,-0.0005530005016473534
0.16468222806000035,-0.0021017338282605887,0.00018509917390152655,-0.0005502498181913419
0.16471853366583367,-0.0021600927594572373,0.0001866319045983679,-0.000547397641647078
0.164754839271667,-0.0022176058207297603,0.0001881436884018578,-0.0005444471725888538
0.16479114487750035,-0.0022742516393416527,0.0001896336818493806,-0.0005414016216922305
0.1648274504833337,-0.002330009459722774,0.00019110104294773695,-0.0005382642079574943
0.164863756089167,-0.0023848591563678818,0.0001925449333404884,-0.0005350381572974882
0.16490006169500035,-0.002438781246655198,0.00019396452094875622,-0.0005317267013882287
0.1649363673008337,-0.0024917569036351666,0.0001953589831048407,-0.0005283330766592856
0.164972672906667,-0.0025437679687769893,0.00019672751015348922,-0.0005248605232934141
0.16500897851250035,-0.002594796964597981,0.00019806930945270336,-0.0005213122841121829
0.1650452841183337,-0.0026448271070448363,0.0001993836096690451,-0.0005176916032455083
0.165081589724167,-0.0026938423174524663,0.00020066966523526515,-0.0005140017245156802
0.16511789533000035,-0.0027418272338797255,0.00020192676082349367,-0.0005102458895069728
0.1651542009358337,-0.0027887672216150043,0.00020315421568666155,-0.0005064273353356954
0.165190506541667,-0.0028346483826590285,0.00020435138773425995,-0.0005025492921776384
0.16522681214750035,-0.002879457564026001,0.00020551767723454004,-0.0004986149806455376
0.1652631177533337,-0.0029231823647540003,0.00020665253007105214,-0.0004946276091343794
0.165299423359167,-0.0029658111415763163,0.0002077554405232558,-0.0004905903712642366
0.16533572896500034,-0.003007333013270939,0.00020882595358441883,-0.000486506443547449
0.1653720345708337,-0.0030477378637690446,0.00020986366687062127,-0.00048237898338962537
0.165408340176667,-0.0030870163441585018,0.00021086823220816265,-0.0004782111275040069
0.16544464578250034,-0.0031251598737595467,0.0002118393570095669,-0.00047400599077948054
0.16548095138833369,-0.0031621606404725645,0.00021277680555833127,-0.00046976666559831067
0.16551725699416703,-0.003198011600600137,0.0002136804003185804,-0.0004654962215553487
0.16555356260000034,-0.0032327064783269155,0.00021455002336832974,-0.00046119770549100345
0.16558986820583368,-0.0032662397650034605,0.00021538561802601555,-0.00045687414171998673
0.16562617381166703,-0.0032986067183278594,0.00021618719070240266,-0.0004525285323201475
0.16566247941750034,-0.003329803361457173,0.0002169548129679237,-0.0004481638573425352
0.16569878502333368,-0.0033598264820160306,0.00021768862378338986,-0.00044378307481552845
0.16573509062916703,-0.0033886736309087745,0.00021838883180431274,-0.00043938912044111297
0.16577139623500034,-0.0034163431207908314,0.00021905571763979628,-0.0004349849069173651
0.16580770184083368,-0.0034428340240198353,0.00021968963592923472,-0.0004305733228638639
0.16584400744666702,-0.0034681461698911568,0.0002202910170958173,-0.00042615723137133955
0.16588031305250034,-0.0034922801409676793,0.00022086036864562902,-0.00042173946823837767
0.16591661865833368,-0.00351523726833946,0.00022139827590402178,-0.00041732283999178335
0.16595292426416702,-0.0035370196256927456,0.00022190540211463556,-0.00041291012180947993
0.16598922987000034,-0.00355763002212523,0.00022238248786756896,-0.00040850405547307336
0.16602553547583368,-0.0035770719937095814,0.00022283034986757272,-0.00040410734747052047
0.16606184108166702,-0.0035953497938734213,0.00022324987909627173,-0.00039972266734844244
0.16609814668750034,-0.00361246838272433,0.0002236420384599557,-0.0003953526463808605
0.16613445229333368,-0.003628433415496848,0.00022400786004265078,-0.000390999876580171
0.16617075789916702,-0.0036432512303298426,0.00022434844210021267,-0.0003866669100316238
0.16620706350500034,-0.003656928835593796,0.00022466494593355196,-0.0003823562584894324
0.16624336911083368,-0.0036694738969773816,0.0002249585927677288,-0.0003780703931357953
0.16627967471666702,-0.003680894724512213,0.00022523066073987924,-0.0003738117443777252
0.16631598032250036,-0.003691200259667007,0.00022548248206539449,-0.0003695827015436814
0.16635228592833368,-0.003700400062582628,0.00022571544041210886,-0.00036538561234410367
0.16638859153416702,-0.0037085042994537067,0.0002259309684707406,-0.000361222781976907
0.16642489714000036,-0.0037155237299976987,0.0002261305456709248,-0.00035709647178900776
0.16646120274583368,-0.0037214696948950424,0.00022631569596005667,-0.00035300889744475103
0.16649750835166702,-0.003726354103040564,0.00022648798554027918,-0.00034896222659734367
0.16653381395750036,-0.0037301894184209685,0.0002266490204496792,-0.0003449585761050946
0.16657011956333367,-0.0037329886464288675,0.0002268004438781498,-0.0003410000088754074
0.16660642516916702,-0.0037347653194408407,0.00022694393312604988,-0.00033708853045153695
0.16664273077500036,-0.003735533481523822,0.0002270811961429683,-0.0003332260854766075
0.16667903638083367,-0.003735307672186844,0.0002272139676215902,-0.00032941455417419117
0.16671534198666701,-0.0037341029091584894,0.00022734400466399235,-0.00032565574897439574
0.16675164759250036,-0.003731934670237732,0.00022747308208028726,-0.0003219514113901448
0.16678795319833367,-0.0037288188743302333,0.00022760298741798845,-0.000318303209212937
0.166824258804167,-0.0037247718618369447,0.00022773551585080073,-0.000314712734054887
0.16686056441000036,-0.0037198103746013725,0.00022787246507460524,-0.00031118149921911077
0.16689687001583367,-0.0037139515356419423,0.00022801563036422903,-0.00030771093783862305
0.166933175621667,-0.0037072128288945135,0.0002281667999365556,-0.00030430240118964813
0.16696948122750035,-0.003699612079167308,0.00022832775074446297,-0.0003009571570625428
0.1670057868333337,-0.003691167432468721,0.00022850024479413548,-0.00029767638806504443
0.167042092439167,-0.003681897336811968,0.0002286860260387642,-0.00029446118973934336
0.16707839804500035,-0.0036718205235351502,0.00022888681785858042,-0.0002913125683958902
0.1671147036508337,-0.0036609559891078946,0.00022910432109496224,-0.0002882314386005921
0.167151009256667,-0.0036493229773332126,0.0002293402125693083,-0.0002852186202944463
0.16718731486250035,-0.0036369409618021604,0.00022959614398922548,-0.0002822748355710453
0.1672236204683337,-0.003623829628424582,0.00022987374112812132,-0.00027940070518264173
0.167259926074167,-0.003610008857845264,0.00023017460316108825,-0.0002765967448845676
0.16729623168000035,-0.0035954987075627115,0.0002305003020501836,-0.00027386336175642083
0.1673325372858337,-0.003580319393596696,0.00023085238189460145,-0.0002712008506533682
0.167368842891667,-0.0035644912715977104,0.0002312323581932845,-0.00026860939094049396
0.16740514849750035,-0.003548034817351693,0.00023164171700570322,-0.00026608904364737625
0.1674414541033337,-0.003530970606700562,0.00023208191403666626,-0.00026363974915072423
0.167477759709167,-0.0035133192949662875,0.00023255437370874285,-0.00026126132545320366
0.16751406531500035,-0.003495101596026415,0.00023306048831705307,-0.00025895346708091
0.1675503709208337,-0.003476338261235884,0.00023360161738237531,-0.00025671574457537523
0.167586676526667,-0.0034570500584187322,0.00023417908732733527,-0.0002545476045136719
0.16762298213250035,-0.0034372577511608254,0.00023479419159577397,-0.0002524483699567915
0.1676592877383337,-0.0034169820786202703,0.00023544819131754495,-0.0002504172412056983
0.16769559334416703,-0.0033962437360371056,0.00023614231659164293,-0.00024845329673856307
0.16773189895000035,-0.0033750633560718072,0.00023687776842259436,-0.00024655549421226066
0.1677682045558337,-0.003353461491038469,0.00023765572130222417,-0.0002447226714351252
0.16780451016166703,-0.0033314585960297813,0.00023847732638553664,-0.0002429535472534422
0.16784081576750035,-0.00330907501286426,0.00023934371516985675,-0.00024124672233714566
0.1678771213733337,-0.0032863309547284457,0.00024025600355452654,-0.0002396006798957615
0.16791342697916703,-0.0032632464913440215,0.00024121529613749156,-0.000238013786398555
0.16794973258500034,-0.003239841534466364,0.00024222269059707058,-0.0002364842924081487
0.1679860381908337,-0.0032161358235194355,0.00024327928201276587,-0.00023501033366044816
0.16802234379666703,-0.003192148911192245,0.00024438616699742574,-0.00023358993253271547
0.16805864940250034,-0.003167900148862281,0.0002455444475423704,-0.00023222100003484836
0.16809495500833369,-0.003143408671767116,0.0002467552345140813,-0.00023090133843689398
0.16813126061416703,-0.0031186933839110246,0.0002480196507817924,-0.00022962864461078712
0.16816756622000034,-0.0030937729427620328,0.0002493388339955064,-0.0002284005141199471
0.16820387182583368,-0.0030686657438592268,0.00025071393906935994,-0.00022721444604143236
0.16824017743166703,-0.0030433899055035568,0.00025214614045217807,-0.00022606784845709656
0.16827648303750034,-0.0030179632537422406,0.00025363663428268964,-0.0002249580445078106
0.16831278864333368,-0.002992403307873231,0.0002551866405296275,-0.00022388227887286014
0.16834909424916703,-0.0029667272666903106,0.0002567974052065695,-0.00022283772451850203
0.16838539985500037,-0.0029409519956617248,0.00025847020272904206,-0.00022182148955722817
0.16842170546083368,-0.0029150940151886602,0.0002602063384495227,-0.00022083062407267075
0.16845801106666702,-0.002889169490029056,0.0002620071513679612,-0.0002198621267926492
0.16849431667250037,-0.0028631942199034573,0.0002638740169753759,-0.00021891295153139383
0.16853062227833368,-0.0028371836312299516,0.000265808350150268,-0.00021798001336704477
0.16856692788416702,-0.002811152769871839,0.0002678116079961152,-0.0002170601945669495
0.16860323349000036,-0.002785116294731102,0.00026988529248648326,-0.00021615035031574893
0.16863953909583368,-0.0027590884719881823,0.00027203095277475605,-0.00021524731433486975
0.16867584470166702,-0.0027330831697773375,0.0002742501870292901,-0.00021434790450294174
0.16871215030750036,-0.0027071138530981053,0.00027654464367173265,-0.00021344892859236683
0.16874845591333368,-0.002681193578795881,0.00027891602192473084,-0.00021254719022702502
0.16878476151916702,-0.002655334990494929,0.0002813660716125309,-0.0002116394951409456
0.16882106712500036,-0.0026295503134299804,0.0002838965922003563,-0.00021072265778042176
0.16885737273083368,-0.0026038513491913238,0.00028650943110176063,-0.00020979350824661022
0.16889367833666702,-0.0025782494704657782,0.00028920648132310385,-0.00020884889952716977
0.16892998394250036,-0.002552755615914996,0.00029198967854697066,-0.00020788571491936692
0.16896628954833368,-0.0025273802853769886,0.00029486099777858727,-0.00020690087550848896
0.16900259515416702,-0.0025021335356018638,0.00029782244968903015,-0.00020589134753872868
0.16903890076000036,-0.0024770249767357743,0.00030087607678549777,-0.0002048541495020114
0.16907520636583367,-0.002452063769747613,0.00030402394952275144,-0.00020378635877495396
0.16911151197166702,-0.0024272586249529464,0.00030726816244295484,-0.00020268511765489852
0.16914781757750036,-0.002402617801733116,0.0003106108303965909,-0.00020154763868060208
0.1691841231833337,-0.0023781491094801393,0.00031405408485873313,-0.0002003712091680016
0.16922042878916702,-0.002353859909726925,0.0003176000703169081,-0.00019915319494170255
0.16925673439500036,-0.0023297571193546746,0.00032125094067326387,-0.00019789104329304518
0.1692930400008337,-0.0023058472147121385,0.00032500885557842213,-0.00019658228524038648
0.16932934560666701,-0.002282136236440539,0.00032887597660003523,-0.00019522453720179731
0.16936565121250036,-0.0022586297947776125,0.0003328544631273282,-0.00019381550221106057
0.1694019568183337,-0.002235333075116445,0.00033694646792407516,-0.000192352970812562
0.169438262424167,-0.0022122508436193183,0.0003411541322654765,-0.00019083482175907566
0.16947456803000036,-0.002189387452730993,0.0003454795806269525,-0.00018925902261007093
0.1695108736358337,-0.002166746846495131,0.00034992491493162086,-0.00018762363029018117
0.169547179241667,-0.0021443325656456576,0.00035449220840419406,-0.0001859267916223565
0.16958348484750035,-0.002122147752514634,0.00035918349911798106,-0.0001841667438032709
0.1696197904533337,-0.0021001951558623595,0.0003640007833545678,-0.0001823418147452855
0.169656096059167,-0.0020784771357871662,0.00036894600891915755,-0.00018045042317480718
0.16969240166500035,-0.0020569956689062865,0.00037402106856602394,-0.00017849107835538595
0.1697287072708337,-0.0020357523540116447,0.0003792277936868401,-0.0001764623792980817
0.169765012876667,-0.0020147484183940705,0.0003845679483999261,-0.00017436301333248548
0.16980131848250035,-0.0019939847249972635,0.0003900432241521666,-0.00017219175393841537
0.1698376240883337,-0.0019734617805121355,0.00039565523491014496,-0.00016994745777807423
0.16987392969416704,-0.001953179744458134,0.0004014055129764744,-0.0001676290609172282
0.16991023530000035,-0.001933138439227397,0.0004072955054254785,-0.00016523557427658265
0.1699465409058337,-0.0019133373609974606,0.00041332657111348424,-0.00016276607840538885
0.16998284651166704,-0.0018937756913559624,0.0004194999781869231,-0.00016021971771296216
0.17001915211750035,-0.0018744523094328537,0.00042581690198933146,-0.000157595694325561
0.1700554577233337,-0.0018553658043069978,0.0004322784232583006,-0.00015489326175258068
0.17009176332916703,-0.0018365144874476814,0.00043888552650626607,-0.00015211171854554855
0.17012806893500035,-0.0018178964049681693,0.0004456390984942155,-0.00014925040211612083
0.1701643745408337,-0.0017995093495062578,0.00045253992673311013,-0.00014630868284717986
0.17020068014666703,-0.0017813508716019051,0.0004595886979811272,-0.0001432859585878521
0.17023698575250035,-0.0017634182905087172,0.0004667859967420206,-0.00014018164957367696
0.1702732913583337,-0.0017457087044473983,0.0004741323038068428,-0.0001369951937628153
0.17030959696416703,-0.0017282190003778232,0.000481627994913877,-0.00013372604253372418
0.17034590257000035,-0.0017109458634250254,0.0004892733396262634,-0.00013037365665422238
0.1703822081758337,-0.0016938857861370047,0.0004970685005406639,-0.00012693750241028908
0.17041851378166703,-0.0016770350777744161,0.0005050135329417326,-0.00012341704777766931
0.17045481938750034,-0.001660389873831595,0.0005131083850057831,-0.0001198117585309677
0.1704911249933337,-0.0016439461459650641,0.0005213528986338335,-0.00011612109421205531
0.17052743059916703,-0.001627699712462098,0.0005297468109614099,-0.000112344503919194
0.17056373620500037,-0.0016116462493226205,0.0005382897565532946,-0.00010848142192578526
0.17060004181083369,-0.0015957813019588953,0.000546981270249743,-0.00010453126318764185
0.17063634741666703,-0.0015801002974463168,0.0005558207905907149,-0.00010049341884441446
0.17067265302250037,-0.0015645985571925668,0.0005648076637103712,-9.636725185885678e-05
0.17070895862833368,-0.0015492713098384009,0.0005739411475689024,-9.215209296248888e-05
0.17074526423416703,-0.0015341137041670488,0.000583220416375147,-8.784723708486025e-05
0.17078156984000037,-0.001519120821784483,0.0005926445650527262,-8.345194043473944e-05
0.17081787544583368,-0.0015042876893412499,0.0006022126136145179,-7.896541837581593e-05
0.17085418105166703,-0.0014896092900973524,0.0006119235113338641,-7.438684419940246e-05
0.17089048665750037,-0.0014750805746816956,0.0006217761406334228,-6.971534884627808e-05
0.17092679226333368,-0.0014606964709617187,0.0006317693206505842,-6.495002157445727e-05
0.17096309786916702,-0.001446451893010441,0.0006419018104778957,-6.0089911515121636e-05
0.17099940347500037,-0.0014323417492298515,0.0006521723121138344,-5.513403001093876e-05
0.17103570908083368,-0.001418360949753976,0.0006625794731897269,-5.0081353594539686e-05
0.17107201468666702,-0.0014045044133054148,0.0006731218895594855,-4.493082744378206e-05
0.17110832029250037,-0.0013907670737104555,0.0006837981078480129,-3.9681369146652944e-05
0.17114462589833368,-0.0013771438862868386,0.0006946066280507469,-3.433187262240627e-05
0.17118093150416702,-0.0013636298343039936,0.0007055459062613194,-2.8881212074989534e-05
0.17121723711000036,-0.0013502199356796177,0.0007166143575784309,-2.3328245896453682e-05
0.1712535427158337,-0.001336909250022646,0.0007278103592096186,-1.767182048697031e-05
0.17128984832166702,-0.0013236928860666183,0.0007391322537522397,-1.191077400859889e-05
0.17132615392750036,-0.0013105660094661332,0.0007505783525947574,-6.043940136176373e-06
0.1713624595333337,-0.0012975238508600064,0.0007621469393483292,-7.015190523917727e-08
0.17139876513916702,-0.0012845617140451666,0.0007738362731933744,6.0117542205895e-06
0.17143507074500036,-0.0012716749840615382,0.0007856445920110464,1.2202933934564707e-05
0.1714713763508337,-0.00125885913496482,0.000797570115167052,1.8504530207861578e-05
0.17150768195666702,-0.0012461097370636716,0.0008096110458254969,2.4917667858883304e-05
0.17154398756250036,-0.0012334224634205342,0.0008217655726924867,3.144344752508335e-05
0.1715802931683337,-0.0012207930954588138,0.0008340318711209778,3.80829390426959e-05
0.17161659877416702,-0.0012082175275790437,0.0008464081035467182,4.483717429444645e-05
0.17165290438000036,-0.0011956917707567195,0.0008588924192662448,5.170713963753402e-05
0.1716892099858337,-0.00118321195516756,0.0008714829536077266,5.869376806817637e-05
0.17172551559166702,-0.0011707743319544514,0.0008841778265799977,6.579793130989364e-05
0.17176182119750036,-0.001158375274307184,0.0008969751411110215,7.302043202699448e-05
0.1717981268033337,-0.0011460112780654415,0.0009098729810017596,8.036199636074224e-05
0.17183443240916701,-0.0011336789620732925,0.0009228694087236508,8.782326696373549e-05
0.17187073801500036,-0.0011213750685078643,0.0009359624631775897,9.540479667041902e-05
0.1719070436208337,-0.0011090964633765537,0.0009491501575106928,0.00010310704289235192
0.17194334922666704,-0.0010968401373290645,0.0009624304770566685,0.00011093036277118092
0.17197965483250036,-0.0010846032068677924,0.0009758013774296037,0.0001188750090661833
0.1720159604383337,-0.0010723829159691818,0.0009892607827633312,0.00012694112670277782
0.17205226604416704,-0.0010601766380571047,0.0010028065840533016,0.0001351287498689508
0.17208857165000035,-0.0010479818782045413,0.0010164366375288291,0.00014343779952227933
0.1721248772558337,-0.0010357962753886852,0.0010301487629638232,0.00015186808116363808
0.17216118286166704,-0.0010236176045924248,0.0010439407418257976,0.00016041928274526535
0.17219748846750035,-0.0010114437785353689,0.0010578103151669723,0.00016909097260912732
0.1722337940733337,-0.000999272848831247,0.0010717551811772902,0.0001778825973930794
0.17227009967916704,-0.000987103006404253,0.0010857729923454899,0.0001867934798923136
0.17230640528500035,-0.0009749325810510163,0.0010998613522083115,0.0001958228169161762
0.1723427108908337,-0.0009627600401017808,0.001114017811705892,0.00020496967722950674
0.17237901649666704,-0.0009505839862070949,0.0011282398651995043,0.0002142329997074239
0.17241532210250035,-0.0009384031543473134,0.001142524946241988,0.00022361159185821519
0.1724516277083337,-0.0009262164082240932,0.0011568704232179524,0.00023310412887746616
0.17248793331416704,-0.0009140227362393827,0.0011712735949872667,0.00024270915338649244
0.17252423892000035,-0.0009018212472933462,0.0011857316866697506,0.0002524250759802638
0.1725605445258337,-0.0008896111666354988,0.001200241845700826,0.00026225017666707496
0.17259685013166703,-0.000877391831982775,0.0012148011382679914,0.00027218260722864095
0.17263315573750035,-0.0008651626900764264,0.0012294065462083233,0.00028222039447070325
0.1726694613433337,-0.000852923293790902,0.0012440549644108401,0.0002923614442768346
0.17270576694916703,-0.0008406732998383128,0.0012587431987281432,0.00030260354632803736
0.17274207255500038,-0.0008284124670389627,0.0012734679643633283,0.0003129443793132803
0.1727783781608337,-0.0008161406550593482,0.001288225884664603,0.00032338151643528253
0.17281468376666703,-0.0008038578234611887,0.001303013490234748,0.0003339124310137981
0.17285098937250037,-0.0007915640308644575,0.001317827218248025,0.00034453450200548906
0.1728872949783337,-0.0007792594340082739,0.0013326634118647456,0.00035524501929325093
0.17292360058416703,-0.0007669442864978724,0.0013475183196435907,0.00036604118864475954
0.17295990619000037,-0.0007546189370532097,0.001362388094872739,0.00037692013629478827
0.1729962117958337,-0.0007422838271222581,0.0013772687947706107,0.000387878913162397
0.17303251740166703,-0.0007299394877846811,0.0013921563795423262,0.0003989144987661103
0.17306882300750037,-0.0007175865359428584,0.0014070467113150176,0.00041002380494189556
0.1731051286133337,-0.0007052256698696501,0.0014219355530099376,0.00042120367949548135
0.17314143421916703,-0.000692857664248304,0.0014368185672381515,0.0004324509099293431
0.17317773982500037,-0.0006804833648925851,0.0014516913153263685,0.00044376222737455706
0.17321404543083369,-0.0006681036833690188,0.0014665492565880181,0.0004551343108298144
0.17325035103666703,-0.0006557195917545329,0.001481387747951038,0.00046656379176732745
0.17328665664250037,-0.0006433321177505154,0.0014962020440383121,0.00047804725911292035
0.17332296224833368,-0.000630942340339627,0.0015109872977708404,0.0004895812645511838
0.17335926785416703,-0.000618551386118187,0.0015257385615301542,0.0005011623280525595
0.17339557346000037,-0.000606160426370135,0.0015404507888786782,0.0005127869434737507
0.1734318790658337,-0.0005937706748753836,0.0015551188367985346,0.0005244515840511665
0.17346818467166703,-0.0005813833863734224,0.0015697374683746523,0.0005361527075929353
0.17350449027750037,-0.0005689998555397772,0.0015843013558205113,0.0005478867611802023
0.1735407958833337,-0.0005566214162849418,0.0015988050837272723,0.000559650185212648
0.17357710148916702,-0.0005442494411576531,0.0016132431524111764,0.0005714394166740593
0.17361340709500037,-0.0005318853406297495,0.0016276099812405464,0.0005832508915471055
0.1736497127008337,-0.0005195305620587895,0.001641899911841759,0.0005950810463666217
0.17368601830666702,-0.0005071865881651104,0.0016561072111112962,0.0006069263189613028
0.17372232391250036,-0.0004948549349178375,0.0016702260739955026,0.00061878314848833
0.1737586295183337,-0.0004825371487934374,0.001684250626037389,0.0006306479749082934
0.17379493512416702,-0.0004702348034435322,0.0016981749257267869,0.0006425172380743307
0.17383124073000036,-0.0004579494958781786,0.001711992966722548,0.0006543873766169412
0.1738675463358337,-0.00044568284232941095,0.0017256986800399442,0.0006662548267938347
0.17390385194166702,-0.00043343647400138853,0.0017392859363104301,0.0006781160214439292
0.17394015754750036,-0.0004212120329336253,0.001752748548223079,0.0006899673891397691
0.1739764631533337,-0.0004090111682003756,0.001766080273247096,0.0007018053535783059
0.17401276875916702,-0.00039683553264263026,0.0017792748167139456,0.0007136263331923539
0.17404907436500036,-0.0003846867802820931,0.0017923258353080174,0.0007254267409106558
0.1740853799708337,-0.000372566564503841,0.0018052269409795255,0.0007372029839495477
0.17412168557666705,-0.00036047653702263706,0.0018179717052562252,0.0007489514634888653
0.17415799118250036,-0.0003484183475745276,0.0018305536638954206,0.0007606685740725185
0.1741942967883337,-0.00033639364420804204,0.0018429663217883424,0.000772350702581611
0.17423060239416704,-0.00032440407399503686,0.0018552031580083802,0.0007839942266544532
0.17426690800000036,-0.0003124512839456315,0.0018672576308850289,0.0007955955124705391
0.1743032136058337,-0.00030053692189847657,0.0018791231829877878,0.0008071509118699587
0.17433951921166704,-0.00028866263716814374,0.001890793245918389,0.0008186567588398911
0.17437582481750036,-0.0002768300807646201,0.0019022612448341856,0.0008301093654592028
0.1744121304233337,-0.00026504090505226395,0.0019135206026577557,0.0008415050174442654
0.17444843602916704,-0.0002532967627816547,0.0019245647439644345,0.0008528399694781331
0.17448474163500036,-0.00024159930550065052,0.0019353870985767796,0.000864110440526886
0.1745210472408337,-0.00022995018142304285,0.0019459811049290124,0.000875312609348777
0.17455735284666704,-0.00021835103289693462,0.0019563402132917623,0.0008864426103835465
0.17459365845250036,-0.00020680349366371543,0.001966457888965122,0.0008974965301728102
0.1746299640583337,-0.0001953091861271649,0.001976327615554293,0.0009084704044116871
0.17466626966416704,-0.00018386971885778775,0.001985942898436326,0.000919360215672301
0.17470257527000035,-0.0001724866845393836,0.001995297268509254,0.0009301618917779095
0.1747388808758337,-0.00016116165852496123,0.0020043842862880836,0.0009408713047489031
0.17477518648166704,-0.00014989619811157993,0.0020131975463784685,0.0009514842701950063
0.17481149208750038,-0.00013869184257453958,0.002021730682321925,0.0009619965469967826
0.1748477976933337,-0.0001275501139277577,0.002029977371770033,0.0009724038371073367
0.17488410329916704,-0.00011647251830684638,0.0020379313419129534,0.0009827017853131824
0.17492040890500038,-0.0001054605478116711,0.002045586375063138,0.0009928859788206203
0.1749567145108337,-9.451568260227226e-05,0.0020529363142808015,0.0010029519465775216
0.17499302011666704,-8.363939302043682e-05,0.0020599750689250652,0.001012895158295253
0.17502932572250038,-7.283314151117775e-05,0.002066696620023862,0.0010227110231954164
0.1750656313283337,-6.209838414370868e-05,0.0020730950253757627,0.001032394888564397
0.17510193693416704,-5.1436571577550325e-05,0.002079164424325685,0.0010419420382488107
0.17513824254000038,-4.0849149381367825e-05,0.0020848990421909524,0.0010513476912611573
0.1751745481458337,-3.03375576835507e-05,0.002090293194350756,0.0010606070006831173
0.17521085375166703,-1.990323020695635e-05,0.002095341290046882,0.001069715053051813
0.17524715935750038,-9.547592807982898e-06,0.0021000378359729683,0.0010786668683920172
0.1752834649633337,7.279383048523614e-07,0.002104377439750443,0.0010874574010170032
0.17531977056916703,1.092195846111862e-05,0.002108354813399506,0.0010960815411667558
0.17535607617500037,2.1033076301506854e-05,0.0021119647769119493,0.0011045341174903496
0.1753923817808337,3.1059915217273e-05,0.002115202262019431,0.0011128099003161627
0.17542868738666703,4.1001114271982504e-05,0.0021180623162274136,0.0011209036055960073
0.17546499299250037,5.085532847317433e-05,0.0021205401071537435,0.0011288098993634953
0.1755012985983337,6.062122832729852e-05,0.002122630927175064,0.0011365234025179575
0.17553760420416703,7.029749868416642e-05,0.002124330198347632,0.0011440386957361339
0.17557390981000037,7.988283694958022e-05,0.002125633477535444,0.0011513503243256154
0.17561021541583371,8.93759508092178e-05,0.0021265364616513864,0.001158452802865317
0.17564652102166703,9.877555565651784e-05,0.002127034992899196,0.001165340619525623
0.17568282662750037,0.00010808037194705475,0.0021271250638972374,0.0011720082400190584
0.1757191322333337,0.00011728912270860944,0.00212680282257013,0.0011784501111949536
0.17575543783916703,0.00012640053141913134,0.00212606457671057,0.0011846606643516897
0.17579174344500037,0.00013541332042582604,0.0021249067981395737,0.0011906343183910818
0.1758280490508337,0.00014432621002176158,0.002123326126426115,0.0011963654829756313
0.17586435465666703,0.0001531379182276004,0.002121319372163304,0.0012018485618667375
0.17590066026250037,0.0001618471612525155,0.0021188835198341412,0.001207077956618544
0.1759369658683337,0.00017045265453771827,0.0021160157303316764,0.0012120480707782325
0.17597327147416703,0.00017895311422568667,0.0021127133432228854,0.0012167533147018643
0.17600957708000037,0.00018734725885443418,0.0021089738788601575,0.0012211881110398368
0.1760458826858337,0.00019563381105357048,0.0021047950404475117,0.001225346900883738
0.17608218829166702,0.00020381149901982945,0.0021001747161602056,0.0012292241505036637
0.17611849389750037,0.00021187905757408224,0.002095110981397181,0.0012328143585488432
0.1761547995033337,0.00021983522864706752,0.002089602101217853,0.0012361120635409075
0.17619110510916702,0.0002276787611024344,0.0020836465329810297,0.0012391118514631678
0.17622741071500037,0.00023540840987679848,0.0020772429291677787,0.0012418083632437763
0.1762637163208337,0.00024302293448992833,0.0020703901403356416,0.0012441963019462906
0.17630002192666705,0.0002505210970462441,0.0020630872181223057,0.0012462704395163266
0.17633632753250036,0.00025790165990441187,0.002055333418195771,0.001248025622983872
0.1763726331383337,0.0002651633832291502,0.0020471282030374016,0.0012494567800819356
0.17640893874416705,0.0002723050226545307,0.002038471244445136,0.0012505589243068712
0.17644524435000036,0.00027932532727946766,0.0020293624256564687,0.0012513271595068914
0.1764815499558337,0.00028622303818464983,0.0020198018430133435,0.0012517566841362961
0.17651785556166705,0.00029299688760914917,0.002009789807121447,0.0012518427953481924
0.17655416116750036,0.0002996455988596763,0.0019993268434914347,0.0012515808931141295
0.1765904667733337,0.00030616788695274604,0.0019884136926857083,0.001250966484553383
0.17662677237916705,0.0003125624599174637,0.0019770513100277522,0.0012499951886282212
0.17666307798500036,0.0003188280206218031,0.0019652408649582704,0.0012486627413172535
0.1766993835908337,0.00032496326893489394,0.00195298374014063,0.0012469650013217548
0.17673568919666705,0.0003309669040072068,0.001940281530425536,0.0012448979562959485
0.17677199480250036,0.0003368376264428119,0.0019271360417806986,0.0012424577295286356
0.1768083004083337,0.0003425741401538834,0.0019135492902759561,0.001239640586947284
0.17684460601416704,0.00034817515372563774,0.0018995235011895334,0.001236442944272918
0.17688091162000036,0.00035363938117595136,0.0018850611082694261,0.001232861374129633
0.1769172172258337,0.00035896554206213085,0.0018701647531486586,0.001228892612909002
0.17695352283166704,0.00036415236096056755,0.0018548372848780428,0.0012245335672075037
0.17698982843750038,0.00036919856641563846,0.0018390817595087463,0.0012197813196924317
0.1770261340433337,0.0003741028895148262,0.0018229014396327306,0.0012146331343045299
0.17706243964916704,0.00037886406229128625,0.0018062997937744849,0.0012090864607680332
0.17709874525500038,0.000383480816178357,0.0017892804955239635,0.0012031389384440717
0.1771350508608337,0.0003879518807403516,0.0017718474223086338,0.001196788399624357
0.17717135646666704,0.00039227598288039993,0.0017540046537211776,0.0011900328724120165
0.17720766207250038,0.0003964518466815778,0.0017357564693467672,0.0011828705833698667
0.1772439676783337,0.0004004781939767151,0.0017171073460670633,0.0011752999601296436
0.17728027328416704,0.00040435374567145826,0.00169806195485373,0.0011673196341472087
0.17731657889000038,0.00040807722377176497,0.0016786251570986071,0.0011589284437594485
0.1773528844958337,0.00041164735399868373,0.0016588020005571706,0.0011501254376516262
0.17738919010166704,0.0004150628688171396,0.001638597715003488,0.0011409098787844363
0.17742549570750038,0.0004183225106673588,0.0016180177077063167,0.001131281248764459
0.1774618013133337,0.00042142503517148217,0.0015970675588361399,0.001121239252577257
0.17749810691916704,0.00042436921409549845,0.001575753016901789,0.0011107838235460776
0.17753441252500038,0.0004271538378770697,0.0015540799942940875,0.0010999151283371587
0.1775707181308337,0.000429777717579918,0.0015320545629848707,0.0010886335718096368
0.17760702373666704,0.0004322396861999545,0.0015096829503958964,0.001076939801506525
0.17764332934250038,0.0004345385993204983,0.0014869715354170784,0.0010648347116033903
0.17767963494833372,0.0004366733351862096,0.0014639268445208588,0.0010523194461710271
0.17771594055416703,0.00043864279433018533,0.0014405555478927883,0.0010393954016632765
0.17775224616000038,0.0004404458989392616,0.0014168644554803252,0.0010260642286052072
0.17778855176583372,0.0004420815921736476,0.0013928605128543782,0.0010123278325231484
0.17782485737166703,0.00044354883766532853,0.0013685507967820098,0.0009981883742193047
0.17786116297750038,0.00044484661940435646,0.00134394251042359,0.000983648269543191
0.17789746858333372,0.0004459739421847989,0.0013190429780920033,0.0009687101888444645
0.17793377418916703,0.0004469298327266371,0.0012938596395427571,0.0009533770563033607
0.17797007979500037,0.0004477133415220969,0.0012684000437987693,0.0009376520493245779
0.17800638540083372,0.0004483235453818385,0.001242671842548621,0.0009215385981492127
0.17804269100666703,0.0004487595505857558,0.0012166827831885149,0.00090504038579065
0.17807899661250037,0.000449020496482221,0.0011904407016028466,0.0008881613483394783
0.17811530221833372,0.00044910555933481267,0.0011639535147936347,0.0008709056756162062
0.17815160782416703,0.00044901395619155644,0.0011372292134735045,0.000853277812086069
0.17818791343000037,0.0004487449485509858,0.0011102758547300686,0.0008352824578946275
0.17822421903583371,0.00044829784562196135,0.0010831015548521364,0.0008169245698422987
0.17826052464166703,0.00044767200701779507,0.0010557144823820825,0.0007982093620949114
0.17829683024750037,0.0004468668447852484,0.001028122851426659,0.0007791423064282071
0.1783331358533337,0.00044588182473912933,0.0010003349152239258,0.0007597291318268901
0.17836944145916703,0.0004447164671461743,0.0009723589599304335,0.000739975823300948
0.17840574706500037,0.0004433703468700387,0.0009442032985638377,0.0007198886198389719
0.1784420526708337,0.0004418430931454214,0.0009158762650147892,0.0006994740114839403
0.17847835827666705,0.000440134389187746,0.0008873862080304653,0.0006787387355842315
0.17851466388250037,0.0004382439718614156,0.0008587414850716855,0.0006576897723342138
0.1785509694883337,0.00043617163162271903,0.000829950455956236,0.0006363343397679022
0.17858727509416705,0.00043391721292373753,0.0008010214762217011,0.0006146798884005452
0.17862358070000037,0.00043148061521419755,0.0007719628901696078,0.0005927340957231968
0.1786598863058337,0.00042886179461430627,0.0007427830235860617,0.0005705048607432477
0.17869619191166705,0.0004260607662598841,0.0007134901761688171,0.0005480002987308794
0.17873249751750037,0.00042307760724906673,0.0006840926137232482,0.0005252287362810898
0.1787688031233337,0.0004199124600550179,0.0006545985602166057,0.0005021987067388533
0.17880510872916705,0.0004165655362182512,0.0006250161897984385,0.00047891894596793403
0.17884141433500036,0.0004130371201006044,0.0005953536189032291,0.00045539838837923565
0.1788777199408337,0.00040932757247393975,0.0005656188985482809,0.00043164616307946236
0.17891402554666705,0.00040543733373118546,0.0005358200069260382,0.0004076715899613468
0.17895033115250036,0.0004013669265438561,0.0005059648423667545,0.0003834841755371618
0.1789866367583337,0.0003971169578448696,0.00047606121671718885,0.0003590936083198642
0.17902294236416705,0.0003926881200825968,0.0004461168491469481,0.00033450975358079675
0.17905924797000036,0.00038808119176461447,0.0004161393603597426,0.00030974264735677935
0.1790955535758337,0.0003832970373800078,0.00038613626715575794,0.00028480248963791085
0.17913185918166705,0.00037833660684992703,0.0003561149772667745,0.0002596996367341425
0.1791681647875004,0.000373200934701099,0.000326082784370127,0.00023444459288642853
0.1792044703933337,0.0003678911391814258,0.0002960468631826766,0.00020904800124964428
0.17924077599916705,0.0003624084215381371,0.00026601426454214,0.0001835206344228149
0.1792770816050004,0.0003567540656570643,0.00023599191039970743,0.00015787338473225438
0.1793133872108337,0.00035092943821878205,0.00020598658867311147,0.00013211725448171414
0.17934969281666704,0.00034493598946809886,0.00017600494794051537,0.00010626334636966276
0.1793859984225004,0.00033877525462387215,0.0001460534919894824,8.03228542389013e-05
0.1794223040283337,0.00033244885588365263,0.00011613857426830025,5.430705427168567e-05
0.17945860963416704,0.00032595850490979404,8.626639231559573e-05,2.822729668007184e-05
0.17949491524000039,0.0003193060056274935,5.6442982265469564e-05,2.094997873264879e-06
0.1795312208458337,0.0003124932571266178,2.667421353706614e-05,-2.4078366981222973e-05
0.17956752645166704,0.0003055222564421463,-3.0342161816710176e-06,-5.028127114069975e-05
0.17960383205750038,0.0002983951009943911,-3.267678555642849e-05,-7.650214339160269e-05
0.1796401376633337,0.0002911139904991677,-6.224815375555063e-05,-0.00010272937527032072
0.17967644326916704,0.00028368122820673626,-9.174316407397772e-05,-0.00012895132859188773
0.17971274887500038,0.0002760992213915266,-0.00012115684701327633,-0.00015515634345191937
0.1797490544808337,0.00026837048108578306,-0.00015048442283338608,-0.00018133274682197685
0.17978536008666704,0.0002604976211218871,-0.00017972130362416407,-0.00020746886179905238
0.17982166569250038,0.0002524833566127501,-0.00020886309497193334,-0.00023355301750255442
0.17985797129833372,0.0002443305020505663,-0.00023790559731524572,-0.0002595735595443556
0.17989427690416704,0.00023604196923607214,-0.000266844807093017,-0.0002855188609365464
0.17993058251000038,0.00022762076525995352,-0.0002956769177861931,-0.00031137733325415913
0.17996688811583372,0.0002190699907442037,-0.0003243983209414165,-0.0003371374378414624
0.18000319372166704,0.00021039283851552568,-0.0003530056072431488,-0.00036278769684361725
0.18003949932750038,0.0002015925928290416,-0.00038149556767170595,-0.0003883167038612855
0.18007580493333372,0.00019267262919426273,-0.00040986519475173913,-0.0004137131340624856
0.18011211053916704,0.00018363641478342689,-0.0004381116838623146,-0.00043896575363961104
0.18014841614500038,0.00017448750933244696,-0.00046623243454941665,-0.00046406342856423083
0.18018472175083372,0.00016522956638413843,-0.0004942250517576087,-0.0004889951326610374
0.18022102735666704,0.00015586633467843994,-0.0005220873468822651,-0.0005137499550876095
0.18025733296250038,0.00014640165946970307,-0.0005498173385388489,-0.000538317107361401
0.18029363856833372,0.00013683948354937747,-0.0005774132529516788,-0.000562685930113595
0.18032994417416703,0.00012718384777372961,-0.0006048735238808973,-0.0005868458997670056
0.18036624978000038,0.0001174388909383769,-0.0006321967920312335,-0.0006107866353301667
0.18040255538583372,0.0001076088488999823,-0.000659381903917064,-0.0006344979054726741
0.18043886099166703,9.769805291431786e-05,-0.0006864279101920114,-0.0006579696360006979
0.18047516659750037,8.771092723187395e-05,-0.0007133340634843736,-0.0006811919177914124
0.18051147220333372,7.765198605975045e-05,-0.0007400998158086365,-0.0007041550151774659
0.18054777780916706,6.752583005467106e-05,-0.0007667248156451725,-0.0007268493747049313
0.18058408341500037,5.733714255076534e-05,-0.0007932089047927411,-0.0007492656341278467
0.18062038902083372,4.709068574323455e-05,-0.0008195521151002866,-0.0007713946314560769
0.18065669462666706,3.679129704335734e-05,-0.0008457546651756214,-0.0007932274138458906
0.18069300023250037,2.6443885792119234e-05,-0.0008718169571498405,-0.0008147552461173851
0.18072930583833371,1.6053430472040382e-05,-0.0008977395735497198,-0.0008359696187002966
0.18076561144416706,5.624976494542585e-06,-0.0009235232742986993,-0.0008568622548479748
0.18080191705000037,-4.836365430031813e-06,-0.0009491689938336666,-0.0008774251170142374
0.1808382226558337,-1.5325420403498787e-05,-0.0009746778382931298,-0.0008976504123535199
0.18087452826166706,-2.5836950059833137e-05,-0.0010000510827058095,-0.0009175305973740707
0.18091083386750037,-3.636565307249295e-05,-0.0010252901680899665,-0.0009370583818394115
0.1809471394733337,-4.690616565926067e-05,-0.001050396698364857,-0.0009562267320677751
0.18098344507916705,-5.745306230447073e-05,-0.0010753724369775178,-0.0009750288738168664
0.18101975068500037,-6.800085690504715e-05,-0.0011002193031604244,-0.000993458294957983
0.1810560562908337,-7.854400451161074e-05,-0.0011249393677571489,-0.0010115087481375182
0.18109236189666705,-8.907690378271102e-05,-0.0011495348485817305,-0.001029174253595823
0.18112866750250037,-9.959390020455197e-05,-0.0011740081053100702,-0.0010464491022664228
0.1811649731083337,-0.00011008929005727339,-0.0011983616339348792,-0.0010633278592178336
0.18120127871416705,-0.00012055732503936484,-0.0012225980608461052,-0.0010798053674323344
0.18123758432000037,-0.0001309922174013727,-0.0012467201366231587,-0.0010958767518484853
0.1812738899258337,-0.0001413881453950088,-0.0012707307296411527,-0.00111153742353432
0.18131019553166705,-0.00015173925881876364,-0.0012946328195991,-0.0011267830838125568
0.1813465011375004,-0.0001620396844387534,-0.0013184294910730237,-0.0011416097281328726
0.1813828067433337,-0.0001722835310840054,-0.0013421239271817543,-0.001156013649482172
0.18141911234916705,-0.00018246489425653936,-0.001365719403429425,-0.0011699914411423715
0.1814554179550004,-0.00019257786015410087,-0.0013892192817588304,-0.0011835399986445008
0.1814917235608337,-0.00020261650907121308,-0.0014126270048170084,-0.001196656520823699
0.18152802916666705,-0.00021257491821522213,-0.0014359460904020687,-0.001209338509945896
0.1815643347725004,-0.0002224471640407851,-0.0014591801260318187,-0.001221583770946474
0.1816006403783337,-0.00023222732426179588,-0.0014823327635530793,-0.0012333904098864657
0.18163694598416705,-0.00024190947973825572,-0.0015054077136980122,-0.0012447568317857976
0.1816732515900004,-0.00025148771645304744,-0.0015284087404916033,-0.001255681738029905
0.1817095571958337,-0.0002609561277881478,-0.0015513396554228777,-0.0012661641235617422
0.18174586280166705,-0.00027030881728208546,-0.001574204311310584,-0.0012762032740641317
0.1817821684075004,-0.00027953990200333236,-0.001597006595820077,-0.0012857987633083296
0.1818184740133337,-0.00028864351661273327,-0.0016197504246192465,-0.0012949504507968341
0.18185477961916705,-0.00029761381811847684,-0.0016424397341943168,-0.0013036584797670705
0.1818910852250004,-0.0003064449912567665,-0.0016650784743777855,-0.001311923275554359
0.1819273908308337,-0.0003151312543676075,-0.0016876706006673638,-0.001319745544244962
0.18196369643666704,-0.00032366686558464195,-0.0017102200664338004,-0.0013271262714904099
0.1820000020425004,-0.0003320461291259986,-0.001732730815124934,-0.0013340667213092182
0.18203630764833373,-0.0003402634014629971,-0.0017552067725722506,-0.0013405684346764844
0.18207261325416704,-0.0003483130971562993,-0.0017776518394947722,-0.0013466332276984804
0.18210891886000038,-0.0003561896941833728,-0.0018000698842744536,-0.001352263189188646
0.18214522446583373,-0.00036388773863332466,-0.0018224647360496153,-0.0013574606775012571
0.18218153007166704,-0.0003714018487097957,-0.0018448401781411621,-0.0013622283165351703
0.18221783567750038,-0.00037872671805291934,-0.001867199941793766,-0.0013665689908863546
0.18225414128333373,-0.00038585711845997705,-0.0018895477001842215,-0.0013704858401972207
0.18229044688916704,-0.00039278790214415524,-0.00191188706262494,-0.0013739822528155165
0.18232675249500038,-0.0003995140037154873,-0.0019342215688745532,-0.0013770618589287694
0.18236305810083372,-0.0004060304420929878,-0.001956554683461509,-0.0013797285233761358
0.18239936370666704,-0.0004123323225595701,-0.0019788897899309914,-0.0013819863383541956
0.18243566931250038,-0.00041841483915133326,-0.0020012301849399936,-0.0013838396162251128
0.18247197491833372,-0.00042427327753232527,-0.002023579072148396,-0.00138529288260558
0.18250828052416704,-0.0004299030184491904,-0.0020459395558830615,-0.001386350869866346
0.18254458613000038,-0.00043529954179313547,-0.0020683146345841573,-0.001387018511110201
0.18258089173583372,-0.00044045843122641966,-0.0020907071940748437,-0.0013873009346277872
0.18261719734166704,-0.0004453753792644375,-0.002113120000723749,-0.001387203458762992
0.18265350294750038,-0.0004500461926493412,-0.002135555694591366,-0.001386731587060309
0.18268980855333372,-0.0004544667978128006,-0.0021580167826643687,-0.0013858910035218735
0.18272611415916706,-0.00045863324620792244,-0.0021805056322845478,-0.0013846875677767695
0.18276241976500038,-0.0004625417192953833,-0.0022030244648712973,-0.001383127309962362
0.18279872537083372,-0.0004661885329959236,-0.0022255753500191847,-0.0013812164251371748
0.18283503097666706,-0.00046957014146767096,-0.0022481602000269173,-0.001378961267085018
0.18287133658250038,-0.000472683140127453,-0.0022707807648835966,-0.0013763683414263314
0.18290764218833372,-0.0004755242679039752,-0.0022934386277057104,-0.0013734442980189152
0.18294394779416706,-0.0004780904087803027,-0.002316135200587215,-0.001370195922699163
0.18298025340000038,-0.00048037859274622667,-0.0023388717207985343,-0.001366630128479131
0.18301655900583372,-0.0004823859963312385,-0.0023616492472511063,-0.0013627539463672484
0.18305286461166706,-0.0004841099429207555,-0.0023844686571341937,-0.0013585745160155384
0.18308917021750037,-0.00048554790306863725,-0.0024073306426310925,-0.0013540990764100433
0.18312547582333372,-0.0004866974950068435,-0.0024302357076324945,-0.0013493349568122483
0.18316178142916706,-0.00048755648551962927,-0.0024531841643845045,-0.0013442895681286355
0.18319808703500037,-0.0004881227912984754,-0.0024761761300355514,-0.0013389703948364156
0.18323439264083372,-0.000488394480830403,-0.0024992115230773725,-0.0013333849875313076
0.18327069824666706,-0.0004883697768030918,-0.0025222900597071268,-0.0013275409560947198
0.18330700385250037,-0.0004880470589425667,-0.0025454112501671834,-0.0013214459634102753
0.18334330945833371,-0.0004874248671402343,-0.002568574395143108,-0.0013151077195006173
0.18337961506416706,-0.0004865019046819075,-0.0025917785823163534,-0.001308533975911244
0.1834159206700004,-0.00048527704136677583,-0.002615022683174448,-0.0013017325201435243
0.1834522262758337,-0.0004837493163016416,-0.0026383053501774093,-0.0012947111699367095
0.18348853188166706,-0.0004819179401754125,-0.002661625014365104,-0.0012874777672188893
0.1835248374875004,-0.0004797822968587702,-0.002684979883467764,-0.0012800401715872697
0.1835611430933337,-0.00047734194422993496,-0.0027083679405532097,-0.0012724062532344384
0.18359744869916705,-0.00047459661419367073,-0.002731786943212475,-0.0012645838853033299
0.1836337543050004,-0.0004715462119302052,-0.0027552344232537637,-0.0012565809357221876
0.1836700599108337,-0.0004681908144763211,-0.0027787076868463225,-0.0012484052586345282
0.18370636551666705,-0.00046453066879566967,-0.0028022038150337654,-0.001240064685590986
0.1837426711225004,-0.00046056618953366885,-0.0028257196645229197,-0.0012315670167043376
0.1837789767283337,-0.00045629795667020045,-0.002849251868650753,-0.0012229200119822409
0.18381528233416705,-0.00045172671327889006,-0.0028727968384386895,-0.0012141313830428262
0.1838515879400004,-0.0004468533635755393,-0.0028963507636599124,-0.0012052087853872797
0.1838878935458337,-0.00044167897139306476,-0.002919909613869314,-0.001196159811354329
0.18392419915166705,-0.0004362047591608495,-0.0029434691393750716,-0.00118699198381942
0.1839605047575004,-0.00043043210739897596,-0.0029670248721622864,-0.0011777127506330959
0.1839968103633337,-0.0004243625546694632,-0.0029905721268094166,-0.0011683294797260753
0.18403311596916705,-0.00041799779786454237,-0.003014106001464187,-0.0011588494547500124
0.1840694215750004,-0.0004113396926626746,-0.0030376213789645224,-0.0011492798710792673
0.18410572718083373,-0.0004043902539516096,-0.0030611129281998446,-0.0011396278319749154
0.18414203278666705,-0.000397151656007582,-0.0030845751058077744,-0.0011299003447102767
0.1841783383925004,-0.0003896262322318096,-0.0031080021582908612,-0.0011201043164776453
0.18421464399833373,-0.0003818164742785237,-0.003131388124618545,-0.0011102465499363823
0.18425094960416705,-0.00037372503045936527,-0.0031547268393531027,-0.0011003337383187041
0.1842872552100004,-0.0003653547033718232,-0.00317801193630761,-0.0010903724600752197
0.18432356081583373,-0.0003567084467679118,-0.0032012368527121102,-0.0010803691731103978
0.18435986642166705,-0.00034778936174631654,-0.003224394833834558,-0.001070330208721279
0.1843961720275004,-0.0003386006924097969,-0.0032474789379787197,-0.0010602617654040102
0.18443247763333373,-0.00032914582117361395,-0.003270482041764581,-0.0010501699027266225
0.18446878323916704,-0.00031942826393558207,-0.0032933968455896544,-0.0010400605354792052
0.1845050888450004,-0.00030945166532146245,-0.0033162158791725793,-0.0010299394283028813
0.18454139445083373,-0.000299219794200531,-0.0033389315070932162,-0.0010198121909678118
0.18457770005666704,-0.0002887365396272743,-0.0033615359342647074,-0.0010096842744212286
0.18461400566250039,-0.00027800590731039154,-0.003384021211300415,-0.0009995609676645531
0.18465031126833373,-0.00026703201664536456,-0.0034063792397694046,-0.0009894473954507115
0.18468661687416704,-0.0002558190982786084,-0.0034286017773649436,-0.0009793485167261518
0.18472292248000038,-0.000244371492106786,-0.0034506804430381372,-0.0009692691236840116
0.18475922808583373,-0.00023269364556100026,-0.003472606722170379,-0.0009592138412516394
0.18479553369166704,-0.0002207901119878964,-0.0034943719718715403,-0.0009491871268118856
0.18483183929750038,-0.00020866554892214956,-0.0035159674264943295,-0.0009391932699558045
0.18486814490333373,-0.00019632471604919658,-0.0035373842034486674,-0.0009292363920847736
0.18490445050916707,-0.0001837724726829193,-0.003558613309383922,-0.0009193204457203043
0.18494075611500038,-0.00017101377462758356,-0.003579645646783093,-0.0009094492134355692
0.18497706172083372,-0.00015805367035199848,-0.0036004720209839923,-0.0008996263063878231
0.18501336732666707,-0.00014489729647044293,-0.0036210831476111683,-0.0008898551624983433
0.18504967293250038,-0.0001315498725924411,-0.0036414696603720006,-0.0008801390443889249
0.18508597853833372,-0.00011801669566489487,-0.003661622119144214,-0.0008704810372345348
0.18512228414416707,-0.00010430313397898461,-0.003681531018262727,-0.0008608840467249629
0.18515858975000038,-9.041462104553118e-05,-0.003701186794903265,-0.0008513507973405918
0.18519489535583372,-7.635664955291989e-05,-0.003720579837459593,-0.0008418838311373862
0.18523120096166706,-6.213476561015713e-05,-0.00373970049382061,-0.0008324855072049627
0.18526750656750038,-4.7754563445391585e-05,-0.003758539079471903,-0.0008231580019125112
0.18530381217333372,-3.3221680680677275e-05,-0.003777085885371709,-0.0008139033099957009
0.18534011777916706,-1.8541794242085824e-05,-0.003795331185581002,-0.000804723246470179
0.18537642338500038,-3.7206168969505708e-06,-0.0038132652446583974,-0.0007956194492911462
0.18541272899083372,1.1236105655910846e-05,-0.003830878324859604,-0.0007865933826208981
0.18544903459666706,2.632259727480469e-05,-0.003848160693205151,-0.0007776463405233584
0.18548534020250038,4.153305361776939e-05,-0.0038651026284966506,-0.00076877945088108
0.18552164580833372,5.6861644338903044e-05,-0.0038816944283691234,-0.0007599936793284668
0.18555795141416706,7.230251544132809e-05,-0.0038979264164642684,-0.0007512898330151884
0.1855942570200004,8.78497919712533e-05,-0.003913788949797195,-0.0007426685640536772
0.18563056262583372,0.00010349758119944055,-0.003929272426368439,-0.0007341303725598326
0.18566686823166706,0.0001192399763825542,-0.00394436729304615,-0.0007256756092605782
0.1857031738375004,0.00013507106113301904,-0.003959064053713086,-0.0007173044777086822
0.18573947944333372,0.000150984914358835,-0.003973353277642523,-0.0007090170362070054
0.18577578504916706,0.00016697561567132995,-0.003987225608039688,-0.0007008131995943546
0.1858120906550004,0.00018303725110571827,-0.004000671770663653,-0.0006926927410779632
0.18584839626083371,0.00019916391896212165,-0.004013682582431096,-0.0006846552943097316
0.18588470186666706,0.00021534973555728523,-0.004026248959899282,-0.0006767003558934068
0.1859210074725004,0.00023158884068139192,-0.004038361927531572,-0.0006688272884789533
0.1859573130783337,0.00024787540257969256,-0.004050012625663999,-0.0006610353245518018
0.18599361868416706,0.000264203622322465,-0.004061192318114458,-0.0006533235709637209
0.1860299242900004,0.0002805677374845009,-0.00407189239940438,-0.0006456910141853249
0.1860662298958337,0.00029696202512085717,-0.004082104401593504,-0.0006381365261949224
0.18610253550166705,0.000313380804092147,-0.004091820000758301,-0.0006306588708615737
0.1861388411075004,0.0003298184368532327,-0.004101031023170637,-0.0006232567106379862
0.1861751467133337,0.0003462693308675048,-0.004109729451252713,-0.0006159286133557715
0.18621145231916705,0.000362727939839959,-0.004117907429395161,-0.0006086730589140868
0.1862477579250004,0.0003791887649727989,-0.004125557269726333,-0.0006014884456728951
0.18628406353083374,0.0003956463564362437,-0.004132671457912127,-0.0005943730964017918
0.18632036913666705,0.00041209531521578654,-0.004139242659048258,-0.0005873252636902116
0.1863566747425004,0.00042853029544866585,-0.004145263723682288,-0.0005803431347888962
0.18639298034833374,0.0004449460073018742,-0.0041507276939738436,-0.0005734248359188001
0.18642928595416705,0.0004613372203779896,-0.004155627809971122,-0.0005665684361449758
0.1864655915600004,0.0004776987675703944,-0.00415995751595326,-0.000559771950962752
0.18650189716583374,0.0004940255492328305,-0.004163710466764437,-0.0005530333457763463
0.18653820277166705,0.0005103125374856464,-0.004166880534049133,-0.0005463505394623895
0.1865745083775004,0.0005265547804569766,-0.004169461812290541,-0.0005397214082014011
0.18661081398333373,0.0005427474062539659,-0.0041714486245565075,-0.0005331437897300794
0.18664711958916705,0.0005588856264773279,-0.004172835527869253,-0.000526615488119676
0.1866834251950004,0.0005749647391300913,-0.004173617318135429,-0.0005201342791258892
0.18671973080083373,0.000590980130824405,-0.004173789034599468,-0.0005136979160901444
0.18675603640666705,0.0006069272782531869,-0.004173345963813172,-0.0005073041363079478
0.1867923420125004,0.0006228017489596389,-0.00417228364314476,-0.0005009506677241677
0.18682864761833373,0.0006385992015002864,-0.004170597863878172,-0.0004946352357736645
0.18686495322416705,0.0006543153851497126,-0.00416828467397532,-0.0004883555701631332
0.1869012588300004,0.0006699461393320586,-0.004165340380588069,-0.00048210941138879834
0.18693756443583373,0.0006854873929818495,-0.00416176155241143,-0.00047589451680481014
0.18697387004166707,0.0007009351640329655,-0.004157545021964465,-0.00046970866609666746
0.1870101756475004,0.0007162855592100542,-0.004152687887871121,-0.0004635496660684528
0.18704648125333373,0.0007315347742539659,-0.004147187517191292,-0.0004574153547162244
0.18708278685916707,0.0007466790946563974,-0.004141041547825098,-0.00045130360462571604
0.1871190924650004,0.0007617148969147761,-0.004134247890983515,-0.00044521232579345055
0.18715539807083373,0.0007766386502532328,-0.004126804733689337,-0.0004391394680199277
0.18719170367666707,0.0007914469186961351,-0.004118710541246921,-0.0004330830230563872
0.18722800928250038,0.0008061363633332924,-0.004109964059600066,-0.00042704102669928424
0.18726431488833373,0.0008207037445855524,-0.004100564317486612,-0.0004210115610177397
0.18730062049416707,0.0008351459242692501,-0.004090510628297095,-0.0004149927568698789
0.18733692610000038,0.0008494598672689117,-0.004079802591553223,-0.0004089827968173806
0.18737323170583373,0.0008636426426585859,-0.004068440093939078,-0.0004029799184888355
0.18740953731166707,0.0008776914241599347,-0.004056423309842179,-0.00039698241837805983
0.18744584291750038,0.000891603489884744,-0.004043752701390133,-0.00039098865600034876
0.18748214852333372,0.0009053762213745931,-0.004030429017998843,-0.00038499705827464524
0.18751845412916707,0.0009190071020142428,-0.004016453295476726,-0.0003790061239587253
0.18755475973500038,0.0009324937149512025,-0.004001826854753412,-0.00037301442794218865
0.18759106534083372,0.0009458337406960882,-0.003986551300318291,-0.000367020625200719
0.18762737094666707,0.0009590249546024076,-0.0039706285184624044,-0.0003610234542348894
0.18766367655250038,0.0009720652244278239,-0.00395406067541571,-0.00035502173985559065
0.18769998215833372,0.0009849525081614336,-0.003936850215460807,-0.00034901439523176873
0.18773628776416706,0.000997684852265011,-0.0039189998590850655,-0.00034300042317878454
0.1877725933700004,0.001010260390424386,-0.003900512601207687,-0.00033697891673060103
0.18780889897583372,0.0010226773428455734,-0.003881391709489237,-0.00033094905909917584
0.18784520458166706,0.0010349340160654167,-0.0038616407227017244,-0.00032491012317342386
0.1878815101875004,0.001047028803185146,-0.003841263449110367,-0.00031886147074266727
0.18791781579333372,0.001058960184383793,-0.003820263964796663,-0.00031280255164214694
0.18795412139916706,0.0010707267275322412,-0.0037986466118384997,-0.0003067329030096238
0.1879904270050004,0.0010823270887115664,-0.0037764159962582525,-0.0003006521488133365
0.18802673261083372,0.0010937600124430456,-0.0037535769856546454,-0.0002945599997657704
0.18806303821666706,0.001105024331461332,-0.0037301347064480584,-0.00028845625367984306
0.1880993438225004,0.0011161189659042994,-0.0037060945406905484,-0.00028234079626051126
0.18813564942833372,0.001127042921848522,-0.0036814621224188254,-0.00027621360226237054
0.18817195503416706,0.001137795289182464,-0.0036562433335580167,-0.00027007473688931034
0.1882082606400004,0.0011483752388736107,-0.0036304442994131527,-0.0002639243572716058
0.18824456624583372,0.0011587820197442543,-0.003604071383810929,-0.00025776271383336414
0.18828087185166706,0.001169014954917373,-0.0035771311839737597,-0.00025159015136140995
0.1883171774575004,0.0011790734381241109,-0.0035496305252194337,-0.0002454071096056693
0.18835348306333372,0.0011889569300746951,-0.0035215764555816807,-0.000239214123278823
0.18838978866916706,0.0011986649550841252,-0.0034929762404394197,-0.00023301182137535
0.1884260942750004,0.0012081970981138016,-0.00346383735722626,-0.0002268009257914015
0.18846239988083374,0.001217553002343579,-0.0034341674902686127,-0.00022058224929059962
0.18849870548666706,0.0012267323673304576,-0.0034039745257730424,-0.00021435669291996966
0.1885350110925004,0.0012357349477463693,-0.0033732665469540825,-0.00020812524302841882
0.18857131669833374,0.0012445605526249443,-0.0033420518292658174,-0.00020188896807228084
0.18860762230416706,0.0012532090449923071,-0.0033103388356769342,-0.000195649015405021
0.1886439279100004,0.0012616803417155702,-0.003278136211912196,-0.00018940660823991745
0.18868023351583374,0.0012699744133790798,-0.0032454527815750987,-0.00018316304294633637
0.18871653912166705,0.0012780912839950593,-0.0032122975410677056,-0.00017691968679518267
0.1887528447275004,0.0012860310303724279,-0.003178679654234192,-0.00017067797621213028
0.18878915033333374,0.0012937937810034196,-0.003144608446673334,-0.0001644394155344913
0.18882545593916705,0.0013013797143784133,-0.0031100933996901434,-0.00015820557620585838
0.1888617615450004,0.0013087890566997715,-0.0030751441438854185,-0.00015197809628860997
0.18889806715083374,0.0013160220790291513,-0.0030397704524112302,-0.00014575868013382516
0.18893437275666705,0.0013230790939630108,-0.0030039822339471955,-0.00013954909802545975
0.1889706783625004,0.001329960451981609,-0.0029677895254740573,-0.00013335118561320192
0.18900698396833374,0.001336666537652384,-0.0029312024849353115,-0.00012716684296647132
0.18904328957416705,0.001343197765885495,-0.002894231383882952,-0.0001209980331185542
0.1890795951800004,0.0013495545784357897,-0.0028568866001992817,-0.0001148467800208903
0.18911590078583373,0.0013557374408218795,-0.0028191786109736205,-0.00010871516588749827
0.18915220639166708,0.00136174683979187,-0.002781117985592002,-0.00010260532797194054
0.1891885119975004,0.0013675832814109311,-0.0027427153790717707,-9.651945487733116e-05
0.18922481760333373,0.0013732472897839702,-0.002703981525644097,-9.045978254740296e-05
0.18926112320916708,0.0013787394063636926,-0.002664927232558863,-8.442859011845249e-05
0.1892974288150004,0.0013840601897368784,-0.0026255633740610703,-7.842819582465603e-05
0.18933373442083373,0.0013892102157357425,-0.0025859008854685786,-7.246095314145446e-05
0.18937004002666707,0.0013941900776915865,-0.002545950757269545,-6.652924732430814e-05
0.1894063456325004,0.001399000386637648,-0.002505724029155646,-6.063549245610859e-05
0.18944265123833373,0.0014036417712781544,-0.002465231783914188,-5.4782129060675096e-05
0.18947895684416707,0.0014081148775700004,-0.0024244851411178658,-4.897162227810234e-05
0.1895152624500004,0.0014124203678090729,-0.0023834952505735188,-4.320646053691618e-05
0.18955156805583373,0.0014165589191702513,-0.0023422732855184107,-3.748915460459007e-05
0.18958787366166707,0.0014205312217125182,-0.002300830435581495,-3.182223685771221e-05
0.1896241792675004,0.0014243379759218855,-0.0022591778995547647,-2.6208260590281267e-05
0.18966048487333373,0.0014279798899185531,-0.002217326878043265,-2.0649799175661613e-05
0.18969679047916707,0.0014314576764952623,-0.0021752885660792217,-1.5149444914913486e-05
0.18973309608500039,0.0014347720501769346,-0.0021330741457942105,-9.709807439620717e-06
0.18976940169083373,0.00143792372449501,-0.0020906947792425547,-4.333511587097767e-06
0.18980570729666707,0.001440913409653072,-0.0020481616014591864,9.76805275443855e-07
0.1898420129025004,0.0014437418107251531,-0.0020054857138171543,6.2184964399184185e-06
0.18987831850833373,0.0014464096264782498,-0.0019626781777256483,1.138890946451302e-05
0.18991462411416707,0.0014489175488512512,-0.001919750008681393,1.6485390056916558e-05
0.1899509297200004,0.0014512662630599316,-0.0018767121706574489,2.1505286059908073e-05
0.18998723532583373,0.0014534564482383758,-0.0018335755707868482,2.644595135259753e-05
0.19002354093166707,0.001455488778477414,-0.0017903510542768538,3.130474948769686e-05
0.1900598465375004,0.0014573639240854964,-0.0017470493994751883,3.607905691155732e-05
0.19009615214333372,0.0014590825528805974,-0.0017036813130038408,4.0766265656465924e-05
0.19013245774916707,0.001460645331324921,-0.001660257424879588,4.5363785449209924e-05
0.1901687633550004,0.0014620529253370103,-0.0016167882835527718,4.9869045240295755e-05
0.19020506896083372,0.0014633060006559238,-0.001573284350815854,5.427949421792794e-05
0.19024137456666707,0.0014644052226852012,-0.0015297559965586909,5.859260242347988e-05
0.1902776801725004,0.0014653512558048165,-0.0014862134933757007,6.280586112506605e-05
0.19031398577833372,0.0014661447622008757,-0.001442667011058129,6.691678312868552e-05
0.19035029138416706,0.0014667864003189983,-0.0013991266110295628,7.092290320982614e-05
0.1903865969900004,0.0014672768230922456,-0.0013556022408020476,7.48217788320762e-05
0.19042290259583372,0.0014676166761234467,-0.0013121037285416413,7.861099128499801e-05
0.19045920820166706,0.0014678065960117882,-0.0012686407778347787,8.228814732501823e-05
0.1904955138075004,0.0014678472090035618,-0.0012252229627401526,8.585088134565314e-05
0.19053181941333375,0.0014677391301180537,-0.001181859723195634,8.929685804323189e-05
0.19056812501916706,0.0014674829628547653,-0.001138560360827634,9.262377548790874e-05
0.1906044306250004,0.0014670792995321632,-0.001095334035183546,9.582936846324187e-05
0.19064073623083375,0.0014665287222468421,-0.001052189760379288,9.891141190596183e-05
0.19067704183666706,0.001465831804381751,-0.0010091364021264585,0.00010186772426414144
0.1907133474425004,0.0014649891125392725,-0.0009661826750800705,0.00010469617059822083
0.19074965304833374,0.0014640012087349795,-0.0009233371404306768,0.00010739466527451974
0.19078595865416706,0.0014628686526649566,-0.0008806082036557166,0.00010996117414222963
0.1908222642600004,0.0014615920038560505,-0.000838004112344988,0.00011239371613792281
0.19085856986583374,0.001460171823524641,-0.0007955329540242716,0.00011469036432059796
0.19089487547166706,0.0014586086760037516,-0.0007532026539182989,0.00011684924639882621
0.1909311810775004,0.0014569031296469605,-0.0007110209726176658,0.00011886854486335475
0.19096748668333374,0.0014550557571754992,-0.0006689955036414728,0.00012074649687799402
0.19100379228916706,0.0014530671354960744,-0.0006271336709155586,0.00012248139410452928
0.1910400978950004,0.001450937845074904,-0.0005854427262122523,0.00012407158264132216
0.19107640350083374,0.001448668469002174,-0.0005439297466188543,0.0001255154632398191
0.19111270910666706,0.0014462595919155058,-0.0005026016321163364,0.00012681149193006952
0.1911490147125004,0.0014437117989674981,-0.0004614651033555372,0.000127958181139185
0.19118532031833374,0.0014410256750192875,-0.00042052669971479625,0.00012895410133055712
0.19122162592416705,0.0014382018042196883,-0.00037979277771086635,0.0001297978831326642
0.1912579315300004,0.0014352407700902164,-0.00033926950981532516,0.00013048821987079838
0.19129423713583374,0.0014321431561842893,-0.00029896288370360286,0.00013102387036900841
0.19133054274166708,0.0014289095473295928,-0.0002588787019357696,0.0001314036618579162
0.1913668483475004,0.0014255405314022164,-0.00021902258204028102,0.0001316264928102009
0.19140315395333374,0.0014220367015260215,-0.0001793999569468634,0.00013169133553090335
0.19143945955916708,0.0014183986585465534,-0.0001400160756952176,0.0001315972383536558
0.1914757651650004,0.0014146270136002712,-0.00010087600433424797,0.00013134332733386048
0.19151207077083374,0.0014107223905898963,-6.198462692329557e-05,0.0001309288073813758
0.19154837637666708,0.0014066854283862904,-2.334664655269153e-05,0.0001303529628328362
0.1915846819825004,0.0014025167826054502,1.503341368479686e-05,0.00012961515752110147
0.19162098758833374,0.0013982171268529615,5.315120981888477e-05,0.00012871483445031894
0.19165729319416708,0.0013937871533830088,9.100257624446318e-05,0.0001276515152241957
0.1916935988000004,0.001389227573179049,0.00012858352507566766,0.00012642479939812838
0.19172990440583373,0.0013845391155222421,0.00016589024557806998,0.00012503436393037178
0.19176621001166708,0.0013797225271655381,0.00020291910362265836,0.0001234799628929935
0.1918025156175004,0.0013747785712705375,0.00023966664108837857,0.00012176142757155907
0.19183882122333373,0.0013697080262868046,0.0002761295751310726,0.00011987866703678368
0.19187512682916708,0.0013645116849568793,0.00031230479723661,0.00011783166921672731
0.1919114324350004,0.0013591903536144766,0.0003481893719848673,0.00011562050244041101
0.19194773804083373,0.0013537448519099602,0.00038378053546804904,0.00011324531736921319
0.19198404364666707,0.0013481760130496566,0.0004190756933299124,0.00011070634918693172
0.19202034925250042,0.0013424846845789382,0.00045407241841934526,0.00010800391988784576
0.19205665485833373,0.0013366717296791843,0.0004887684480796696,0.00010513844048784437
0.19209296046416707,0.0013307380288920141,0.0005231616811210828,0.00010211041298819988
0.19212926607000042,0.0013246844821364844,0.0005572501745451168,9.892043194431795e-05
0.19216557167583373,0.0013185120108512621,0.0005910321401046574,9.55691855302953e-05
0.19220187728166707,0.0013122215600776211,0.0006245059407894137,9.205745604017076e-05
0.19223818288750041,0.0013058141003021368,0.000657670087324121,8.83861198229418e-05
0.19227448849333373,0.0012992906288998415,0.0006905232347554828,8.455614670466676e-05
0.19231079409916707,0.0012926521710570338,0.0007230641791851133,8.056859900122016e-05
0.1923470997050004,0.0012858997801038791,0.0007552918546814881,7.642463026411616e-05
0.19238340531083373,0.001279034537245064,0.0007872053303767089,7.2125483925104e-05
0.19241971091666707,0.0012720575507359758,0.0008188038077265675,6.767249201050043e-05
0.1924560165225004,0.0012649699546060057,0.0008500866178878223,6.306707408293642e-05
0.19249232212833373,0.0012577729070739623,0.0008810532191473368,5.831073653783658e-05
0.19252862773416707,0.0012504675888287211,0.0009117031943257829,5.3405072337836724e-05
0.1925649333400004,0.0012430552013582214,0.0009420362480752252,4.835176121526625e-05
0.19260123894583372,0.0012355369655007301,0.0009720522039954176,4.315257031652064e-05
0.19263754455166707,0.0012279141203649388,0.0010017510015074848,3.780935520870307e-05
0.1926738501575004,0.001220187922722828,0.0010311326924443715,3.232406112407588e-05
0.19271015576333375,0.0012123596469258157,0.001060197437342852,2.6698724286445758e-05
0.19274646136916707,0.0012044305853361132,0.0010889455014493604,2.0935473148965014e-05
0.1927827669750004,0.0011964020492075873,0.0011173772504785395,1.5036529376504988e-05
0.19281907258083375,0.0011882753698998021,0.0011454931461864558,9.004208427309014e-06
0.19285537818666706,0.0011800519002705696,0.0011732937418374723,2.840919625699646e-06
0.1928916837925004,0.0011717330160702934,0.00120077967765305,-3.4508343338284113e-06
0.19292798939833375,0.0011633201171579114,0.0012279516763312897,-9.868458456005942e-06
0.19296429500416706,0.0011548146283736809,0.0012548105387177916,-1.64092670374373e-05
0.1930006006100004,0.0011462179999367718,0.0012813571396922503,-2.307048568274918e-05
0.19303690621583375,0.0011375317072821894,0.0013075924243128297,-2.9849253605899e-05
0.19307321182166706,0.0011287572503070587,0.0013335174042340885,-3.6742626054749906e-05
0.1931095174275004,0.0011198961520549528,0.0013591331543868085,-4.374757669099803e-05
0.19314582303333375,0.0011109499569226082,0.0013844408098823667,-5.086099976964191e-05
0.19318212863916706,0.001101920228520223,0.0014094415630829546,-5.80797119910565e-05
0.1932184342450004,0.0010928085473497072,0.0014341366607642078,-6.540045394121385e-05
0.19325473985083375,0.0010836165084812904,0.0014585274012901808,-7.281989108706133e-05
0.19329104545666706,0.0010743457194061627,0.0014826151317227612,-8.03346143489527e-05
0.1933273510625004,0.001064997798221626,0.0015064012447983225,-8.794114032439889e-05
0.19336365666833374,0.0010555743722678343,0.0015298871757225268,-9.563591128162369e-05
0.1933999622741671,0.00104607707728552,0.0015530743987577985,-0.00010341529507272613
0.1934362678800004,0.0010365075571073768,0.0015759644236046247,-0.00011127558513131858
0.19347257348583374,0.0010268674638379267,0.0015985587916046958,-0.00011921300071674066
0.19350887909166709,0.0010171584584238009,0.001620859071818173,-0.00012722368754667962
0.1935451846975004,0.0010073822114739326,0.001642866857046519,-0.0001353037189244794
0.19358149030333374,0.00099754040416162,0.0016645837598843422,-0.00014344909742045086
0.19361779590916708,0.0009876347290306258,0.0016860114088873338,-0.00015165575711318594
0.1936541015150004,0.0009776668905364355,0.0017071514449382376,-0.0001599195663429758
0.19369040712083374,0.0009676386051805319,0.0017280055178794083,-0.00016823633088073323
0.19372671272666708,0.0009575516011372425,0.001748575283460296,-0.000176601797377546
0.1937630183325004,0.0009474076173249845,0.001768862400623222,-0.00018501165693622353
0.19379932393833374,0.0009372084019311016,0.0017888685291237005,-0.00019346154863945597
0.19383562954416708,0.0009269557104559388,0.0018085953274551152,-0.00020194706288015528
0.1938719351500004,0.0009166513033914391,0.0018280444510245296,-0.000210463744366959
0.19390824075583374,0.0009062969436871895,0.0018472175505091688,-0.00021900709471874447
0.19394454636166708,0.0008958943941785663,0.0018661162703134504,-0.0002275725746118837
0.1939808519675004,0.0008854454151551973,0.0018847422470453295,-0.00023615560549746404
0.19401715757333374,0.000874951762233009,0.0019030971079382598,-0.0002447515709570322
0.19405346317916708,0.0008644151846612599,0.001921182469160439,-0.0002533558178090649
0.1940897687850004,0.000853837424150534,0.001938999933974586,-0.00026196365710963926
0.19412607439083374,0.0008432202142534391,0.0019565510907369977,-0.0002705703652063399
0.19416237999666708,0.0008325652802724205,0.0019738375107513904,-0.00027917118500264893
0.19419868560250042,0.0008218743396146459,0.001990860746018231,-0.0002877613275711619
0.19423499120833373,0.0008111491024680362,0.002007622326941249,-0.00029633597422003033
0.19427129681416708,0.0008003912726399887,0.002024123760067426,-0.00030489027907173446
0.19430760242000042,0.0007896025483845409,0.002040366525943401,-0.0003134193721615479
0.19434390802583373,0.0007787846230462787,0.0020563520771692653,-0.0003219183630104407
0.19438021363166708,0.0007679391853699035,0.0020720818367203093,-0.00033038234457934823
0.19441651923750042,0.000757067919360851,0.0020875571965895,-0.0003388063974738309
0.19445282484333373,0.0007461725036308568,0.0021027795167802153,-0.0003471855942442181
0.19448913044916707,0.0007352546102178024,0.002117750124652377,-0.0003555150036188973
0.19452543605500042,0.0007243159029257272,0.0021324703145984224,-0.00036378969451822965
0.19456174166083373,0.0007133580352826561,0.0021469413480012535,-0.0003720047397225347
0.19459804726666707,0.000702382648255435,0.0021611644534069445,-0.0003801552191068547
0.19463435287250042,0.0006913913678877871,0.0021751408268325828,-0.00038823622240350764
0.19467065847833373,0.0006803858030374637,0.002188871632125399,-0.00039624285150555437
0.19470696408416707,0.0006693675433796989,0.0022023580012937695,-0.00040417022237460953
0.19474326969000041,0.0006583381578181125,0.0022156010347432315,-0.00041201346665951244
0.19477957529583373,0.0006472991934034806,0.0022286018013700304,-0.000419767733163627
0.19481588090166707,0.0006362521748096989,0.0022413613384888492,-0.00042742818931462386
0.1948521865075004,0.000625198604360145,0.002253880651597748,-0.0004349900227898279
0.19488849211333376,0.0006141399625423777,0.0022661607140091787,-0.0004424484434327202
0.19492479771916707,0.0006030777089004652,0.0022782024663985352,-0.00044979868556388925
0.1949611033250004,0.0005920132831572877,0.0022900068163387035,-0.0004570360107461556
0.19499740893083375,0.000580948106397747,0.0023015746378986786,-0.00046415571101345943
0.19503371453666707,0.0005698835821401482,0.0023129067713855557,-0.00047115311252181915
0.1950700201425004,0.0005588210971374564,0.0023240040233019105,-0.0004780235795337619
0.19510632574833375,0.0005477620217811182,0.002334867166575552,-0.0004847625186101252
0.19514263135416707,0.0005367077100244173,0.002345496941097413,-0.0004913653828590459
0.1951789369600004,0.0005256594987952439,0.0023558940545781513,-0.0004978276760838414
0.19521524256583375,0.0005146187069241479,0.0023660591837075078,-0.0005041449566801742
0.19525154817166707,0.0005035866336667615,0.002375992975575344,-0.0005103128411574019
0.1952878537775004,0.000492564556944545,0.0023856960492922106,-0.0005163270071966623
0.19532415938333375,0.00048155373145965317,0.002395168997732421,-0.000522183196204948
0.19536046498916707,0.00047055538685522705,0.0024044123893155124,-0.0005278772153751431
0.1953967705950004,0.0004595707260899831,0.002413426769743351,-0.0005334049393112548
0.19543307620083375,0.0004486009241758858,0.002422212663619857,-0.0005387623113205882
0.19546938180666706,0.00043764712739206596,0.002430770575897337,-0.000543945344505839
0.1955056874125004,0.0004267104530407392,0.002439100993115945,-0.0005489501228066831
0.19554199301833375,0.00041579198975665504,0.002447204384428493,-0.0005537728021406947
0.1955782986241671,0.000404892798326246,0.0024550812024289855,-0.0005584096117773455
0.1956146042300004,0.00039401391292193404,0.002462731883827174,-0.0005628568560482095
0.19565090983583375,0.00038315634261628067,0.00247015685003058,-0.0005671109164546604
0.1956872154416671,0.00037232107301408295,0.0024773565077078528,-0.000571168254185845
0.1957235210475004,0.0003615090678308718,0.002484331249411715,-0.0005750254130097756
0.19575982665333375,0.0003507212702545443,0.0024910814543356668,-0.0005786790224544038
0.1957961322591671,0.0003399586039521582,0.002497607489266485,-0.0005821258011584421
0.1958324378650004,0.0003292219736235633,0.0025039097097756782,-0.0005853625602474654
0.19586874347083374,0.00031851226505336745,0.002509988461669379,-0.0005883862065820252
0.1959050490766671,0.00030783034466751153,0.0025158440826902003,-0.0005911937457320531
0.1959413546825004,0.0002971770586547158,0.0025214769044390193,-0.0005937822845548606
0.19597766028833374,0.0002865532317606167,0.002526887254462184,-0.0005961490332900534
0.19601396589416709,0.00027595966589857515,0.002532075458432606,-0.0005982913071297511
0.1960502715000004,0.00026539713874213736,0.002537041842343357,-0.0006002065272717928
0.19608657710583374,0.0002548664024677988,0.0025417867346307953,-0.000601892221511785
0.19612288271166708,0.0002443681828026957,0.0025463104681510353,-0.0006033460244717679
0.1961591883175004,0.00023390317850162788,0.002550613381948041,-0.0006045656775944335
0.19619549392333374,0.00022347206133458078,0.0025546958227722835,-0.0006055490290489302
0.19623179952916708,0.00021307547661420252,0.0025585581463335493,-0.0006062940336955364
0.19626810513500043,0.0002027140442379263,0.0025622007182976056,-0.0006067987532418038
0.19630441074083374,0.00019238836016733507,0.002565623915061262,-0.0006070613566937883
0.19634071634666708,0.00018209899822338742,0.0025688281243613563,-0.0006070801211658779
0.19637702195250042,0.00017184651204484494,0.002571813745788149,-0.0006068534330658318
0.19641332755833374,0.0001616314370419095,0.002574581191280995,-0.0006063797896230526
0.19644963316416708,0.00015145429217927194,0.0025771308856832125,-0.000605657800683037
0.19648593877000042,0.0001413155814422345,0.002579463267423926,-0.0006046861906542565
0.19652224437583374,0.00013121579487423228,0.0025815787893782613,-0.0006034638004693178
0.19655854998166708,0.00012115540912029793,0.002583477919935372,-0.0006019895894127498
0.19659485558750042,0.00011113488746393719,0.0025851611442786783,-0.0006002626366741353
0.19663116119333374,0.00010115467939896473,0.002586628965857004,-0.0005982821425068362
0.19666746679916708,9.121521982743688e-05,0.0025878819080017382,-0.0005960474289068865
0.19670377240500042,8.131692801473008e-05,0.002588920515626154,-0.0005935579397700458
0.19674007801083374,7.146020645889551e-05,0.002589745356930589,-0.0005908132405328051
0.19677638361666708,6.164543984096673e-05,0.0025903570250326432,-0.0005878130173501996
0.19681268922250042,5.187299421493549e-05,0.00259075613944532,-0.0005845570759045429
0.19684899482833373,4.214321657150338e-05,0.0025909433473377663,-0.0005810453399702488
0.19688530043416708,3.245643487106184e-05,0.0025909193245317198,-0.0005772778498774558
0.19692160604000042,2.2812958592715078e-05,0.0025906847762100153,-0.0005732547610193734
0.19695791164583373,1.3213079792640438e-05,0.002590240437339136,-0.0005689763425349395
0.19699421725166708,3.6570746122827725e-06,0.0025895870728331292,-0.0005644429762710184
0.19703052285750042,-5.854794869677873e-06,0.0025887254775086247,-0.0005596551560899501
0.19706682846333376,-1.5322278583104458e-05,0.0025876564758978574,-0.0005546134875429672
0.19710313406916707,-2.4745136372116e-05,0.00258638092199674,-0.0005493186878827113
0.19713943967500042,-3.412313602666784e-05,0.0025848996990271,-0.0005437715863439145
0.19717574528083376,-4.345605159238348e-05,0.002583213719286007,-0.0005379731245849883
0.19721205088666707,-5.2743662081626346e-05,0.0025813239241413164,-0.0005319243571586899
0.19724835649250042,-6.198575066665355e-05,0.0025792312842126213,-0.0005256264518698003
0.19728466209833376,-7.1182104385223e-05,0.0025769367997528084,-0.0005190806898829431
0.19732096770416707,-8.033251433551877e-05,0.002574441501219886,-0.0005122884654636644
0.19735727331000041,-8.943677628631503e-05,0.0025717464500043677,-0.0005052512852685236
0.19739357891583376,-9.849469158523692e-05,0.0025688527392567838,-0.0004979707671416518
0.19742988452166707,-0.00010750606821728559,0.0025657614947450502,-0.0004904486384215309
0.1974661901275004,-0.00011647072185066114,0.0025624738756639632,-0.0004826867338076346
0.19750249573333375,-0.00012538847670889798,0.0025589910753198142,-0.000474686992877136
0.19753880133916707,-0.00013425916612718576,0.0025553143216219382,-0.00046645145737278965
0.1975751069450004,-0.00014308263268448566,0.002551444877329001,-0.0004579822684010412
0.19761141255083375,-0.00015185872784811462,0.0025473840400193236,-0.0004492816636825374
0.19764771815666707,-0.00016058731111912733,0.002543133141779291,-0.00044035197498520153
0.1976840237625004,-0.0001692682487196676,0.002538693548629328,-0.000431195625844259
0.19772032936833375,-0.00017790141191195667,0.002534066659730374,-0.00042181512963685277
0.1977566349741671,-0.0001864866750776743,0.0025292539064328307,-0.00041221308803516594
0.1977929405800004,-0.00019502391371209555,0.0025242567512426153,-0.0004023921898159958
0.19782924618583375,-0.00020351300249681547,0.0025190766867838896,-0.0003923552099614427
0.1978655517916671,-0.00021195381360726006,0.0025137152348347945,-0.0003821050089494388
0.1979018573975004,-0.00022034621538726925,0.002508173945501399,-0.0003716445321080844
0.19793816300333375,-0.00022869007148537066,0.002502454396577291,-0.00036097680889681156
0.1979744686091671,-0.00023698524049989994,0.0024965581931136287,-0.0003501049519813906
0.1980107742150004,-0.0002452315761278404,0.002490486967199409,-0.00033903215598826307
0.19804707982083375,-0.0002534289277606233,0.0024842423779268307,-0.0003277616958545963
0.1980833854266671,-0.0002615771414245454,0.0024778261114945,-0.0003162969247304512
0.1981196910325004,-0.0002696760609286763,0.002471239881384191,-0.0003046412714342147
0.19815599663833375,-0.00027772552906276066,0.002464485428536656,-0.00029279823750714837
0.1981923022441671,-0.00028572538868377686,0.0024575645214497057,-0.00028077139395274345
0.1982286078500004,-0.0002936754835428621,0.0024504789561276006,-0.00026856437777728797
0.19826491345583375,-0.00030157565873286887,0.0024432305558241695,-0.00025618088846637285
0.1983012190616671,-0.00030942576067786,0.002435821170541533,-0.0002436246845360618
0.1983375246675004,-0.0003172256366350712,0.0024282526762698653,-0.00023089958028674017
0.19837383027333375,-0.00032497513373211113,0.002420526973978789,-0.0002180094428634386
0.1984101358791671,-0.0003326740976119599,0.002412645988395154,-0.0002049581896913391
0.19844644148500043,-0.0003403223708004659,0.0024046116666225576,-0.00019174978631302097
0.19848274709083374,-0.0003479197909411358,0.002396425976672912,-0.000178388244609337
0.1985190526966671,-0.0003554661890569318,0.0023880909059880565,-0.00016487762134343375
0.19855535830250043,-0.0003629613879970018,0.002379608460029086,-0.00015122201693188727
0.19859166390833374,-0.00037040520120798,0.0023709806610027495,-0.0001374255743220096
0.19862796951416709,-0.0003777974319366489,0.002362209546778833,-0.00012349247784273674
0.19866427512000043,-0.00038513787292680167,0.0023532971700315174,-0.0001094269518993397
0.19870058072583374,-0.0003924263066226974,0.0023442455976134583,-9.523325939915706e-05
0.19873688633166708,-0.0003996625058398466,0.0023350569101463145,-8.091569982476222e-05
0.19877319193750043,-0.00040684623481639456,0.0023257332017882714,-6.647860690927228e-05
0.19880949754333374,-0.0004139772505200486,0.0023162765801201576,-5.1926345911735254e-05
0.19884580314916708,-0.00042105530406030036,0.0023066891660790292,-3.7263310534037035e-05
0.19888210875500043,-0.0004280801420462481,0.0022969730938629056,-2.249391955987383e-05
0.19891841436083374,-0.00043505150773757946,0.0022871305107332106,-7.622613326851518e-06
0.19895471996666708,-0.0004419691418594497,0.002277163576652098,7.3461498385524124e-06
0.19899102557250042,-0.0004488327829886309,0.0022670744637091032,2.2407897088566332e-05
0.19902733117833374,-0.00045564216746456606,0.002256865355313635,3.7558144299074475e-05
0.19906363678416708,-0.00046239702882998075,0.002246538445154422,5.279239898944181e-05
0.19909994239000042,-0.0004690970968561461,0.00223609593595155,6.810616284815062e-05
0.19913624799583377,-0.0004757420962524766,0.0022255400380486365,8.349493383576357e-05
0.19917255360166708,-0.0004823317451942307,0.0022148729679096826,9.895420788007377e-05
0.19920885920750042,-0.0004888657538221184,0.002204096946595462,0.00011447948021975464
0.19924516481333376,-0.0004953438228715299,0.002193214198296867,0.00013006624648794182
0.19928147041916708,-0.0005017656425765063,0.002182226948997183,0.00014571000365221713
0.19931777602500042,-0.0005081308919658146,0.0021711374253223833,0.00016140625093976938
0.19935408163083376,-0.0005144392386284911,0.0021599478536195407,0.0001771504908748024
0.19939038723666708,-0.0005206903389781821,0.002148660459280394,0.0001929382305397783
0.19942669284250042,-0.0005268838389945685,0.002137277466302312,0.0002087649831445346
0.19946299844833376,-0.0005330193753714567,0.002125801097055026,0.0002246262699506993
0.19949930405416708,-0.0005390965769598275,0.0021142335722009885,0.00024051762255711267
0.19953560966000042,-0.0005451150663645745,0.002102577110702223,0.0002564345855096474
0.19957191526583376,-0.0005510744615388926,0.0020908339298386053,0.000272372719160451
0.19960822087166707,-0.0005569743772218227,0.002079006245162472,0.00028832760267132886
0.19964452647750042,-0.0005628144260821231,0.0020670962703222898,0.00030429483703696956
0.19968083208333376,-0.0005685942194635609,0.002055106216703002,0.0003202700479980067
0.19971713768916707,-0.0005743133676695233,0.0020430382928510395,0.00033624888872207676
0.19975344329500042,-0.0005799714797740574,0.002030894703675703,0.0003522270421521634
0.19978974890083376,-0.000585568162996899,0.0020186776494432145,0.00036820022295330475
0.19982605450666707,-0.0005911030217264708,0.002006389324602628,0.0003841641790277405
0.19986236011250041,-0.0005965756563123693,0.0019940319165015893,0.0004001146926105879
0.19989866571833376,-0.0006019856617736199,0.0019816076040626933,0.0004160475809986406
0.1999349713241671,-0.0006073326265783752,0.001969118556496566,0.00043195869699954735
0.1999712769300004,-0.0006126161315496968,0.0019565669322193736,1.0004478439292137
0.20000758253583376,-0.0006178357495884543,0.0019439548774733925,1.0004636992022744
0.2000438881416671,-0.0006229910449011663,0.001931284526100018,0.9917592629417565
0.2000801937475004,-0.0006280815736247615,0.00191855799864373,0.9743967092826106
0.20011649935333375,-0.0006331068844860402,0.0019057774021457154,0.9484999126911853
0.2001528049591671,-0.0006380665199709613,0.0018929448300749755,0.9142535240675387
0.2001891105650004,-0.0006429600178214275,0.0018800623624367929,0.8719015932284949
0.20022541617083375,-0.0006477869127288699,0.0018671320659963667,0.821745748842124
0.2002617217766671,-0.0006525467380741766,0.0018541559945449435,0.7641429504109551
0.2002980273825004,-0.0006572390275594893,0.0018411361891328905,0.6995028303038318
0.20033433298833375,-0.0006618633165894921,0.0018280746781991668,0.6282846470905554
0.2003706385941671,-0.0006664191432867548,0.001814973477539019,0.5509938745146387
0.2004069442000004,-0.0006709060490646259,0.0018018345900701533,0.46817845332208385
0.20044324980583375,-0.0006753235787280096,0.0017886600053801896,0.38042473582188063
0.2004795554116671,-0.0006796712801221962,0.0017754516990625287,0.2883531554605226
0.2005158610175004,-0.0006839487033975417,0.0017622116318713095,0.1926136558229714
0.20055216662333375,-0.0006881553999982174,0.0017489417487464565,0.09388091530323045
0.2005884722291671,-0.0006922909215122871,0.0017356439777747848,-0.007150594800065444
0.20062477783500043,-0.0006963548185349748,0.0017223202291611968,-0.10977167982801306
0.20066108344083375,-0.0007003466396956771,0.0017089723942843315,-0.2132635791722134
0.2006973890466671,-0.0007042659309822053,0.0016956023449035814,-0.3169031712837965
0.20073369465250043,-0.0007081122354647222,0.0016822119325699734,-0.41996818585946566
0.20077000025833375,-0.0007118850934801367,0.0016688029882735117,-0.5217423829653325
0.2008063058641671,-0.000715584043289712,0.001655377322336303,-0.6215206593672006
0.20084261147000043,-0.0007192086221733495,0.0016419367245365402,-0.718614043159115
0.20087891707583375,-0.0007227583678785989,0.0016284829644257629,-0.8123545389095234
0.2009152226816671,-0.0007262328203056431,0.0016150177917830793,-0.9020997869656527
0.20095152828750043,-0.0007296315232851526,0.0016015429371371967,-0.9872375022613534
0.20098783389333374,-0.0007329540262965245,0.0015880601122814817,-1.0671896599510102
0.2010241394991671,-0.0007361998859805657,0.001574571010709448,-1.141416397430133
0.20106044510500043,-0.0007393686673224475,0.0015610773079078044,-1.2094196047872112
0.20109675071083374,-0.0007424599444154415,0.00154758066146047,-1.2707461784428578
0.20113305631666709,-0.0007454733007599041,0.0015340827109380634,-1.324990915648043
0.20116936192250043,-0.0007484083291006009,0.0015205850775711037,-1.3717990306053531
0.20120566752833374,-0.0007512646308536551,0.001507089363729025,-1.4108682762133382
0.20124197313416708,-0.0007540418152171443,0.0014935971522486318,-1.4419506587785547
0.20127827874000043,-0.0007567394980921872,0.00148011000567255,-1.4648537364555791
0.20131458434583377,-0.0007593573009608463,0.0014666294654688062,-1.4794414956250426
0.20135088995166708,-0.000761894849871318,0.0014531570513057895,-1.4856348028684812
0.20138719555750043,-0.0007643517746692663,0.0014396942604522128,-1.4834114336146837
0.20142350116333377,-0.0007667277085880328,0.0014262425673597615,-1.4728056818873778
0.20145980676916708,-0.0007690222882725709,0.0014128034234681813,-1.4539075588546864
0.20149611237500042,-0.0007712351542662862,0.0013993782572504607,-1.4268615910462497
0.20153241798083377,-0.0007733659519413077,0.001385968474491839,-1.391865232145768
0.20156872358666708,-0.0007754143328061508,0.0013725754587731074,-1.3491669051672754
0.20160502919250042,-0.0007773799560851258,0.0013592005721084928,-1.299063694564344
0.20164133479833377,-0.0007792624904353341,0.001345845155673433,-1.2418987103828725
0.20167764040416708,-0.0007810616156526219,0.0013325105305493107,-1.1780581489286348
0.20171394601000042,-0.0007827770242189362,0.0013191979984115846,-1.1079680765576618
0.20175025161583376,-0.0007844084225600036,0.001305908842094768,-1.0320909650880887
0.20178655722166708,-0.000785955531912378,0.0012926443259816515,-0.9509220089551669
0.20182286282750042,-0.0007874180887395272,0.0012794056961835509,-0.8649852555689864
0.20185916843333376,-0.0007887958446834615,0.001266194180501176,-0.7748295813743541
0.20189547403916708,-0.0007900885660865735,0.0012530109881795715,-0.6810245468475967
0.20193177964500042,-0.0007912960331628007,0.0012398573094929734,-0.5841561640957295
0.20196808525083376,-0.0007924180389333153,0.0012267343152140419,-0.48482261085543565
0.2020043908566671,-0.0007934543880659308,0.001213643156034807,-0.38362992453358885
0.20204069646250042,-0.0007944048957667984,0.0012005849620124816,-0.2811877095018216
0.20207700206833376,-0.0007952693868668007,0.0011875608421114455,-0.17810489017051973
0.2021133076741671,-0.0007960476952240042,0.0011745718839033872,-0.07498554143790617
0.20214961328000042,-0.0007967396635298243,0.0011616191534717887,0.02757517304862191
0.20218591888583376,-0.0007973451435637401,0.001148703695546306,0.12899492575722574
0.2022222244916671,-0.0007978639968939524,0.0011358265338692961,0.22870798578311935
0.20225853009750042,-0.000798296095974281,0.001122988671773198,0.32616878930734144
0.20229483570333376,-0.0007986413255457634,0.0011101910929261518,0.4208552962703473
0.2023311413091671,-0.00079889958421921,0.0010974347621863626,0.5122721116694704
0.20236744691500042,-0.0007990707860957481,0.0010847206264950257,0.5999533521886875
0.20240375252083376,-0.0007991548622781267,0.0010720496157342557,0.6834652413050217
0.2024400581266671,-0.0007991517621366847,0.0010594226434807313,0.7624084185621596
0.20247636373250041,-0.0007990614542192194,0.0010468406075972339,0.8364199513281942
0.20251266933833376,-0.0007988839267308514,0.001034304390621715,0.905175040028059
0.2025489749441671,-0.0007986191875545073,0.0010218148599351485,0.9683884105288649
0.2025852805500004,-0.0007982672638301577,0.00100937286771294,1.0258153900262925
0.20262158615583375,-0.0007978282011564901,0.0009969792506876408,1.0772526654041996
0.2026578917616671,-0.0007973020625175086,0.0009846348297707177,1.1225387255942687
0.20269419736750044,-0.0007966889270645807,0.0009723404095961221,1.161553991929655
0.20273050297333375,-0.0007959888888988005,0.0009600967780567828,1.1942206428528703
0.2027668085791671,-0.0007952020559977065,0.0009479047059060787,1.220502141593835
0.20280311418500044,-0.0007943285494145166,0.0009357649464897335,1.2404024775713323
0.20283941979083375,-0.000793368502848777,0.0009236782356601095,1.253965134282288
0.2028757253966671,-0.0007923220626477704,0.0009116452919059886,1.261271798319068
0.20291203100250044,-0.0007911893882523146,0.0008996668167085886,1.262440825883549
0.20294833660833375,-0.0007899706530535102,0.0008877434951111092,1.2576254847335873
0.2029846422141671,-0.0007886660455834638,0.0008758759964669965,1.2470119908862656
0.20302094782000044,-0.0007872757709275775,0.0008640649753136563,1.2308173605960522
0.20305725342583375,-0.0007858000522223259,0.0008523110723054742,1.2092870991094293
0.2030935590316671,-0.0007842391320929972,0.0008406149151340474,1.1826927484588465
0.20312986463750043,-0.0007825932738916078,0.0008289771193651287,1.1513293170915921
0.20316617024333375,-0.0007808627626154816,0.0008173982891307535,1.1155126144332672
0.2032024758491671,-0.0007790479054196621,0.0008058790176304303,1.0755765135674176
0.20323878145500043,-0.0007771490316779581,0.0007944198874155262,1.0318701650846889
0.20327508706083375,-0.0007751664925936354,0.000783021470453946,0.984755184832848
0.2033113926666671,-0.0007731006604067129,0.0007716843279955143,0.9346028378013581
0.20334769827250043,-0.0007709519272856886,0.0007604090102796897,0.8817912397188384
0.20338400387833375,-0.0007687207040230374,0.0007491960561441746,0.8267025971444147
0.2034203094841671,-0.0007664074186726992,0.0007380459926038812,0.769720505907029
0.20345661509000043,-0.0007640125152720445,0.0007269593344734563,0.7112273266988353
0.20349292069583377,-0.000761536452780035,0.0007159365841027848,0.6516016554654444
0.2035292263016671,-0.0007589797043386194,0.0007049782312840046,0.5912159049609537
0.20356553190750043,-0.0007563427569284121,0.0006940847533717258,0.5304340124537263
0.20360183751333377,-0.0007536261114461549,0.0006832566156371428,0.4696092870864383
0.2036381431191671,-0.0007508302831849148,0.0006724942718537619,0.40908240882169944
0.20367444872500043,-0.0007479558026532679,0.0006617981650899568,0.34917958925820713
0.20371075433083377,-0.0007450032166315253,0.0006511687286638756,0.2902109029024445
0.20374705993666709,-0.0007419730893353359,0.0006406063872014166,0.23246879575181587
0.20378336554250043,-0.0007388660035426139,0.0006301115577296215,0.17622677631325914
0.20381967114833377,-0.0007356825615401647,0.0006196846507367825,0.12173829247295147
0.20385597675416708,-0.0007324233857615434,0.0006093260711369343,0.06923579597122106
0.20389228236000043,-0.0007290891190159472,0.0005990362190895424,0.01892999464105564
0.20392858796583377,-0.0007256804242463551,0.0005888154906437236,-0.028990708948293645
0.20396489357166708,-0.0007221979837996397,0.0005786642781983213,-0.07436059523211035
0.20400119917750043,-0.0007186424982373283,0.0005685829707922917,-0.11703682590807844
0.20403750478333377,-0.0007150146847582895,0.0005585719542617352,-0.15689946810070743
0.20407381038916708,-0.0007113152753394291,0.0005486316113182226,-0.1938513509949957
0.20411011599500042,-0.0007075450147238792,0.000538762321615914,-0.22781776259322112
0.20414642160083377,-0.0007037046583957589,0.0005289644618809812,-0.25874599525676384
0.2041827272066671,-0.0006997949706754161,0.0005192384061753846,-0.2866047496145548
0.20421903281250042,-0.0006958167230497189,0.000509584526358254,-0.3113834072420267
0.20425533841833377,-0.0006917706928205493,0.0005000031927928549,-0.333091183227313
0.2042916440241671,-0.0006876576621145003,0.0004904947753269532,-0.3517561703318042
0.20432794963000042,-0.0006834784172521613,0.0004810596445513668,-0.3674242869081687
0.20436425523583376,-0.0006792337484310385,0.0004716981733179538,-0.3801581410522731
0.2044005608416671,-0.0006749244496367997,0.00046241073847661505,-0.3900358236331847
0.20443686644750042,-0.0006705513186673508,0.0004531977227732525,-0.39714964287109084
0.20447317205333376,-0.0006661151571364945,0.00044405951683876147,-0.4016048130262956
0.2045094776591671,-0.0006616167703205256,0.0004349965211941637,-0.40351810953837125
0.20454578326500042,-0.0006570569667225492,0.00042600914819929293,-0.40301650263105
0.20458208887083376,-0.0006524365572544879,0.0004170978238816383,-0.4002357809941259
0.2046183944766671,-0.0006477563539731753,0.0004082629895969143,-0.395319176685157
0.20465470008250042,-0.0006430171683509496,0.00039950510349191917,-0.3884160018738139
0.20469100568833376,-0.000638219809108353,0.00039082464176110564,-0.379680307487945
0.2047273112941671,-0.0006333650796821467,0.00038222209970863386,-0.36926957321533355
0.20476361690000042,-0.0006284537754413369,0.00037369799264518305,-0.3573434376671817
0.20479992250583376,-0.0006234866807933703,0.000365252856661411,-0.34406247681493696
0.2048362281116671,-0.000618464566339277,0.0003568872493261262,-0.32958703806785516
0.20487253371750044,-0.0006133881862388431,0.0003486017503560881,-0.31407613656403144
0.20490883932333376,-0.0006082582759349337,0.000340396962295748,-0.29768641940643403
0.2049451449291671,-0.0006030755503613894,0.00033227351122982286,-0.28057120269712443
0.20498145053500044,-0.0005978407027243715,0.0003242320475306997,-0.26287958532200195
0.20501775614083376,-0.0005925544039065326,0.00031627324661820454,-0.2447556425336992
0.2050540617466671,-0.000587217302501465,0.0003083978096835135,-0.2263377014920776
0.20509036735250044,-0.0005818300254471946,0.0003006064643043385,-0.20775770006967423
0.20512667295833376,-0.0005763931791963552,0.00029289996485728207,-0.18914062942953982
0.2051629785641671,-0.0005709073513406108,0.0002852790926173637,-0.17060406014585616
0.20519928417000044,-0.000565373112600228,0.0002777446554255683,-0.15225775096773186
0.20523558977583375,-0.0005597910190973464,0.000270297486803562,-0.1342033387215434
0.2052718953816671,-0.000554161614852868,0.00026293844440040764,-0.11653410729999043
0.20530820098750044,-0.0005484854344798933,0.00025566840766839814,-0.09933483318674018
0.20534450659333375,-0.0005427630060880007,0.00024848827468256076,-0.08268170450405403
0.2053808121991671,-0.0005369948544581429,0.00024139895803902136,-0.06664231013944921
0.20541711780500044,-0.0005311815045928572,0.00023440137978902718,-0.05127569510298906
0.20545342341083375,-0.0005253234857861672,0.0002274964653857331,-0.03663247789134202
0.2054897290166671,-0.000519421336387805,0.00022068513663778567,-0.022755025295610194
0.20552603462250044,-0.0005134756094539516,0.0002139683036756451,-0.009677679798213455
0.20556234022833378,-0.000507486879479551,0.00020734685594242272,0.0025729655275232885
0.2055986458341671,-0.000501455750394851,0.0002008216522204637,0.013977749861496715
0.20563495144000044,-0.0004953828649820903,0.00019439350969841372,0.02452459055181093
0.20567125704583378,-0.0004892689158295107,0.0001880631920722467,0.03420809742707042
0.2057075626516671,-0.00048311465789259043,0.00018183139665948204,0.04302916075478252
0.20574386825750043,-0.0004769209226807875,0.00017569874049080023,0.05099451795077268
0.20578017386333378,-0.0004706886340366834,0.00016966574532990787,0.05811630394973719
0.2058164794691671,-0.000464418825427594,0.00016373282156319888,0.06441158991901755
0.20585278507500043,-0.0004581126586311903,0.000157900250897632,0.06990191475338205
0.20588909068083378,-0.0004517714436691449,0.00015216816780992248,0.07461281354171488
0.2059253962866671,-0.00044539665982767284,0.00014653653970360863,0.07857334695534218
0.20596170189250043,-0.0004389899776009843,0.00014100514575303018,0.08181563527424575
0.20599800749833377,-0.0004325532814015651,0.00013557355444420742,0.08437440053760412
0.2060343131041671,-0.00042608869289701914,0.00013024109986079554,0.08628652007046492
0.20607061871000043,-0.0004195985948530976,0.0001250068568068852,0.08759059438836707
0.20610692431583377,-0.00041308565538207326,0.00011986961490522713,0.08832653220668327
0.2061432299216671,-0.00040655285251022677,0.00011482785185711263,0.08853515497512293
0.20617953552750043,-0.00040000349898368034,0.00010987970609636951,0.08825782301946083
0.20621584113333377,-0.000393441267224734,0.00010502294911277466,0.08753608500767661
0.20625214673916709,-0.00038687021432897047,0.00010025495775819063,0.0864113520776925
0.20628845234500043,-0.000380294806955864,9.557268688110406e-05,0.08492459758433307
0.20632475795083377,-0.00037371994591312415,9.097264266189291e-05,0.08311608306114052
0.2063610635566671,-0.000367150990169657,8.645085704269606e-05,0.08102511066402962
0.20639736916250043,-0.0003605937799572196,8.200286366343819e-05,0.07868980208009005
0.20643367476833377,-0.0003540546585408951,7.762367573106988e-05,0.07614690365164564
0.2064699803741671,-0.0003475404921582427,7.330776626436577e-05,0.07343161728150788
0.20650628598000043,-0.00034105868755123615,6.904905117364296e-05,0.07057745654231595
0.20654259158583377,-0.0003346172064483219,6.484087565525173e-05,0.06761612729835592
0.2065788971916671,-0.00032822457629967194,6.0676004405929736e-05,0.06457743204769088
0.20661520279750042,-0.00032188989652938085,5.654661619274717e-05,0.061489197092221004
0.20665150840333377,-0.00031562283954497986,5.244430335029983e-05,0.05837722153364927
0.2066878140091671,-0.0003094336457368193,4.836007681713066e-05,0.055265246970301864
0.20672411961500042,-0.00030333311170588877,4.428437736641913e-05,0.0521749466360093
0.20676042522083377,-0.0002973325709757106,4.020709372946432e-05,0.04912593258652538
0.2067967308266671,-0.0002914438664685543,3.611758835161698e-05,0.046135779414208364
0.20683303643250042,-0.0002856793140546004,3.200473155605178e-05,0.043220062872389414
0.20686934203833376,-0.00028005165651124084,2.7856944918063027e-05,0.040392411729927344
0.2069056476441671,-0.00027457400725550135,2.3662254668598975e-05,0.03766457116245844
0.20694195325000042,-0.0002692597832336884,1.94083559481504e-05,0.035046476022041445
0.20697825885583376,-0.00026412262636818924,1.5082688719122388e-05,0.03254633240648169
0.2070145644616671,-0.0002591763129727227,1.0672526115405008e-05,0.030170706062455845
0.20705087006750045,-0.0002544346505565207,6.165075961723976e-06,0.027924616287113426
0.20708717567333376,-0.00024991136144846476,1.5475961328962527e-06,0.025811634124020155
0.2071234812791671,-0.00024561995268862973,-3.1924756546864765e-06,0.02383398376566992
0.20715978688500045,-0.00024157357166211147,-8.067377118798072e-06,0.021992646165354398
0.20719609249083376,-0.00023778484699364387,-1.3088861357982755e-05,0.020287463921435888
0.2072323980966671,-0.00023426571428620738,-1.82680211877551e-05,0.01871724652967618
0.20726870370250045,-0.00023102722637662298,-2.3615097709862587e-05,0.017279875113314008
0.20730500930833376,-0.00022807934789886508,-2.9139273091649683e-05,0.015972405749539356
0.2073413149141671,-0.00022543073409292036,-3.484844767472395e-05,0.014791170529860046
0.20737762052000044,-0.00022308849397331392,-4.0749001683254026e-05,0.013731875533847655
0.20741392612583376,-0.00022105793817524724,-4.684554196330567e-05,0.012789694969548947
0.2074502317316671,-0.00021934231202462573,-5.314063435712685e-05,0.011959360841581876
0.20748653733750044,-0.0002179425146270437,-5.96345225020451e-05,0.01123524764457069
0.20752284294333376,-0.00021685680503534703,-6.632483404457732e-05,0.010611451733756565
0.2075591485491671,-0.00021608049683081217,-7.320627547828194e-05,0.010081865180796998
0.20759545415500044,-0.00021560564273461922,-8.027031705023073e-05,0.009640244064195709
0.20763175976083376,-0.00021542071115015156,-8.750486943654642e-05,0.009280271255826346
0.2076680653666671,-0.0002155102568196655,-9.489395416223603e-05,0.008995613837945877
0.20770437097250044,-0.00021585458805911654,-0.00010241737003359546,0.008779975316151357
0.20774067657833378,-0.0002164294333116453,-0.0001100503581608136,0.008627142787584047
0.2077769821841671,-0.0002172056100337208,-0.00011776326847112637,0.008531029191520165
0.20781328779000044,-0.00021814869919932917,-0.0001255212309451395,0.008485710726791827
0.20784959339583378,-0.00021921872897845648,-0.00013328383514620422,0.008485459483932548
0.2078858990016671,-0.0002203698714180437,-0.00014100482194992996,0.00852477132406683
0.20792220460750044,-0.0002215501562277493,-0.0001486317917127065,0.0085983890508234
0.20795851021333378,-0.0002227012060495189,-0.00015610593343909723,0.00870132096843699
0.2079948158191671,-0.0002237579978681522,-0.00016336177981293636,0.008828854993733575
0.20803112142500044,-0.00022464865549726533,-0.0001703269932410351,0.008976568580426236
0.20806742703083378,-0.0002252942783471006,-0.00017692218831714455,0.009140334805499143
0.2081037326366671,-0.0002256088119417095,-0.0001830607963432915,0.009316325042872253
0.20814003824250044,-0.0002254989658958291,-0.0001886489777423037,0.009501008694881925
0.20817634384833378,-0.00022486418527779825,-0.0001935855883561384,0.009691150458580673
0.2082126494541671,-0.0002235966814648707,-0.00019776220574657926,0.009883805569844608
0.20824895506000043,-0.00022158152873172476,-0.00020106322169505115,0.010076313399785587
0.20828526066583378,-0.00021869683289251035,-0.0002033660071336083,0.010266289687503507
0.2083215662716671,-0.00021481397833274577,-0.0002045411557261062,0.010451617597361575
0.20835787187750043,-0.0002097979597121945,-0.00020445281225318587,0.010630437705112069
0.20839417748333378,-0.00020350780448730245,-0.0002029590918324004,0.01080113696009699
0.20843048308916712,-0.0001957970921871707,-0.00019991259582040384,0.010962336649586178
0.20846678869500043,-0.00018651457607724123,-0.00019516102999187008,0.011112879407892722
0.20850309430083377,-0.00017550491245817008,-0.0001885479302635778,0.011251815361278462
0.20853939990666712,-0.0001626095023732267,-0.00017991350082557724,0.011378387567353578
0.20857570551250043,-0.0001476674499363217,-0.00016909556904831907,0.011492016978196443
0.20861201111833377,-0.00013051664084524786,-0.0001559306609492515,0.011592287212617382
0.20864831672416712,-0.00011099494391186032,-0.00014025520031956502,0.011678929450525552
0.20868462233000043,-8.894153762345113e-05,-0.00012190683382738124,0.011751807752644509
0.20872092793583377,-6.419836284779386e-05,-0.000100725883524916,0.01181090506080324
0.20875723354166711,-3.661170180798914e-05,-7.655692719264046e-05,0.011856310054449518
0.20879353914750043,-6.033882381564148e-06,-4.925050585346965e-05,0.011888204941128952
0.20882984475333377,2.767489437985185e-05,-1.866495658643287e-05,0.011906854159553087
0.2088661503591671,6.464460685969397e-05,1.5331632534330235e-05,0.011912593891101554
0.20890245596500043,0.00010499335029802183,5.285934994796069e-05,0.011905822223648194
0.20893876157083377,0.00014882516513147127,9.402427662237557e-05,0.011886989798949844
0.2089750671766671,0.00019622776386690163,0.00013891619820430092,0.011856590802237861
0.20901137278250043,0.0002472701656968894,0.00018760622257090284,0.011815154212942436
0.20904767838833377,0.0003020002497359974,0.00024014431375191006,0.011763235314993075
0.2090839839941671,0.00036044223949725443,0.0002965567549446723,0.011701407546434417
0.20912028960000045,0.0004225941330275259,0.0003568435551386639,0.011630254833456286
0.20915659520583377,0.0004884250949646714,0.00042097581568861504,0.011550364588930715
0.2091929008116671,0.0005578728286521321,0.0004888930750140699,0.01146232155195283
0.20922920641750045,0.000630840948329071,0.0005605006514441941,0.011366702602356752
0.20926551202333377,0.0007071963732856231,0.0006356670060555357,0.011264072610359185
0.2093018176291671,0.000786766767710918,0.0007142211491514402,0.011154981290472066
0.20933812323500045,0.0008693380517430595,0.0007959501157878195,0.011039960938360172
0.20937442884083377,0.0009546520109314304,0.0008805965374423699,0.010919524857207569
0.2094107344466671,0.001042404032918749,0.0009678563385329108,0.010794166240677135
0.20944704005250045,0.0011322410016197599,0.001057376587993424,0.010664357280549415
0.20948334565833376,0.0012237593804923818,0.0011487535374902385,0.010530548308414737
0.2095196512641671,0.0013165035176433105,0.0012415308790808123,0.010393166854124803
0.20955595687000045,0.0014099642064619253,0.0013351982561577826,0.01025261659442303
0.20959226247583376,0.0015035775362128609,0.0014291900623546387,0.010109276255104752
0.2096285680816671,0.0015967240675181964,0.0015228845636893699,0.00996349860118908
0.20966487368750045,0.0016887283679044639,0.0016156033795616776,0.009815609687663075
0.20970117929333376,0.0017788589425572045,0.0017066113582712838,0.009665908540784052
0.2097374848991671,0.001866328595096096,0.0017951168824640149,0.009514667397296105
0.20977379050500045,0.0019502952525360811,0.0018802726393147011,0.009362132554934111
0.20981009611083376,0.0020298632876137772,0.0019611768892994017,0.00920852579732788
0.2098464017166671,0.002104085370313261,0.0020368752660742517,0.009054046268307428
0.20988270732250044,0.0021719648787012673,0.002106363138247059,0.008898872602718247
0.2099190129283338,0.0022324588970602153,0.002168588561686212,0.008743165087248662
0.2099553185341671,0.0022844818267714357,0.0022224558484479776,0.008587067632657307
0.20999162414000044,0.002326909632436212,0.0022668297754094937,0.00843070938703615
0.21002792974583379,0.0023585847423177393,0.002300540452265372,0.008274205899080268
0.2100642353516671,0.0023783216183359272,0.0023223888646789538,0.008117659835184412
0.21010054095750044,0.0023849130065469,0.0023311531040761803,0.007961161345787837
0.21013684656333378,0.002377136874293108,0.0023255952908357216,0.0078047882465678425
0.2101731521691671,0.0023537640350269422,0.0023044691924719407,0.007648606214913827
0.21020945777500044,0.0023135664562053074,0.0022665285328399435,0.0074926691947432515
0.21024576338083378,0.0022553262396455137,0.0022105359824309565,0.007337020154768237
0.2102820689866671,0.0021778452573507556,0.0021352728134926727,0.007181692266579816
0.21031837459250044,0.0020799554190888076,0.0020395491970288913,0.007026710475402615
0.21035468019833378,0.001960529540978238,0.0019222151117367383,0.006872093347114447
0.2103909858041671,0.00181849277704535,0.0017821718276644423,0.006717855008335005
0.21042729141000044,0.0016528345682098088,0.0016183839198601411,0.0065640069657850785
0.21046359701583378,0.0014626210554893508,0.0014298917595804482,0.006410559603149129
0.2104999026216671,0.0012470078964400028,0.001215824422790355,0.006257523206191269
0.21053620822750044,0.0010052534160273551,0.0009754129477731177,0.006104908449542517
0.21057251383333378,0.0007367320153198011,0.0007080038657453746,0.005952726374934651
0.21060881943916712,0.00044094775367277785,0.0004130729205094018,0.005800987981419207
0.21064512504500044,0.00011754801250389487,9.023888544655974e-05,0.005649703615054978
0.21068143065083378,-0.00023366285858426902,-0.0002607226213567954,0.005498882375189085
0.21071773625666712,-0.0006127100196173076,-0.0006398654302741547,0.005348531740784625
0.21075404186250044,-0.0010194348549394429,-0.0010470593348479035,0.00519865756596004
0.21079034746833378,-0.0014534820439148796,-0.001481976947654003,0.0050492645098888095
0.21082665307416712,-0.00191428711241468,-0.0019440810227303118,0.004900356869366697
0.21086295868000043,-0.002401064594865876,-0.0024326123751222265,0.0047519396922148524
0.21089926428583378,-0.002912796940913501,-0.002946578532505121,0.004604019984469846
0.21093556989166712,-0.0034482243042023323,-0.0034847432574212564,0.004456607797248763
0.21097187549750043,-0.004005835353334239,-0.0040456170813338264,0.004309716995832248
0.21100818110333378,-0.004583859246611787,-0.004627448993369831,0.004163365570633251
0.21104448670916712,-0.005180258912655007,-0.005228219427217293,0.00401757543588797
0.21108079231500043,-0.0057927257782963105,-0.00584563468908624,0.0038723717597982234
0.21111709792083377,-0.006418676083244899,-0.006477122967867085,0.0037277819597375953
0.21115340352666712,-0.007055248917800399,-0.007119832065560909,0.003583834559835697
0.21118970913250043,-0.007699306115328192,-0.0077706289816567705,0.0034405581328377094
0.21122601473833377,-0.008347434125238303,-0.008426101479342384,0.0032979805285190894
0.21126232034416711,-0.008995947984798811,-0.009082561754215847,0.003156128530939799
0.21129862595000046,-0.009640897499238013,-0.00973605231748697,0.0030150279984240266
0.21133493155583377,-0.01027807572923432,-0.010382354195497,0.002874704441083197
0.2113712371616671,-0.01090302987305849,-0.011016997535737292,0.0027351839008888665
0.21140754276750046,-0.01151107461733265,-0.011635274696415185,0.0025964939368533966
0.21144384837333377,-0.012097308015630892,-0.012232255882017793,0.0024586644954171046
0.2114801539791671,-0.01265662993800736,-0.01280280737129454,0.002321728468259662
0.21151645958500045,-0.013183763117053897,-0.01334161236666591,0.0021857218020573626
0.21155276519083377,-0.013673276797328576,-0.013843194475333472,0.0020506831146877894
0.2115890707966671,-0.014119612975041537,-0.01430194381239579,0.0019166528719216252
0.21162537640250045,-0.014517115193832466,-0.014712145695164028,0.0017836722676551674
0.21166168200833377,-0.014860059840436514,-0.015068011875733754,0.0016517820112269023
0.2116979876141671,-0.015142689861139017,-0.015363714235836325,0.0015210212450473418
0.21173429322000045,-0.01535925079630561,-0.015593420844210283,0.0013914267905825028
0.21177059882583377,-0.01550402900609939,-0.015751334252362005,0.0012630328556444534
0.2118069044316671,-0.015571391935931822,-0.015831731879801247,0.0011358712439946057
0.21184321003750045,-0.015555830245424227,-0.015829008314830174,0.0010099720079398203
0.21187951564333377,-0.01545200159988082,-0.015737719331935757,0.0008853643961068496
0.2119158212491671,-0.01525477589870358,-0.015552627401997036,0.0007620778897770298
0.21195212685500045,-0.014959281691036752,-0.015268748447093094,0.0006401431039525245
0.2119884324608338,-0.014560953505446679,-0.014881399567914677,0.0005195923572392609
0.2120247380666671,-0.014055579797861515,-0.014386247448879052,0.00040045978210310833
0.21206104367250045,-0.013439351200561217,-0.013779357124265807,0.0002827809405272692
0.2120973492783338,-0.01270890873497066,-0.013057240768275743,0.00016659201074461876
0.2121336548841671,-0.011861391632618111,-0.012216906153112082,5.192869823586616e-05
0.21216996049000045,-0.010894484392126433,-0.011255904402238602,-6.117491911179014e-05
0.2122062660958338,-0.009806462685749414,-0.01017237665112577,-0.0001726873873929573
0.2122425717016671,-0.00859623771698773,-0.008965099215291185,-0.00028258052120549954
0.21227887730750045,-0.0072633986214455755,-0.007633526855505057,-0.0003908295728825787
0.2123151829133338,-0.0058082524965350395,-0.006177833722885121,-0.0004974128980475929
0.2123514885191671,-0.004231861642101061,-0.004598951562456175,-0.0006023111900375584
0.21238779412500045,-0.0025360775937086095,-0.002898604752789566,-0.0007055064422078359
0.2124240997308338,-0.0007235715333694063,-0.0010793417617417668,-0.0008069808516589432
0.2124604053366671,0.0012021393309694431,0.0008554373957677518,-0.0009067158894635541
0.21249671094250044,0.0032366698156788805,0.0029014581024307718,-0.0010046917286308098
0.2125330165483338,0.005374749626051393,0.005053552876848337,-0.001100887148595414
0.2125693221541671,0.007610211402177584,0.0073056482794773055,-0.0011952799385337531
0.21260562776000044,0.009935984291507095,0.009650757339231267,-0.0012878477207332998
0.21264193336583379,0.012344093368159705,0.01208097782883811,-0.0013785690299717582
0.2126782389716671,0.014825665189898593,0.014587496688290172,-0.001467424432630707
0.21271454457750044,0.017370939750774594,0.01716060086315116,-0.0015543974606582137
0.21275085018333378,0.019969289050892406,0.01978969478820095,-0.0016394751722953271
0.21278715578916713,0.022609242464667816,0.022463324707036186,-0.00172264822631552
0.21282346139500044,0.02527851904550729,0.025169209974970633,-0.0018039104543291446
0.21285976700083378,0.027964066858254002,0.027894281446100896,-0.0018832580167567816
0.21289607260666712,0.030652109381251517,0.030624726995964826,-0.001960688311977487
0.21293237821250044,0.03332819896776022,0.0333460441791023,-0.002036198857951669
0.21296868381833378,0.03597727730204126,0.03604309996634764,-0.002109786371213084
0.21300498942416712,0.03858374272905349,0.03870019745019102,-0.0021814462283430065
0.21304129503000044,0.04113152427878,0.04130114934842586,-0.0022511724178652373
0.21307760063583378,0.043604162147133446,0.04382935807696621,-0.0023189579914745617
0.21311390624166712,0.045984894335633526,0.04626790210261456,-0.002384795922601936
0.21315021184750044,0.04825674909208261,0.04859962822615667,-0.002448680197894809
0.21318651745333378,0.050402642734784134,0.050807249385947634,-0.0025106069199048314
0.21322282305916712,0.05240548238397065,0.05287344751264519,-0.0025705751967021856
0.21325912866500044,0.05424827306656458,0.05478098090746977,-0.0026285876368306368
0.21329543427083378,0.055914228604725995,0.0565127955598674,-0.0026846503473957496
0.21333173987666712,0.05738688564539291,0.05805213976626822,-0.002738772433142832
0.21336804548250043,0.058650220137737276,0.059382681360322646,-0.002790965094945144
0.21340435108833378,0.059688765518684864,0.06048862681710712,-0.002841240506885765
0.21344065669416712,0.06048773182391175,0.06135484144986524,-0.0028896106957619675
0.21347696230000046,0.06103312490355176,0.06196696987841717,-0.0029360866463352137
0.21351326790583378,0.06131186488872657,0.06231155591394237,-0.0029806778100706995
0.21354957351166712,0.0613119030274172,0.06237616097590635,-0.003023392113636993
0.21358587911750046,0.06102233598657839,0.06214948013391973,-0.003064236462500722
0.21362218472333377,0.060433516702166255,0.061621454850712916,-0.003103217634923638
0.21365849032916712,0.059537160850277944,0.06078338149256504,-0.0031403433827456636
0.21369479593500046,0.05832644801121811,0.05962801467078232,-0.003175623513460471
0.21373110154083377,0.05679611660429124,0.058149664482467285,-0.0032090707317270883
0.21376740714666712,0.054942551684698894,0.0563442867310921,-0.003240701066890639
0.21380371275250046,0.052763864715266444,0.05420956522746323,-0.0032705337965396593
0.21384001835833377,0.0502599644549439,0.05174498529965664,-0.003298590877761807
0.21387632396416711,0.04743261814316348,0.04895189767646174,-0.003324895997053244
0.21391262957000046,0.04428550220416858,0.04583357195278233,-0.003349473426736473
0.21394893517583377,0.04082424174825974,0.04239523889721525,-0.003372346914713154
0.2139852407816671,0.03705643820736539,0.03864412092150537,-0.003393538827546956
0.21402154638750046,0.03299168451019799,0.03458945009852723,-0.003413069715612624
0.21405785199333377,0.028641567277183786,0.030242473189566868,-0.0034309583837118926
0.2140941575991671,0.024019655596968528,0.02561644322259611,-0.0034472224483806857
0.21413046320500045,0.019141476034140018,0.020726597250498913,-0.0034618792647349897
0.2141667688108338,0.01402447361134063,0.015590120011308332,-0.003474947030998462
0.2142030744166671,0.00868795860756842,0.010226093310858131,-0.0034864458429150597
0.21423938002250045,0.0031530391175218562,0.0046554310511950185,-0.003496398480334757
0.2142756856283338,-0.0025574605763929617,-0.0010992000650754145,-0.0035048307623306704
0.2143119912341671,-0.00841909565808008,-0.007013474014392485,-0.0035117713943351118
0.21434829684000045,-0.01440591018468741,-0.013061512863438263,-0.003517251333364232
0.2143846024458338,-0.02049055986031821,-0.019216007745906254,-0.003521302794708431
0.2144209080516671,-0.026644447677027172,-0.02544835292462908,-0.003523958095838374
0.21445721365750045,-0.03283787181086392,-0.03172879234508377,-0.003525248566094381
0.2144935192633338,-0.03904018504955223,-0.03802657797390866,-0.003525203737364887
0.2145298248691671,-0.045219964919762344,-0.044310139106048696,-0.0035238509741249697
0.21456613047500045,-0.05134519357682643,-0.05054726171748816,-0.003521215612390436
0.2146024360808338,-0.05738344641914183,-0.05670527683822211,-0.00351732157429898
0.2146387416866671,-0.06330208829437227,-0.06275125682314217,-0.0035121923289411594
0.21467504729250045,-0.06906847607584196,-0.06865221830783173,-0.0035058520001441727
0.2147113528983338,-0.07465016630614324,-0.07437533055281399,-0.003498326392281388
0.2147476585041671,-0.08001512653182898,-0.07988812780447194,-0.003489643721815228
0.21478396411000045,-0.0851319488889742,-0.08515872423451136,-0.0034798349018041676
0.2148202697158338,-0.0899700644451492,-0.09015602996326216,-0.0034689333169741474
0.21485657532166713,-0.09449995675966781,-0.09484996662603937,-0.0034569741298993125
0.21489288092750045,-0.09869337309150522,-0.09921168090687199,-0.0034439932535511456
0.2149291865333338,-0.10252353166358302,-0.10321375444073298,-0.0034300261928253
0.21496549213916713,-0.10596532338367314,-0.1068304084744578,-0.0034151069840466534
0.21500179774500044,-0.10899550642635657,-0.1100377016782197,-0.00339926744157407
0.2150381033508338,-0.11159289209756687,-0.11281371951403457,-0.0033825368585191054
0.21507440895666713,-0.1137385204334246,-0.11513875359548852,-0.0033649422168310784
0.21511071456250044,-0.11541582402838939,-0.1169954695138034,-0.003346508859143756
0.21514702016833379,-0.11661077864416709,-0.1183690616594479,-0.0033272614816163065
0.21518332577416713,-0.11731203922014255,-0.11924739363562283,-0.003307225242350371
0.21521963138000044,-0.11751105998807672,-0.11962112293983776,-0.0032864267568681552
0.21525593698583378,-0.11720219748800724,-0.11948380868207495,-0.0032648947752279742
0.21529224259166713,-0.11638279538820454,-0.11883200121221106,-0.0032426603999299282
0.21532854819750044,-0.11505325012902845,-0.11766531264482931,-0.0032197567967408845
0.21536485380333378,-0.11321705653786136,-0.11598646739558202,-0.003196218453131024
0.21540115940916713,-0.11088083269911382,-0.11380133197902714,-0.0031720801304287363
0.21543746501500044,-0.10805432350866126,-0.11111892346242866,-0.00314737571760337
0.21547377062083378,-0.10475038249493371,-0.10795139612235034,-0.0031221372143155376
0.21551007622666712,-0.10098493164811738,-0.10431400600986478,-0.0030963940445878795
0.21554638183250044,-0.09677689916333244,-0.10022505329464423,-0.0030701728355068056
0.21558268743833378,-0.09214813517195153,-0.09570580242682376,-0.003043497701342221
0.21561899304416712,-0.08712330570608542,-0.0907803803269943,-0.003016390971402461
0.21565529865000047,-0.08172976531330443,-0.08547565298761028,-0.0029888742104666774
0.21569160425583378,-0.0759974089104673,-0.07982108104205687,-0.0029609693218287433
0.21572790986166712,-0.0699585036356507,-0.07384855502916603,-0.00293269950669682
0.21576421546750046,-0.06364750162415338,-0.06759221124963355,-0.0029040898831621956
0.21580052107333378,-0.057100834796933515,-0.06108822927510526,-0.0028751676371648904
0.21583682667916712,-0.05035669290618179,-0.05437461232921672,-0.00284596167279761
0.21587313228500046,-0.04345478623161785,-0.04749095191116066,-0.0028165018306800737
0.21590943789083378,-0.03643609446114878,-0.040478178175031035,-0.0027868178304928776
0.21594574349666712,-0.02934260341941976,-0.03337829771091721,-0.0027569381494380284
0.21598204910250046,-0.022217031426264085,-0.026234120495224913,-0.0027268890611753973
0.21601835470833378,-0.015102547172944639,-0.019088977886789583,-0.0026966940271436046
0.21605466031416712,-0.008042481096287678,-0.01198643364091757,-0.002666373560773161
0.21609096592000046,-0.0010800323083609903,-0.00496998999453874,-0.0026359455894321947
0.21612727152583378,0.005742026798624342,0.001917209058712968,-0.002605426238392292
0.21616357713166712,0.012381646106749224,0.00863267513522775,-0.002574830876006896
0.21619988273750046,0.01879779129183687,0.015134871269075598,-0.0025441752068453166
0.21623618834333377,0.024950733102061712,0.021383503944423354,-0.0025134761902823274
0.21627249394916712,0.030802330195999365,0.027339809138956474,-0.0024827525978124787
0.21630879955500046,0.03631630336438717,0.03296683018486358,-0.002452025095838171
0.2163451051608338,0.04145849900172137,0.038229685292219664,-0.002421315836952371
0.21638141076666711,0.04619713975340884,0.0430958226357463,-0.0023906476422936897
0.21641771637250046,0.05050306034122815,0.04753526097967765,-0.0023600429402515456
0.2164540219783338,0.05434992666389197,0.051520813906406754,-0.002329522675941226
0.2164903275841671,0.0577144363799422,0.05502829582215749,-0.0022991054115662456
0.21652663319000046,0.060576499306304134,0.05803670803640262,-0.002268806798955753
0.2165629387958338,0.06291939610668495,0.06052840335025855,-0.0022386395301342626
0.2165992444016671,0.0647299138985963,0.0624892277416223,-0.002208613775067176
0.21663555000750045,0.06599845757495112,0.06390863790023224,-0.002178738017325778
0.2166718556133338,0.06671913581465042,0.06477979354286363,-0.0021490201182350244
0.2167081612191671,0.06688982094494332,0.06509962362613085,-0.0021194683942919656
0.21674446682500045,0.0665121820151225,0.06486886577037676,-0.0020900924904692694
0.2167807724308338,0.06559169064472342,0.0640920784113123,-0.002060903873807436
0.2168170780366671,0.06413759941817698,0.06277762540477617,-0.002031915848917046
0.21685338364250045,0.062162892810103725,0.06093763302250482,-0.0020031430939735097
0.2168896892483338,0.05968421083937254,0.05858791949137808,-0.001974600812841232
0.2169259948541671,0.0567217458638877,0.055747897443447485,-0.001946303676480493
0.21696230046000045,0.05329911314000993,0.05244044985735743,-0.0019182647691280436
0.2169986060658338,0.04944319597875947,0.048691780281730844,-0.001890494753408724
0.21703491167166714,0.045183966533710734,0.04453123833592425,-0.0018630014238901378
0.21707121727750045,0.040554283451023895,0.03999112168150827,-0.0018357897397573006
0.2171075228833338,0.03558966779867778,0.03510645584719501,-0.0018088623302796544
0.21714382848916713,0.0303280588680472,0.0299147534690728,-0.0017822203712317265
0.21718013409500045,0.024809551604968488,0.02445575467536252,-0.0017558646557297023
0.2172164397008338,0.019076117577918897,0.01877115049901175,-0.0017297966441248978
0.21725274530666713,0.013171311526571637,0.012904291340936588,-0.0017040192824242313
0.21728905091250045,0.007139965653575186,0.006899882630369342,-0.001678537426109775
0.2173253565183338,0.0010278739248763564,0.0008036699354701768,-0.001653357786514021
0.21736166212416713,-0.00511853127166002,-0.0053378841338476,-0.001628488413752058
0.21739796773000045,-0.011252507693952672,-0.01147792881885245,-0.0016039378239802325
0.2174342733358338,-0.017327334578124576,-0.01756955743794771,-0.0015797139504754687
0.21747057894166713,-0.023296644247667662,-0.023566140452023775,-0.001555823133249049
0.21750688454750045,-0.02911475150511666,-0.029421656864857256,-0.0015322693535855083
0.2175431901533338,-0.0347369783259426,-0.035091021463745806,-0.0015090538698241196
0.21757949575916713,-0.040119971408443256,-0.040530405435334135,-0.001486175329116736
0.21761580136500044,-0.04522201018733737,-0.045697547941354597,-0.0014636303333944885
0.2176521069708338,-0.05000330299212955,-0.05055205630837426,-0.0014414143459287887
0.21768841257666713,-0.0544262691235016,-0.0550556925740377,-0.0014195227562598808
0.21772471818250047,-0.058455804731236835,-0.05917264423898209,-0.0013979518897187517
0.21776102378833379,-0.062059530504572157,-0.06286977719768057,-0.0013766997595761946
0.21779732939416713,-0.06520801932932191,-0.06611686896189195,-0.0013557664125126924
0.21783363500000047,-0.0678750022244137,-0.06888682044596788,-0.0013351538008459084
0.21786994060583378,-0.07003755104227158,-0.07115584475267239,-0.0013148652109467949
0.21790624621166713,-0.07167623660131486,-0.07290363157996198,-0.0012949043670491347
0.21794255181750047,-0.07277526111314227,-0.07411348606181274,-0.001275274395049778
0.21797885742333378,-0.07332256397008491,-0.07477244105802905,-0.0012559768587321253
0.21801516302916712,-0.07330990016900642,-0.07487134211731238,-0.0012370110655882415
0.21805146863500047,-0.07273289086271428,-0.07440490455293833,-0.0012183737842715024
0.21808777424083378,-0.07159104574929318,-0.07337174228936583,-0.0012000594319570138
0.21812407984666712,-0.06988775723022364,-0.0717743683591406,-0.0011820606945600893
0.21816038545250047,-0.06763026648844561,-0.06961916715069805,-0.0011643694552000072
0.21819669105833378,-0.06482960185571449,-0.0669163387272665,-0.0011469778442078262
0.21823299666416712,-0.06150049005285333,-0.06367981575319007,-0.001129879199865696
0.21826930227000046,-0.057661241095046036,-0.05992715377483867,-0.0011130687477070465
0.21830560787583378,-0.053333607855422654,-0.055679395807112245,-0.0010965438637060823
0.21834191348166712,-0.04854262147221149,-0.050960912371706815,-0.0010803038712860786
0.21837821908750046,-0.04331640396611483,-0.0457992183182068,-0.0010643494165684002
0.21841452469333378,-0.03768595960385043,-0.040224767932211775,-0.0010486815515033435
0.21845083029916712,-0.03168494669964734,-0.03427072999471981,-0.001033300713239145
0.21848713590500046,-0.02534943168767514,-0.02797274460261758,-0.0010182058084847259
0.2185234415108338,-0.018717627423839967,-0.021368663690247407,-0.0010033935896885322
0.21855974711666712,-0.011829617784159587,-0.014498277305652101,-0.0009888584501600876
0.21859605272250046,-0.004727070718248036,-0.00740302779140851,-0.0009745926800074923
0.2186323583283338,0.0025470580103339087,-0.00012571409827461322,-0.0009605871312976316
0.21866866393416712,0.009948828110440979,0.00728981148032274,-0.0009468321581211194
0.21870496954000046,0.017433622754198186,0.014798951823993732,-0.0009333186419811425
0.2187412751458338,0.024956458933335236,0.022356676400431694,-0.0009200388962293526
0.21877758075166712,0.03247229784417563,0.029917833226131688,-0.0009069872684001687
0.21881388635750046,0.03993635298543449,0.03743745903523243,-0.00089416032102185
0.2188501919633338,0.047304393692399534,0.04487108535368336,-0.0008815565571857921
0.21888649756916712,0.05453304188842443,0.05217503822886595,-0.0008691757493959728
0.21892280317500046,0.061580059909297595,0.05930672943529609,-0.0008570180102925902
0.2189591087808338,0.06840462734716266,0.06622493706435416,-0.0008450827955692877
0.21899541438666711,0.07496760496732698,0.0728900735092477,-0.0008333680424009072
0.21903171999250046,0.08123178387244517,0.07926443897460048,-0.000821869618469136
0.2190680255983338,0.08716211822303624,0.08531245877205595,-0.0008105811930793101
0.2191043312041671,0.0927259399698159,0.09100090280785537,-0.0007994945559113101
0.21914063681000046,0.09789315421054263,0.0962990858241786,-0.0007886003181343709
0.2191769424158338,0.10263641395055476,0.1011790471217175,-0.0007778888533576664
0.21921324802166714,0.10693127322042442,0.10561570866501728,-0.0007673512877919692
0.21924955362750045,0.11075631768463473,0.10958701065304614,-0.000756980339703725
0.2192858592333338,0.11409327206032767,0.11307402382367168,-0.0007467708394941797
0.21932216483916714,0.11692708385338614,0.11606103795064107,-0.0007367198270513569
0.21935847044500045,0.11924598310881082,0.11853562618367394,-0.0007268262090391245
0.2193947760508338,0.121041518061952,0.12048868507477553,-0.000717090047994815
0.21943108165666714,0.12230856676509964,0.12191445032527,-0.0007075116294111902
0.21946738726250045,0.12304532494870048,0.12281048847677442,-0.0006980904973734213
0.2195036928683338,0.12325327055658611,0.12317766495385687,-0.0006888246549191918
0.21953999847416714,0.12293710556864866,0.12302008904497458,-0.0006797100911004904
0.21957630408000045,0.12210467589104756,0.12234503658006157,-0.0006707407298299545
0.2196126096858338,0.12076687025201208,0.12116285122649728,-0.000661908809678646
0.21964891529166714,0.11893749918944782,0.11948682547889068,-0.0006532056163473971
0.21968522089750045,0.11663315535378962,0.11733306256100857,-0.0006446224182964599
0.2197215265033338,0.11387305647490079,0.11472032058921389,-0.0006361514153711771
0.21975783210916713,0.11067887245444702,0.11166984046502527,-0.0006277865083303876
0.21979413771500045,0.10707453814433593,0.10820515906904603,-0.0006195237342129759
0.2198304433208338,0.10308605345689718,0.10435190941884508,-0.0006113612808082375
0.21986674892666713,0.09874127252299922,0.1001376095288407,-0.0006032990791506516
0.21990305453250047,0.0940696836698962,0.09559144177040559,-0.0005953380585021856
0.2199393601383338,0.08910218203104801,0.09074402457498049,-0.0005874792163681617
0.21997566574416713,0.08387083662535785,0.08562717835178893,-0.0005797226929766829
0.22001197135000047,0.07840865375325867,0.08027368750475938,-0.0005720670379782987
0.2200482769558338,0.07274933855201042,0.07471706043058905,-0.0005645088173824974
0.22008458256166713,0.06692705653272624,0.06899128936176475,-0.0005570426391502341
0.22012088816750047,0.060976196887430265,0.06313061188515948,-0.0005496615906401064
0.2201571937733338,0.05493113930637929,0.057169275919042556,-0.0005423579976058723
0.22019349937916713,0.048826025984578435,0.05114130986959257,-0.0005351243495924755
0.22022980498500047,0.04269454042261447,0.04508029961301511,-0.0005279542034538778
0.22026611059083379,0.036569694541438234,0.03901917386198038,-0.0005208428819080661
0.22030241619666713,0.030483625534455695,0.03298999937624625,-0.0005137878263431124
0.22033872180250047,0.024467403774216512,0.027023787368049636,-0.0005067885337616983
0.22037502740833378,0.01855085297617063,0.021150312334242888,-0.0004998460923485868
0.22041133301416713,0.012762383699504005,0.015397944420402734,-0.0004929624114498608
0.22044763862000047,0.007128841136121094,0.009793496288487358,-0.0004861393032875345
0.22048394422583378,0.001675368004608612,0.004362085320349127,-0.000479377603100908
0.22052024983166713,-0.003574716772285097,-0.000872988154151257,-0.00047267650578713234
0.22055655543750047,-0.00860002306924753,-0.0058903460621949925,-0.0004660332524192225
0.2205928610433338,-0.013381177844374441,-0.010670620832093733,-0.0004594432284722985
0.22062916664916712,-0.017900896457855822,-0.0151965264306462,-0.0004529004518186379
0.22066547225500047,-0.022144036913858786,-0.01945291209526413,-0.00044639834960631306
0.2207017778608338,-0.026097637056134017,-0.0234267988072544,-0.0004399306650088348
0.22073808346666712,-0.029750934884642935,-0.02710739869388445,-0.0004334923092241956
0.22077438907250047,-0.03309537229287465,-0.03048611768324822,-0.0004270799860609424
0.2208106946783338,-0.03612458265242383,-0.033556541866350806,-0.0004206924633805509
0.22084700028416712,-0.03883436279182575,-0.036314408144179036,-0.0004143304378881927
0.22088330589000046,-0.0412226300296603,-0.038757559852845236,-0.00040799602250754595
0.2209196114958338,-0.04328936502668983,-0.04088588816630054,-0.0004016919620005654
0.22095591710166712,-0.045036541317523875,-0.04270126017283167,-0.0003954207371196621
0.22099222270750046,-0.046468042468340416,-0.044207434607909636,-0.0003891837394220539
0.2210285283133338,-0.04758956788297138,-0.04540996630139204,-0.00038298068365339924
0.22106483391916712,-0.048408528344720154,-0.04631610046115217,-0.0003768093755829941
0.22110113952500046,-0.04893393243526932,-0.046934657967597056,-0.0003706658804554451
0.2211374451308338,-0.04917626501471769,-0.04727591289404421,-0.0003645450556866147
0.22117375073666712,-0.04914735897802858,-0.0473514634964748,-0.0003584413376691426
0.22121005634250046,-0.04886026152295998,-0.04717409793281105,-0.00035234962150360694
0.2212463619483338,-0.04832909617297486,-0.046757655976736784,-0.00034626605439245947
0.22128266755416715,-0.047568921795896765,-0.04611688798446367,-0.0003401885818395304
0.22131897316000046,-0.046595589845486736,-0.04526731235512089,-0.0003341171367771918
0.2213552787658338,-0.04542560102907302,-0.04422507269709344,-0.00032805343478880107
0.22139158437166714,-0.04407596257036109,-0.04300679587422803,-0.00032200041876669175
0.22142788997750046,-0.04256404719316709,-0.04162945205802409,-0.00031596146732980617
0.2214641955833338,-0.040907454899711024,-0.04011021785546719,-0.00030993952874769695
0.22150050118916714,-0.039123878557004846,-0.03846634351784268,-0.0003039363564604343
0.22153680679500046,-0.03723097423756279,-0.03671502516454632,-0.00029795200079264816
0.2215731124008338,-0.03524623718698714,-0.03487328287848607,-0.0002919846586720869
0.22160941800666714,-0.03318688421182292,-0.03295784544708024,-0.00028603090995181556
0.22164572361250046,-0.031069743197343003,-0.030985042436058412,-0.0002800862902702519
0.2216820292183338,-0.028911150377555015,-0.028970704193230962,-0.0002741460822703346
0.22171833482416714,-0.026726855889658025,-0.02693007028708061,-0.00026820616322323555
0.22175464043000045,-0.024531938053366394,-0.024877706791403654,-0.0002622637364374834
0.2217909460358338,-0.02234072672289629,-0.02282743273323072,-0.0002563177982862387
0.22182725164166714,-0.02016673596689427,-0.02079225592779859,-0.0002503692471148285
0.22186355724750045,-0.018022606240064708,-0.018784318332301566,-0.0002444206134933191
0.2218998628533338,-0.015920056120573924,-0.016814850960354216,-0.00023847546829135777
0.22193616845916714,-0.013869843600277702,-0.014894138312327299,-0.000232537630210677
0.22197247406500045,-0.011881736831185617,-0.013031492193698774,-0.0002266103345361366
0.2220087796708338,-0.009964494152030781,-0.011235234714953227,-0.00022069553193191838
0.22204508527666714,-0.008125853143981211,-0.009512690192960901,-0.0002147934588454485
0.22208139088250048,-0.00637252839496308,-0.007870185605697152,-0.000208902565199425
0.2221176964883338,-0.004710217588246164,-0.006313059190077267,-0.00020301981204985507
0.22215400209416714,-0.003143615473271197,-0.004845676716958857,-0.000197141276683947
0.22219030770000048,-0.001676435225502741,-0.003471454928307238,-0.0001912629405165662
0.2222266133058338,-0.0003114366576164966,-0.002192891579355256,-0.00018538149867076511
0.22226291891166713,0.0009495392932539551,-0.0010116014934689202,-0.00017949502657481638
0.22229922451750048,0.002105530408086344,7.164199057013968e-05,-0.00017360336882616935
0.2223355301233338,0.003156407987827783,0.0010568608200324807,-0.00016770817270793864
0.22237183572916713,0.004102827260661454,0.0019448219334508203,-0.00016181256134324226
0.22240814133500048,0.0049461740506168495,0.0027369835314732566,-0.00015592051470265513
0.2224444469408338,0.005688508366624772,0.0034354385754572277,-0.0001500360856556135
0.22248075254666713,0.006332505567876973,0.004042856169649706,-0.00014416261106877477
0.22251705815250047,0.006881395751996963,0.004562421470419992,-0.00013830207807502234
0.2225533637583338,0.0073389019974076835,0.004997774747878505,-0.00013245477321774195
0.22258966936416713,0.007709178070781846,0.0053529502017480475,-0.0001266192839816941
0.22262597497000047,0.007996746185008752,0.00563231510501385,-0.00012079285022308062
0.2226622805758338,0.008206435363167319,0.005840509816160643,-0.00011497199191825707
0.22269858618166713,0.008343320930046375,0.005982389164232685,-0.00010915328391038799
0.22273489178750047,0.008412665615309508,0.006062965671071343,-0.00010333411919369139
0.22277119739333381,0.008419862711988434,0.006087355032454843,-9.751330551338086e-05
0.22280750299916713,0.008370381691142209,0.006060724235054656,-9.169137483821178e-05
0.22284380860500047,0.008269716628780602,0.005988242639702859,-8.587054433460167e-05
0.2228801142108338,0.008123337755058557,0.005875036313999984,-8.005433868887923e-05
0.22291641981666713,0.007936646388838621,0.005726145849337465,-7.424695243625285e-05
0.22295272542250047,0.007714933473510969,0.0055464878494996045,-6.845248337997872e-05
0.2229890310283338,0.007463341882960582,0.005340820230661277,-6.267419365074682e-05
0.22302533663416713,0.007186832620260328,0.005113711426295245,-5.6913948435463144e-05
0.22306164224000047,0.006890154986502135,0.004869513545700412,-5.117194540224157e-05
0.2230979478458338,0.006577820753580052,0.0046123394919758455,-4.544678806304195e-05
0.22313425345166712,0.006254082333097453,0.004346044004670751,-3.97358860378285e-05
0.22317055905750047,0.005922914894236492,0.004074208554369915,-3.403609877149579e-05
0.2232068646633338,0.005588002346710626,0.003800129981413687,-2.8344490197859523e-05
0.22324317026916712,0.005252727071086903,0.003526812739039876,-2.2659040027778907e-05
0.22327947587500047,0.004920163248035773,0.0032569645726618973,-1.6979167046983987e-05
0.2233157814808338,0.004593073610618892,0.002992995441904112,-1.130595889026029e-05
0.22335208708666712,0.004273909419690773,0.002737019470493832,-5.642063093895608e-06
0.22338839269250046,0.003964813441954133,0.002490859691204828,8.73658052939024e-09
0.2234246982983338,0.0036676256932130506,0.0022560553387583064,5.6421706417817086e-06
0.22346100390416715,0.003383891695911529,0.0020338714328697527,1.1254227611676515e-05
0.22349730951000046,0.0031148729900859896,0.0018253103863985303,1.6841839222289626e-05
0.2235336151158338,0.0028615596303181805,0.0016311253696892289,2.24033680506112e-05
0.22356992072166715,0.0026246843980339543,0.001451835161533343,2.793879956862029e-05
0.22360622632750046,0.002404738458404469,0.0012877402195413722,3.344960129722331e-05
0.2236425319333338,0.00220198819399128,0.0011389397078879965,3.8938279709518404e-05
0.22367883753916715,0.0020164929529312633,0.0010053492281449047,4.440772685946251e-05
0.22371514314500046,0.0018481234576548451,0.000886719008998993,4.986049097119773e-05
0.2237514487508338,0.0016965806306267124,0.0007826523228077314,5.5298119920280796e-05
0.22378775435666715,0.0015614146061327869,0.000692623910900291,6.072071083856263e-05
0.22382405996250046,0.0014420437114409928,0.0006159982150202842,6.612675635091857e-05
0.2238603655683338,0.0013377732164601844,0.0005520472290510164,7.15133170576416e-05
0.22389667117416714,0.0012478136680329926,0.0004999678028971987,7.687648331209205e-05
0.22393297678000046,0.0011712986429472177,0.0004588982488541236,8.22120306917293e-05
0.2239692823858338,0.0011073017723647975,0.0004279341197207008,8.751613471436048e-05
0.22400558799166714,0.0010548529093839132,0.00040614304706135484,9.278599910100274e-05
0.22404189359750046,0.0010129533306167946,0.0003925785471608145,9.802027035868876e-05
0.2240781992033338,0.0009805898817460406,0.0003862927211264142,0.0001032191557133427
0.22411450480916714,0.0009567479957954505,0.0003863477940709829,0.00010838422230035923
0.22415081041500048,0.0009404235311158911,0.0003918264561682572,0.00011351792052488285
0.2241871160208338,0.0009306333936612744,0.00040184098544168056,0.00011862293037544542
0.22422342162666714,0.0009264249248541528,0.0004155411482739419,0.00012370146489320576
0.22425972723250048,0.0009268840520763283,0.00043212088867464676,0.00012875467287734162
0.2242960328383338,0.0009311422134506029,0.00045082383120207705,0.00013378226180933247
0.22433233844416714,0.0009383820820102377,0.00047094763500649995,0.00013878241637906697
0.22436864405000048,0.000947842126508555,0.0004918472476711172,0.00014375202733116983
0.2244049496558338,0.0009588200569481136,0.0005129371173166855,0.00014868718206878954
0.22444125526166714,0.0009706752123715763,0.0005336924297713417,0.0001535838154592974
0.22447756086750048,0.0009828299565370513,0.0005536494444724687,0.0001584383873119698
0.2245138664733338,0.0009947701537980202,0.0005724050081664602,0.00016324844842403207
0.22455017207916714,0.0010060448028358859,0.0005896153294280452,0.00016801298067904764
0.22458647768500048,0.001016264909879593,0.0006049940995748449,0.00017273244344881262
0.2246227832908338,0.001025101685732478,0.0006183100467637335,0.00017740851882279779
0.22465908889666714,0.0010322841523641101,0.0006293840099979769,0.00018204360960181687
0.22469539450250048,0.0010375962450778276,0.000638085618536914,0.00018664019402351813
0.2247317001083338,0.00104087349540634,0.0006443296598843973,0.0001912001697123326
0.22476800571416714,0.0010419993780004582,0.0006480722162498824,0.00019572432068749353
0.22480431132000048,0.0010409014019501469,0.0006493066452464909,0.0002002120153174385
0.2248406169258338,0.0010375470233100442,0.0006480594757387111,0.000204661195337477
0.22487692253166713,0.0010319394511967093,0.0006443862843069252,0.00020906865632524255
0.22491322813750048,0.0010241134147901166,0.0006383676118855997,0.00021343056060497053
0.22494953374333382,0.0010141309530186536,0.0006301049738840506,0.00021774307653951093
0.22498583934916713,0.0010020772827481644,0.0006197170106365273,0.00022200301307470982
0.22502214495500047,0.0009880567950446876,0.0006073358184693874,0.00022620832020286613
0.22505845056083382,0.0009721892226491072,0.0005931034951270019,0.00023035835417383835
0.22509475616666713,0.0009546060152983058,0.0005771689268651782,0.0002344538548960816
0.22513106177250047,0.0009354469530547818,0.0005596848382912611,0.000238496641994116
0.22516736737833382,0.0009148570214615065,0.0005408051200823055,0.0002424890933222719
0.22520367298416713,0.0008929835662091688,0.0005206824441135313,0.00024643351369616514
0.22523997859000047,0.000869973739167366,0.0004994661703332515,0.0002503315233123765
0.22527628419583381,0.0008459722421575305,0.0004773005449701057,0.0002541835904961086
0.22531258980166713,0.0008211193697897463,0.00045432318538444913,0.00025798880319842076
0.22534889540750047,0.0007955493480925219,0.0004306638430976666,0.00026174492438164193
0.2253852010133338,0.0007693889615664783,0.000406443433260086,0.0002654487182548696
0.22542150661916713,0.0007427564577104282,0.00038177331604963245,0.00026909647917206235
0.22545781222500047,0.0007157607150109175,0.0003567548132205468,0.00027268465411146105
0.2254941178308338,0.0006885006578529714,0.00033147894122822173,0.00027621043126669975
0.22553042343666713,0.0006610648997901447,0.0003060263410202341,0.0002796721750041855
0.22556672904250047,0.0006335315950873899,0.00028046738367779256,0.0002830696195362465
0.2256030346483338,0.0006059684773951283,0.0002548624305851588,0.00028640378342338494
0.22563934025416715,0.0005784330637960011,0.0002292622266635853,0.0002896766241886103
0.22567564586000047,0.0005509730022514873,0.00020370840539576002,0.0002928905051941697
0.2257119514658338,0.000523626540625204,0.00017823408485076158,0.0002960475847406476
0.22574825707166715,0.0004964230959325647,0.00015286453466225312,0.00029914925248589067
0.22578456267750047,0.0004693839032209613,0.00012761789487889522,0.00030219572780627743
0.2258208682833338,0.0004425227244791056,0.00010250592876169453,0.0003051859009393607
0.22585717388916715,0.0004158465991676773,7.75347929156455e-05,0.0003081174476990109
0.22589347949500047,0.0003893566193164176,5.270580958162935e-05,0.00031098719255837927
0.2259297851008338,0.00036304871360755676,2.801622744986923e-05,0.0003137916444149052
0.22596609070666715,0.00033691442642653585,3.4599589607193623e-06,0.0003165275946474801
0.22600239631250046,0.00031094167947548685,-2.097171629386362e-05,0.0003191926551243101
0.2260387019183338,0.0002851155051828038,-4.528949078883615e-05,0.0003217856269077691
0.22607500752416715,0.0002594187427762212,-6.950541796432169e-05,0.00032430662569157923
0.22611131313000046,0.00023383268949302285,-9.363235622992376e-05,0.0003267569401460086
0.2261476187358338,0.0002083377009582968,-0.00011768347191692632,0.000329138654006332
0.22618392434166715,0.00018291373625253644,-0.00014167180350514833,0.0003314541107329049
0.22622022994750046,0.00015754084459833158,-0.00016560988802503368,0.00033370533114759714
0.2262565355533338,0.00013219959191019425,-0.00018950944921644936,0.0003358935032770534
0.22629284115916715,0.0001068714266621612,-0.00021338114583029858,0.00033801864806107446
0.2263291467650005,8.153898562757967e-05,-0.00023723437740217514,0.0003400795279590549
0.2263654523708338,5.618634102944519e-05,-0.0002610771439212671,0.00034207381542945934
0.22640175797666715,3.079919150474241e-05,-0.0002849159550720958,0.00034399848507875384
0.2264380635825005,5.365000030972115e-06,-0.00030875578414767563,0.00034585034785681196
0.2264743691883338,-2.0126917412700004e-05,-0.00033260006132281006,0.0003476266172376072
0.22651067479416714,-4.568534817248695e-05,-0.00035645070073397314,0.0003493253915589794
0.22654698040000049,-7.131717957088027e-05,-0.0003803081557318404,0.00035094595462643906
0.2265832860058338,-9.702743094481636e-05,-0.00040417149674408916,0.00035248883448964663
0.22661959161166714,-0.000122819315973707,-0.00042803850639564156,0.00035395561011933985
0.22665589721750048,-0.0001486943301463335,-0.0004519057868635003,0.0003553485072886152
0.2266922028233338,-0.000174652358264138,-0.00047576887487313537,0.00035666986774734896
0.22672850842916714,-0.00020069179702304532,-0.0004996223602501586,0.0003579216010909492
0.22676481403500048,-0.00022680968794940837,-0.000523460004500574,0.00035910473151146095
0.2268011196408338,-0.0002530018562794906,-0.0005472748564806651,0.00036021913146343487
0.22683742524666714,-0.0002792630517561751,-0.0005710593628097382,0.0003612634954524483
0.22687373085250048,-0.00030558708775995307,-0.0005948054712533543,0.00036223555772010196
0.2269100364583338,-0.0003319669756809084,-0.0006185047258418908,0.00036313250772876664
0.22694634206416714,-0.00035839505196032625,-0.000642148352973242,0.00036395151723616156
0.22698264767000048,-0.0003848630957696698,-0.0006657273381672077,0.00036469027052538674
0.22701895327583382,-0.00041136243583536196,-0.0006892324934850139,0.0003653473894413435
0.22705525888166714,-0.00043788404544437416,-0.0007126545158973455,0.0003659226671116239
0.22709156448750048,-0.0004644186251628837,-0.0007359840370794466,0.00036641706390710325
0.22712787009333382,-0.0004909566732542098,-0.0007592116652373784,0.0003668324680981523
0.22716417569916714,-0.0005174885441806887,-0.0007823280196338226,0.00036717127173051175
0.22720048130500048,-0.0005440044959073605,-0.0008053237584957586,0.00036743584966237176
0.22723678691083382,-0.0005704947269865068,-0.0008281896009623842,0.0003676280488961096
0.22727309251666714,-0.000596949404587718,-0.0008509163436828268,0.00036774879250579687
0.22730939812250048,-0.0006233586847483241,-0.0008734948726122079,0.0003677978783335802
0.22734570372833382,-0.0006497127261572131,-0.0008959161704929292,0.0003677740122806994
0.22738200933416713,-0.000676001698758121,-0.000918171320455159,0.0003676750678092211
0.22741831494000048,-0.0007022157883760416,-0.0009402515061334058,0.00036749851710563117
0.22745462054583382,-0.0007283451984443723,-0.0009621480086789485,0.0003672419446587104
0.22749092615166713,-0.0007543801497540945,-0.0009838522010519816,0.00036690353778472124
0.22752723175750048,-0.0007803108789736194,-0.001005355540001075,0.00036648245408036
0.22756353736333382,-0.0008061276365125224,-0.001026649556176933,0.00036597899163453716
0.22759984296916713,-0.0008318206841366828,-0.0010477258428765123,0.0003653945286579184
0.22763614857500047,-0.0008573802925968475,-0.001068576043965097,0.0003647312465440092
0.22767245418083382,-0.0008827967394152893,-0.0010891918415701209,0.0003639916945313366
0.22770875978666716,-0.0009080603068910028,-0.0011095649441737394,0.00036317828608861745
0.22774506539250047,-0.0009331612803345789,-0.0011296870757446296,0.00036229283044727443
0.22778137099833382,-0.0009580899465282247,-0.0011495499665379163,0.0003613361947702786
0.22781767660416716,-0.0009828365924202081,-0.0011691453461521453,0.00036030816504596967
0.22785398221000047,-0.0010073915040998676,-0.0011884649393627137,0.0003592075326711617
0.22789028781583381,-0.0010317449661511105,-0.0012075004651533386,0.00035803238734665957
0.22792659342166716,-0.001055887261540014,-0.001226243639244515,0.00035678055486444466
0.22796289902750047,-0.001079808672246646,-0.0012446861802760047,0.00035545008918729047
0.2279992046333338,-0.0011034994808941764,-0.001262819819646371,0.00035403971778439
0.22803551023916716,-0.0011269499736527868,-0.0012806363148547247,0.0003525491494913849
0.22807181584500047,-0.0011501504446968724,-0.0012981274660369467,0.0003509791829532692
0.2281081214508338,-0.0011730912024689687,-0.0013152851352494482,0.0003493315949614625
0.22814442705666715,-0.0011957625779527143,-0.0013321012679359773,0.0003476088331822405
0.22818073266250047,-0.0012181549350824513,-0.001348567915923876,0.00034581357761877555
0.2282170382683338,-0.0012402586833234646,-0.0013646772612405554,0.00034394826153809625
0.22825334387416715,-0.0012620642923509044,-0.0013804216400218356,0.000342014650223382
0.22828964948000047,-0.001283562308644834,-0.0013957935658020057,0.0003400135633541801
0.2283259550858338,-0.0013047433737118713,-0.001410785751529562,0.0003379447967871198
0.22836226069166715,-0.0013255982435486724,-0.0014253911297390418,0.000335807258279224
0.22839856629750047,-0.00134611780888631,-0.0014396028704227288,0.00033359928778493923
0.2284348719033338,-0.0013662931157033208,-0.0014534143962793287,0.0003313190953748872
0.22847117750916715,-0.001386115385472829,-0.0014668193951619722,0.00032896522621833645
0.2285074831150005,-0.001405576034617538,-0.0014798118296965215,0.00032653695717624386
0.2285437887208338,-0.0014246666926851141,-0.0014923859441845272,0.0003240345442369675
0.22858009432666715,-0.0014433792188229256,-0.0015045362690351946,0.00032145927114684615
0.2286163999325005,-0.0014617057162206923,-0.0015162576230802098,0.0003188132906542878
0.2286527055383338,-0.0014796385442962425,-0.0015275451142084775,0.0003160992923193866
0.22868901114416715,-0.00149717032851606,-0.001538394138810651,0.00031332006612122125
0.2287253167500005,-0.0015142939678610059,-0.0015488003805436033,0.0003104780519482865
0.2287616223558338,-0.0015310026400609071,-0.0015587598089125154,0.0003075749673150896
0.22879792796166715,-0.0015472898048226671,-0.0015682686781248302,0.0003046115889783093
0.2288342335675005,-0.0015631492053593088,-0.0015773235265995685,0.0003015877320759752
0.2288705391733338,-0.0015785748685874996,-0.0015859211774226266,0.000298502429654643
0.22890684477916715,-0.0015935611043959214,-0.0015940587399301584,0.00029535427439088204
0.2289431503850005,-0.001608102504395409,-0.001601733612485296,0.00029214185136529363
0.2289794559908338,-0.0016221939405449456,-0.0016089434863960168,0.00028886417260024866
0.22901576159666714,-0.0016358305640077821,-0.0016156863508115628,0.00028552102433863436
0.2290520672025005,-0.0016490078045329189,-0.0016219604983385746,0.00028211315653555656
0.2290883728083338,-0.0016617213705836995,-0.0016277645310421578,0.00027864227684146144
0.22912467841416714,-0.0016739672503527,-0.0016330973664462184,0.0002751108516532285
0.22916098402000049,-0.0016857417137160504,-0.0016379582431247253,0.00027152175629303427
0.22919728962583383,-0.0016970413150962417,-0.0016423467254823413,0.00026787784696262435
0.22923359523166714,-0.0017078628971253665,-0.0016462627073584356,0.00026418154261195574
0.22926990083750048,-0.001718203594934799,-0.00164970641415026,0.0002604345021913239
0.22930620644333383,-0.0017280608408459007,-0.0016526784032347007,0.00025663746260237935
0.22934251204916714,-0.0017374323692016557,-0.0016551795625676694,0.0002527902692798055
0.22937881765500048,-0.0017463162210623571,-0.001657211107448925,0.0002488920916554474
0.22941512326083383,-0.0017547107484896492,-0.0016587745755503147,0.0002449417779539485
0.22945142886666714,-0.001762614618161464,-0.0016598718204093163,0.00024093827557356625
0.22948773447250048,-0.0017700268140938705,-0.0016605050036799633,0.00023688103042376513
0.22952404007833382,-0.0017769466392920385,-0.001660676586503229,0.00023277028354961278
0.22956034568416714,-0.001783373716208338,-0.0016603893204035858,0.000228607205025339
0.22959665129000048,-0.0017893079859475525,-0.0016596462381343277,0.00022439383888668384
0.22963295689583382,-0.0017947497062236243,-0.0016584506448799527,0.00022013287178137886
0.22966926250166714,-0.0017996994481355392,-0.0016568061101801938,0.0002158272740381425
0.22970556810750048,-0.001804158091888317,-0.001654716460870054,0.00021147988762627477
0.22974187371333382,-0.0018081268216353075,-0.0016521857752383037,0.00020709304579411307
0.22977817931916714,-0.0018116071196572312,-0.0016492183784998363,0.00020266830203508908
0.22981448492500048,-0.001814600760119351,-0.0016458188395627818,0.0001982063230275486
0.22985079053083382,-0.0018171098026592218,-0.0016419919689577192,0.00019370696616179822
0.22988709613666716,-0.0018191365860528161,-0.0016377428176921533,0.00018916952426393185
0.22992340174250048,-0.0018206837221865259,-0.0016330766767064784,0.00018459308597233723
0.22995970734833382,-0.0018217540905275608,-0.0016279990765446443,0.00017997693689417117
0.22999601295416716,-0.00182235083323747,-0.0016225157868186544,0.00017532091886954008
0.23003231856000048,-0.0018224773510156279,-0.0016166328150437434,0.00017062567388571114
0.23006862416583382,-0.0018221372996950237,-0.0016103564044511326,0.00016589272339728836
0.23010492977166716,-0.0018213345875456224,-0.0016036930304457243,0.00016112436794421252
0.23014123537750047,-0.001820073373175323,-0.0015966493954627113,0.00015632342894277072
0.23017754098333382,-0.0018183580638596343,-0.0015892324220835462,0.0001514928867479947
0.23021384658916716,-0.00181619331408289,-0.0015814492443901335,0.0001466354899730566
0.23025015219500047,-0.0018135840240399077,-0.0015733071976575777,0.00014175341639988977
0.23028645780083382,-0.0018105353378303753,-0.0015648138066010966,0.0001368480546408476
0.23032276340666716,-0.0018070526410807794,-0.001555976772492941,0.00013191995042636286
0.23035906901250047,-0.0018031415577509109,-0.001546803959542564,0.00012696892728850342
0.23039537461833381,-0.0017988079459229957,-0.0015373033809817683,0.00012199435554682603
0.23043168022416716,-0.0017940578924290124,-0.0015274831853122383,0.00011699551325275619
0.23046798583000047,-0.0017888977062420818,-0.001517351643154338,0.00011197196427880735
0.2305042914358338,-0.0017833339106361657,-0.0015069171350846299,0.00010692387575468815
0.23054059704166716,-0.0017773732341990556,-0.001496188140769043,0.00010185221005489824
0.2305769026475005,-0.0017710226008607242,-0.001485173229595175,9.675875274882562e-05
0.2306132082533338,-0.0017642891191665443,-0.001473881052888765,9.164597186214447e-05
0.23064951385916715,-0.0017571800710771512,-0.0014623203376751216,8.651673844769589e-05
0.2306858194650005,-0.0017497029006093236,-0.0014504998818258487,8.137396670956495e-05
0.2307221250708338,-0.001741865202642069,-0.001438428550323986,7.622024801550212e-05
0.23075843067666715,-0.0017336747121976855,-0.0014261152722949875,7.105755385541439e-05
0.2307947362825005,-0.0017251392944694164,-0.0014135690383934901,6.58870681196507e-05
0.2308310418883338,-0.0017162669358077763,-0.0014007988981110029,6.070918210449923e-05
0.23086734749416715,-0.0017070657358008992,-0.0013878139565793352,5.552365202605105e-05
0.2309036531000005,-0.0016975439004960162,-0.0013746233704879306,5.032988548594154e-05
0.2309399587058338,-0.001687709736716189,-0.0013612363428067403,4.5127297122590126e-05
0.23097626431166715,-0.0016775716473360473,-0.0013476621161039733,3.991565992620915e-05
0.2310125699175005,-0.0016671381272998112,-0.001333909964362202,3.469538012709416e-05
0.2310488755233338,-0.0016564177601009857,-0.0013199891833178066,2.9467639779837348e-05
0.23108518112916715,-0.0016454192144012656,-0.0013059090794680232,2.423437872545485e-05
0.2311214867350005,-0.0016341512404501317,-0.0012916789579975121,1.899812077955731e-05
0.2311577923408338,-0.0016226226659780741,-0.0012773081099640164,1.376168091932502e-05
0.23119409794666715,-0.001610842391274808,-0.0012628057991435472,8.527814381907024e-06
0.2312304035525005,-0.0015988193832264927,-0.0012481812489650624,3.298880044760261e-06
0.2312667091583338,-0.0015865626681680009,-0.0012334436299607165,-1.9234130233511396e-06
0.23130301476416715,-0.0015740813235012308,-0.0012186020481210849,-7.1381245474903504e-06
0.2313393203700005,-0.0015613844681306515,-0.0012036655344785105,-1.234504426631224e-05
0.23137562597583383,-0.0015484812518645576,-0.001188643036151413,-1.7544504648254737e-05
0.23141193158166715,-0.0015353808440168493,-0.0011735434089754275,-2.273708478068005e-05
0.2314482371875005,-0.0015220924215123804,-0.0011583754117322187,-2.7923267145456012e-05
0.23148454279333383,-0.0015086251568432933,-0.0011431477018729135,-3.3103118191131013e-05
0.23152084839916715,-0.0014949882062405039,-0.0011278688325292528,-3.8276058175832164e-05
0.2315571540050005,-0.001481190698412136,-0.0011125472505198564,-4.344076691259886e-05
0.23159345961083383,-0.0014672417241601533,-0.001097191294997883,-4.8595243770956354e-05
0.23162976521666714,-0.0014531503271210111,-0.0010818091963543405,-5.3737008454797074e-05
0.23166607082250049,-0.0014389254957912466,-0.0010664090749904185,-5.886340025362421e-05
0.23170237642833383,-0.0014245761569015726,-0.001050998939602084,-6.397191355128815e-05
0.23173868203416714,-0.0014101111701013244,-0.001035586684677935,-6.906050039854644e-05
0.23177498764000048,-0.001395539323817478,-0.0010201800869919571,-7.4127778250545e-05
0.23181129324583383,-0.0013808693320669907,-0.0010047868009696358,-7.917310093237825e-05
0.23184759885166714,-0.0013661098319349692,-0.0009894143529109313,-8.419647932865159e-05
0.23188390445750048,-0.0013512693813895137,-0.0009740701341585312,-8.919836928987679e-05
0.23192021006333383,-0.0013363564570903728,-0.0009587613933962916,-9.417937141938886e-05
0.23195651566916714,-0.0013213794518636577,-0.0009434952283434284,-9.913990519230395e-05
0.23199282127500048,-0.0013063466715573513,-0.0009282785771687922,-0.00010407992467514623
0.23202912688083382,-0.0012912663310583898,-0.0009131182099822209,-0.00010899873406583384
0.23206543248666717,-0.0012761465493359749,-0.000898020720764467,-0.00011389494032027078
0.23210173809250048,-0.0012609953434702852,-0.0008829925200737021,-0.00011876655166832935
0.23213804369833382,-0.001245820621722911,-0.0008680398288174963,-0.00012361120075500014
0.23217434930416717,-0.0012306301757969778,-0.0008531686733087732,-0.00012842644566527788
0.23221065491000048,-0.0012154316725134918,-0.000838384881738458,-0.00013321008640888505
0.23224696051583382,-0.0012002326451895412,-0.0008236940821033399,-0.0001379604317068543
0.23228326612166716,-0.001185040485038989,-0.0008091017015325164,-0.00014267646160508952
0.23231957172750048,-0.001169862432924625,-0.0007946129668670685,-0.0001473578532472012
0.23235587733333382,-0.001154705571772142,-0.000780232906272006,-0.00015200486550650787
0.23239218293916716,-0.0011395768199127642,-0.000765966351602561,-0.00015661810722549915
0.23242848854500048,-0.0011244829255569234,-0.000751817941212519,-0.000161198237563024
0.23246479415083382,-0.001109430462521811,-0.0007377921228825732,-0.00016574566055975207
0.23250109975666716,-0.001094425827247791,-0.0007238931565618031,-0.00017026027677587046
0.23253740536250048,-0.0010794752370500156,-0.0007101251166535512,-0.00017474134267145126
0.23257371096833382,-0.0010645847294694778,-0.0006964918936347118,-0.00017918746588764742
0.23261001657416716,-0.0010497601625188168,-0.0006829971948698639,-0.00018359673644891255
0.23264632218000048,-0.0010350072155678358,-0.000669644544562896,-0.00018796696596851074
0.23268262778583382,-0.0010203313905856044,-0.0006564372828724055,-0.00019229598494405908
0.23271893339166716,-0.0010057380134519387,-0.0006433785642968049,-0.0001965819366555822
0.2327552389975005,-0.0009912322350706688,-0.0006304713555048274,-0.00020082350732906224
0.23279154460333382,-0.0009768190320581292,-0.000617718432841965,-0.00020502004577399333
0.23282785020916716,-0.0009625032068387357,-0.0006051223797795567,-0.00020917154876793563
0.2328641558150005,-0.0009482893870499897,-0.0005926855845884713,-0.00021327851623209506
0.23290046142083382,-0.000934182024235599,-0.0005804102385129722,-0.0002173417069745648
0.23293676702666716,-0.0009201853918811107,-0.0005682983346933248,-0.00022136184598283256
0.2329730726325005,-0.0009063035829153173,-0.0005563516680404639,-0.00022533934381811034
0.23300937823833381,-0.0008925405068572495,-0.0005445718362062611,-0.0002292740857119156
0.23304568384416716,-0.0008788998868285823,-0.0005329602417232645,-0.00023316533319069676
0.2330819894500005,-0.0008653852566720373,-0.0005215180953134897,-0.00023701175758425656
0.2331182950558338,-0.0008519999584168445,-0.0005102464202923523,-0.0002408115975008672
0.23315460066166716,-0.0008387471403132355,-0.0004991460579264486,-0.00024456290691488323
0.2331909062675005,-0.000825629755621563,-0.00048821767354733796,-0.00024826384213044245
0.2332272118733338,-0.0008126505622915981,-0.00047746176318164504,-0.00025191292828640957
0.23326351747916715,-0.0007998121236084423,-0.00046687866043348557,-0.00025550925073549477
0.2332998230850005,-0.0007871168098184247,-0.000456468543349935,-0.00025905253251190904
0.2333361286908338,-0.0007745668006865637,-0.00044623144101420064,-0.00026254308284467796
0.23337243429666715,-0.000762164088881504,-0.0004361672396431592,-0.0002659816283325132
0.2334087399025005,-0.0007499104840384255,-0.0004262756880135788,-0.00026936906246210964
0.23344504550833384,-0.0007378076173183253,-0.00041655640210116974,-0.000272706165690489
0.23348135111416715,-0.0007258569462651387,-0.00040700886888427203,-0.0002759933539750079
0.2335176567200005,-0.0007140597597608979,-0.0003976324493345956,-0.0002792305073368789
0.23355396232583384,-0.0007024171828927752,-0.0003884263806858721,-0.00028241691317082944
0.23359026793166715,-0.0006909301815725145,-0.0003793897781325424,-0.0002855513351172783
0.2336265735375005,-0.0006795995667856295,-0.0003705216361601585,-0.00028863219236652867
0.23366287914333383,-0.0006684259983914361,-0.00036182082974325967,-0.0002916578116252272
0.23369918474916715,-0.0006574099884417878,-0.0003532861156624065,-0.0002946266992818204
0.2337354903550005,-0.0006465519040326416,-0.0003449161341884211,-0.0002975377775280936
0.23377179596083383,-0.0006358519697449363,-0.0003367094113587079,-0.0003003905360271994
0.23380810156666715,-0.000625310269766919,-0.0003286643620293145,-0.0003031850684673373
0.2338444071725005,-0.0006149267498169093,-0.0003207792938300257,-0.00030592198727713495
0.23388071277833383,-0.0006047012190022464,-0.00031305241208239715,-0.00030860223492891296
0.23391701838416715,-0.0005946333517563342,-0.00030548182566730045,-0.0003112268314304088
0.2339533239900005,-0.0005847226899915451,-0.00029806555375494703,-0.0003137966104712859
0.23398962959583383,-0.0005749686455921761,-0.0002908015332423019,-0.0003163119986572609
0.23402593520166715,-0.0005653705033501081,-0.00028368762668581665,-0.0003187728830047033
0.2340622408075005,-0.0005559274244180681,-0.0002767216304762506,-0.0003211785933694462
0.23409854641333383,-0.0005466384503234529,-0.00026990128298057546,-0.0003235280026213559
0.23413485201916714,-0.0005375025075515976,-0.00026322427237561224,-0.00032581972310395213
0.2341711576250005,-0.0005285184126732177,-0.00025668824391943313,-0.0003280523582381583
0.23420746323083383,-0.0005196848779584379,-0.00025029080644816716,-0.00033022475706171746
0.23424376883666717,-0.0005110005173910937,-0.0002440295379444441,-0.00033233621925897694
0.23428007444250049,-0.0005024638529733938,-0.00023790199009458463,-0.0003343866088010868
0.23431638004833383,-0.0004940733211938309,-0.0002319056918289855,-0.0003363763534310313
0.23435268565416717,-0.0004858272795214253,-0.00022603815191754565,-0.0003383063308935076
0.23438899126000048,-0.00047772401278765614,-0.0002202968607629745,-0.00034017766611997075
0.23442529686583383,-0.00046976173932406894,-0.00021467929159348987,-0.00034199148173606883
0.23446160247166717,-0.00046193861673844033,-0.0002091829012978732,-0.0003437486535600432
0.23449790807750048,-0.0004542527472349358,-0.0002038051311667225,-0.0003454496213549562
0.23453421368333383,-0.000446702182412834,-0.00019854340780243112,-0.000347094293352067
0.23457051928916717,-0.0004392849275125139,-0.00019339514443724083,-0.0003486820634716439
0.23460682489500048,-0.0004319989451144459,-0.0001883577428558559,-0.0003502119368232575
0.23464313050083382,-0.0004248421583344376,-0.00018342859606038713,-0.0003516827368058097
0.23467943610666717,-0.00041781245359365715,-0.00017860509174591764,-0.0003530933505256714
0.23471574171250048,-0.0004109076830722246,-0.00017388461658063872,-0.000354442961687416
0.23475204731833382,-0.0004041256669778256,-0.00016926456121144125,-0.0003557312230771764
0.23478835292416717,-0.00039746419577367276,-0.00016474232584993598,-0.0003569583335647913
0.23482465853000048,-0.0003909210325116896,-0.00016031532624021858,-0.00035812500448633556
0.23486096413583382,-0.0003844939154063305,-0.00015598099977223674,-0.0003592323231729385
0.23489726974166716,-0.00037818056076230756,-0.00015173681148588231,-0.0003602815425233587
0.2349335753475005,-0.00037197866633702264,-0.00014758025971189673,-0.00036127384053513125
0.23496988095333382,-0.00036588591517806884,-0.0001435088811157937,-0.00036221009956276316
0.23500618655916716,-0.00035989997993095415,-0.0001395202549483271,-0.00036309075062304516
0.2350424921650005,-0.00035401852756598124,-0.0001356120063574714,-0.00036391571431054314
0.23507879777083382,-0.00034823922442999626,-0.0001317818086784846,-0.0003646844497257327
0.23511510337666716,-0.00034255974149235735,-0.0001280273846858998,-0.00036539610045787627
0.2351514089825005,-0.0003369777596283146,-0.00012434650685953048,-0.00036604970673117534
0.23518771458833382,-0.0003314909747695079,-0.00012073699678112967,-0.00036664443940835503
0.23522402019416716,-0.0003260971027518276,-0.00011719672383487461,-0.00036717980736896636
0.2352603258000005,-0.0003207938837055091,-0.00011372360342953888,-0.0003676557956339958
0.23529663140583382,-0.00031557908585982925,-0.00011031559498991945,-0.0003680729062131125
0.23533293701166716,-0.0003104505086727341,-0.0001069706999774999,-0.00036843209392995634
0.2353692426175005,-0.0003054059852408272,-0.00010368696019409757,-0.00036873461121007616
0.23540554822333382,-0.0003004433839934552,-0.00010046245659708901,-0.00036898179450259435
0.23544185382916716,-0.00029556060972201555,-9.729530881164297e-05,-0.0003691748368173888
0.2354781594350005,-0.00029075560403814054,-9.418367546638491e-05,-0.000369314593407266
0.23551446504083381,-0.00028602634538871545,-9.112575540752837e-05,-0.0003694014604497859
0.23555077064666716,-0.00028137084877923507,-8.811978976741962e-05,-0.00036943535123551896
0.2355870762525005,-0.0002767871653682968,-8.516406478239076e-05,-0.00036941577407302866
0.23562338185833384,-0.00027227338209465557,-8.225691517829249e-05,-0.00036934199509828565
0.23565968746416716,-0.0002678276214848498,-7.93967278768738e-05,-0.00036921325177001317
0.2356959930700005,-0.0002634480417654494,-7.658194572881842e-05,-0.0003690289726084468
0.23573229867583384,-0.00025913283737163533,-7.381107095534364e-05,-0.0003687889577522132
0.23576860428166715,-0.0002548802399056724,-7.108266798381801e-05,-0.00036849348330460094
0.2358049098875005,-0.0002506885195576199,-6.839536539564375e-05,-0.0003681433084185926
0.23584121549333384,-0.0002465559869590448,-6.574785676576849e-05,-0.0003677395842803768
0.23587752109916715,-0.00024248099540108347,-6.313890025880563e-05,-0.00036728368439473125
0.2359138267050005,-0.00023846194331320024,-6.0567316950170466e-05,-0.00036677699167627417
0.23595013231083384,-0.00023449727687037964,-5.803198795276242e-05,-0.00036622068651565146
0.23598643791666715,-0.00023058549257594678,-5.553185053975557e-05,-0.00036561557948376383
0.2360227435225005,-0.0002267251396561387,-5.3065893550584396e-05,-0.00036496202282869416
0.23605904912833384,-0.0002229148221020664,-5.0633152439430675e-05,-0.0003642599184335577
0.23609535473416715,-0.0002191532002055792,-4.8232704364535565e-05,-0.0003635088198887978
0.2361316603400005,-0.0002154389914580824,-4.586366371667189e-05,-0.000362708106942766
0.23616796594583384,-0.00021177097071525805,-4.352517844430755e-05,-0.0003618571958248121
0.23620427155166715,-0.00020814796957479358,-4.1216427454056194e-05,-0.0003609557417993193
0.2362405771575005,-0.0002045688749665709,-3.893661925509606e-05,-0.00036000379222475885
0.23627688276333383,-0.00020103262701220116,-3.668499188637379e-05,-0.00035900185889919803
0.23631318836916718,-0.0001975382162691667,-3.446081402939982e-05,-0.0003579508953438655
0.2363494939750005,-0.0001940846805291778,-3.2263387082327406e-05,-0.0003568521843836633
0.23638579958083383,-0.00019067110138519866,-3.009204786729499e-05,-0.0003557071598420811
0.23642210518666718,-0.0001872966008115158,-2.794617157486958e-05,-0.0003545171995788659
0.2364584107925005,-0.00018396033801145432,-2.5825174525096988e-05,-0.00035328343273180294
0.23649471639833383,-0.0001806615067745123,-2.3728516347301054e-05,-0.00035200660077334294
0.23653102200416717,-0.00017739933354741317,-2.1655701247914268e-05,-0.00035068700059390776
0.2365673276100005,-0.00017417307636302976,-1.9606278139356285e-05,-0.0003493245206880645
0.23660363321583383,-0.00017098202469123606,-1.7579839530846543e-05,-0.00034791876222543664
0.23663993882166717,-0.00016782550018311032,-1.5576019218564783e-05,-0.00034646921933298674
0.2366762444275005,-0.00016470285818339855,-1.3594488941230162e-05,-0.0003449754808884836
0.23671255003333383,-0.0001616134897960307,-1.1634954272530368e-05,-0.0003434374119694723
0.23674885563916717,-0.00015855682421435862,-9.697150091616474e-06,-0.00034185527761828807
0.23678516124500049,-0.0001555323309812805,-7.780835999592505e-06,-0.0003402297837759884
0.23682146685083383,-0.00015253952183187148,-5.885792031858594e-06,-0.000338562027533234
0.23685777245666717,-0.0001495779517964653,-4.011814957577345e-06,-0.00033685336763573747
0.23689407806250048,-0.0001466472193049879,-2.1587153680137355e-06,-0.0003351052425748125
0.23693038366833383,-0.00014374696512881692,-3.2631564854427326e-07,-0.00033331897422148173
0.23696668927416717,-0.00014087687011528994,1.4855511798493405e-06,-0.00033149559767186486
0.23700299488000048,-0.00013803665179948417,3.277041859743296e-06,-0.00032963575225930866
0.23703930048583383,-0.00013522606010321956,5.048302717696304e-06,-0.0003277396557950872
0.23707560609166717,-0.00013244487243723718,6.799469123449316e-06,-0.0003258071667392356
0.2371119116975005,-0.00012969288859561754,8.530664806259333e-06,-0.0003238379207944458
0.23714821730333382,-0.0001269699258616303,1.0242001214828178e-05,-0.0003218315131270172
0.23718452290916717,-0.00012427581472620693,1.1933577051140365e-05,-0.00031978768818812767
0.2372208285150005,-0.000121610395554845,1.3605478040305741e-05,-0.00031770649780116244
0.23725713412083382,-0.00011897351643279147,1.5257776931962765e-05,-0.0003155883950116088
0.23729343972666717,-0.0001163650322840367,1.6890533676869768e-05,-0.0003134342446972923
0.2373297453325005,-0.00011378480521321542,1.8503795694822214e-05,-0.00031124524927267556
0.23736605093833382,-0.00011123270587916805,2.009759815191252e-05,-0.0003090228053830228
0.23740235654416716,-0.00010870861559247674,2.1671964195438158e-05,-0.0003067683216420092
0.2374386621500005,-0.00010621242875173685,2.322690514664193e-05,-0.00030448303531766007
0.23747496775583382,-0.00010374405520469633,2.476242071331447e-05,-0.00030216786583702035
0.23751127336166716,-0.00010130342214429871,2.6278499341656103e-05,-0.0002998233351204294
0.2375475789675005,-9.889047522264343e-05,2.7775118864993895e-05,-0.00029744957074873254
0.23758388457333382,-9.650517867776995e-05,2.9252247613831864e-05,-0.0002950463907469751
0.23762019017916716,-9.41475144034485e-05,3.070984612017379e-05,-0.0002926134519155039
0.2376564957850005,-9.181748003205189e-05,3.214786947882195e-05,-0.00029015043063308424
0.23769280139083382,-8.951508622574731e-05,3.356627032666278e-05,-0.00028765719855742595
0.23772910699666716,-8.724035346456163e-05,3.496500228198062e-05,-0.00028513395695473157
0.2377654126025005,-8.49933086689614e-05,3.6344023568852066e-05,-0.0002825813021785068
0.23780171820833385,-8.277398199368147e-05,3.770330045810255e-05,-0.0002800002092223379
0.23783802381416716,-8.058240408036765e-05,3.9042810106232296e-05,-0.0002773919372777402
0.2378743294200005,-7.84186039681799e-05,4.036254238224159e-05,-0.00027475787730579077
0.23791063502583384,-7.628260774876302e-05,4.16625003464344e-05,-0.0002720993734655214
0.23794694063166716,-7.417443793348106e-05,4.2942699181992146e-05,-0.00026941755541786197
0.2379832462375005,-7.209411339579414e-05,4.420316356572311e-05,-0.00026671321601840755
0.23801955184333384,-7.004164967702281e-05,4.544392367583515e-05,-0.00026398675929650844
0.23805585744916716,-6.801705941126204e-05,4.666501024221165e-05,-0.00026123822892816577
0.2380921630550005,-6.602035263950655e-05,4.786644921643593e-05,-0.00025846741071612275
0.23812846866083384,-6.40515368407619e-05,4.9048256745122804e-05,-0.0002556739873551575
0.23816477426666716,-6.211061659807583e-05,5.021043514875337e-05,-0.00025285771312108984
0.2382010798725005,-6.0197592923162865e-05,5.1352970528419646e-05,-0.0002500185722440045
0.23823738547833384,-5.8312462364572566e-05,5.247583244799931e-05,-0.0002471568883629154
0.23827369108416716,-5.645521610132791e-05,5.357897588730368e-05,-0.0002442733628056532
0.2383099966900005,-5.4625839260458655e-05,5.4662345363685e-05,-0.00024136903430827222
0.23834630229583384,-5.282431068336987e-05,5.572588081565421e-05,-0.00023844516907731535
0.23838260790166715,-5.10506033016777e-05,5.67695245761316e-05,-0.00023550310442908894
0.2384189135075005,-4.930468517646771e-05,5.779322857614716e-05,-0.00023254407866449376
0.23845521911333384,-4.758652112269541e-05,5.8796960844044896e-05,-0.00022956908244270327
0.23849152471916718,-4.589607470540311e-05,5.978071041782831e-05,-0.00022657876221214029
0.2385278303250005,-4.4233310281674826e-05,6.074448996841335e-05,-0.00022357339526748993
0.23856413593083384,-4.259819469504144e-05,6.168833571942005e-05,-0.00022055294104388997
0.23860044153666718,-4.099069822460118e-05,6.261230460788048e-05,-0.000217517157455188
0.2386367471425005,-3.941079445720036e-05,6.351646901066133e-05,-0.00021446575770676146
0.23867305274833384,-3.785845888385931e-05,6.440090970876976e-05,-0.00021139857481447698
0.23870935835416718,-3.6333666205659086e-05,6.526570802382027e-05,-0.00020831569969964934
0.2387456639600005,-3.4836386543832814e-05,6.611093819612761e-05,-0.00020521756443944592
0.23878196956583383,-3.3366580951506376e-05,6.693666105784826e-05,-0.00020210495380290584
0.23881827517166718,-3.192419678629188e-05,6.774291988480153e-05,-0.00019897894316463506
0.2388545807775005,-3.0509163593341546e-05,6.852973900761779e-05,-0.0001958407761423164
0.23889088638333383,-2.9121390146086557e-05,6.929712536808868e-05,-0.00019269170769227345
0.23892719198916718,-2.7760763188455787e-05,7.004507277674826e-05,-0.00018953284537564453
0.2389634975950005,-2.6427148225156087e-05,7.077356822667935e-05,-0.0001863650216688507
0.23899980320083383,-2.512039243838738e-05,7.148259930779524e-05,-0.0001831887235484544
0.23903610880666717,-2.3840329505977346e-05,7.21721615948862e-05,-0.0001800040935524177
0.2390724144125005,-2.2586785801434444e-05,7.284226488097137e-05,-0.0001768110016319005
0.23910872001833383,-2.1359587216781277e-05,7.349293729906651e-05,-0.00017360917245961893
0.23914502562416717,-2.0158565704931767e-05,7.412422669767422e-05,-0.0001703983414817223
0.23918133123000052,-1.8983564618495253e-05,7.473619906129273e-05,-0.00016717840722299556
0.23921763683583383,-1.7834442037621132e-05,7.532893423261112e-05,-0.00016394954833839914
0.23925394244166717,-1.671107152206664e-05,7.59025196253896e-05,-0.0001607122813996945
0.23929024804750051,-1.5613340063261487e-05,7.645704294704837e-05,-0.00015746744782068058
0.23932655365333383,-1.454114340517629e-05,7.69925851226787e-05,-0.00015421613305779418
0.23936285925916717,-1.3494379292030728e-05,7.750921459595192e-05,-0.00015095953521146723
0.2393991648650005,-1.247293952750304e-05,7.800698397489154e-05,-0.00014769881050890102
0.23943547047083383,-1.1476701941733874e-05,7.848592961993667e-05,-0.00014443492775271667
0.23947177607666717,-1.0505523421513198e-05,7.894607429351627e-05,-0.000141168561757905
0.2395080816825005,-9.559235049475085e-06,7.93874324789774e-05,-0.00013790004754215946
0.23954438728833383,-8.637640128757815e-06,7.981001751451096e-05,-0.00013462940433092778
0.23958069289416717,-7.740515474098114e-06,8.021384935189113e-05,-0.0001313564239453519
0.2396169985000005,-6.86761588319498e-06,8.059896159979883e-05,-0.00012808080486809303
0.23965330410583383,-6.018681231204794e-06,8.096540657861043e-05,-0.0001248023039658209
0.23968960971166717,-5.19344522765765e-06,8.131325739502603e-05,-0.00012152087438803602
0.2397259153175005,-4.391644602718291e-06,8.164260650301897e-05,-0.00011823676123575891
0.23976222092333382,-3.6130273947208217e-06,8.195356078432328e-05,-0.00011495053552043648
0.23979852652916717,-2.8573591139282157e-06,8.224623376866252e-05,-0.0001116630598270366
0.2398348321350005,-2.124425849393441e-06,8.252073612590649e-05,-0.00010837539326178404
0.23987113774083385,-1.4140338280054384e-06,8.277716591233056e-05,-0.00010508865576535144
0.23990744334666717,-7.260054640316119e-07,8.301560017682534e-05,-0.00010180388013225285
0.2399437489525005,-6.017247475766842e-08,8.323608939993121e-05,-9.85218824172155e-05
0.23998005455833385,5.836328997387427e-07,8.343865585888628e-05,-9.524317738623032e-05
0.24001636016416716,1.2055872211026507e-06,8.362329643572016e-05,-9.196795616022417e-05
0.2400526657700005,1.8058842585237317e-06,8.378998969688507e-05,-8.869613020860558e-05
0.24008897137583385,2.384741126971284e-06,8.393870637776724e-05,-8.542743209066893e-05
0.24012527698166716,2.942401137259145e-06,8.406942181499721e-05,-8.216155166785045e-05
0.2401615825875005,3.479132834582164e-06,8.418212848301195e-05,-7.889827932107011e-05
0.24019788819333385,3.995225294919638e-06,8.427684667955698e-05,-7.563762646182344e-05
0.24023419379916716,4.490980346161213e-06,8.435363159753527e-05,-7.237989854008396e-05
0.2402704994050005,4.966702888496967e-06,8.441257550027189e-05,-6.912570576652785e-05
0.24030680501083385,5.422690823242501e-06,8.445380441996747e-05,-6.587590977252377e-05
0.24034311061666716,5.859226202358134e-06,8.447746962302092e-05,-6.2631517715095e-05
0.2403794162225005,6.2765690589236974e-06,8.448373490602957e-05,-5.939354614282664e-05
0.24041572182833384,6.674954988072855e-06,8.447276147352763e-05,-5.616288305069465e-05
0.24045202743416716,7.054596973319927e-06,8.44446925900516e-05,-5.294017673282833e-05
0.2404883330400005,7.41569128094028e-06,8.439964031681433e-05,-4.9725774294639374e-05
0.24052463864583384,7.758426579677824e-06,8.43376764073333e-05,-4.651972223977604e-05
0.24056094425166716,8.082994891522601e-06,8.425882887167254e-05,-4.332182859818261e-05
0.2405972498575005,8.38960263396048e-06,8.41630849029185e-05,-4.013177330834112e-05
0.24063355546333384,8.67847993736346e-06,8.40503999114705e-05,-3.6949243650382484e-05
0.24066986106916718,8.949886634551697e-06,8.392071147640929e-05,-3.3774066483108114e-05
0.2407061666750005,9.204113798736881e-06,8.377395624472195e-05,-3.060630988035916e-05
0.24074247228083384,9.441480383328844e-06,8.361008731396959e-05,-2.7446333278054627e-05
0.24077877788666718,9.662325290656646e-06,8.342908950648991e-05,-2.4294776046167345e-05
0.2408150834925005,9.866995945801724e-06,8.32309902123078e-05,-2.1152487224378203e-05
0.24085138909833384,1.0055835055519227e-05,8.301586411090577e-05,-1.8020411336414495e-05
0.24088769470416718,1.0229167588834506e-05,8.278383098824837e-05,-1.4899454207784737e-05
0.2409240003100005,1.0387290059641711e-05,8.253504690928643e-05,-1.179035670843292e-05
0.24096030591583384,1.053046390462693e-05,8.226969002729272e-05,-8.693602529533108e-06
0.24099661152166718,1.0658914166499695e-05,8.198794314971894e-05,-5.609378894318927e-06
0.2410329171275005,1.0772833895759673e-05,8.168997570135106e-05,-2.5375980238011646e-06
0.24106922273333384,1.0872393793792998e-05,8.137592784242125e-05,5.220254514593961e-07
0.24110552833916718,1.0957755774599383e-05,8.104589918737051e-05,3.569857497224681e-06
0.2411418339450005,1.1029088457825343e-05,8.069994387198011e-05,6.606212556706593e-06
0.24117813955083384,1.1086582233455859e-05,8.033807273738209e-05,9.631233743337307e-06
0.24121444515666718,1.1130461526870278e-05,7.996026229017684e-05,1.2644810060922252e-05
0.2412507507625005,1.1160992255067394e-05,7.956646903273698e-05,1.5646547546560564e-05
0.24128705636833384,1.1178483154713637e-05,7.91566469065399e-05,1.863579996360214e-05
0.24132336197416718,1.1183280580791441e-05,7.873076509208948e-05,2.161175231132547e-05
0.24135966758000052,1.1175757382378804e-05,7.828882334527264e-05,2.457353953130263e-05
0.24139597318583383,1.115629740266303e-05,7.783086243668933e-05,2.7520375622102443e-05
0.24143227879166718,1.1125277873205358e-05,7.73569680401805e-05,3.0451666384042853e-05
0.24146858439750052,1.1083052357765896e-05,7.686726746792801e-05,3.3367082582263396e-05
0.24150489000333383,1.1029936879175438e-05,7.636191980514403e-05,3.626657866443201e-05
0.24154119560916718,1.0966201427186093e-05,7.584110107146003e-05,3.9150353538777886e-05
0.24157750121500052,1.0892068254873184e-05,7.530498685346633e-05,4.2018761934540956e-05
0.24161380682083383,1.0807717342699994e-05,7.475373527773751e-05,4.487219503765376e-05
0.24165011242666717,1.0713298300051383e-05,7.418747315259555e-05,4.7710955325530145e-05
0.24168641803250052,1.0608946957551528e-05,7.360628760141755e-05,5.05351515520801e-05
0.24172272363833383,1.0494804142501593e-05,7.301022461806637e-05,5.334463547963061e-05
0.24175902924416717,1.0371033749785347e-05,7.239929483800417e-05,5.613899315644698e-05
0.24179533485000052,1.023783728897441e-05,7.177348562093679e-05,5.891759214949473e-05
0.24183164045583383,1.0095462602377582e-05,7.113277747905452e-05,6.167967453898079e-05
0.24186794606166717,9.94420533454225e-06,7.047716213610272e-05,6.442447606968602e-05
0.24190425166750051,9.784402856625393e-06,6.980665919462495e-05,6.715134656972354e-05
0.24194055727333383,9.616421534181385e-06,6.912132857889115e-05,6.985984665763545e-05
0.24197686287916717,9.440639286341552e-06,6.84212765849761e-05,7.254980084756883e-05
0.2420131684850005,9.257426147137709e-06,6.770665440424208e-05,7.522129634032853e-05
0.24204947409083385,9.067125879696269e-06,6.697764922624154e-05,7.78746281256148e-05
0.24208577969666717,8.870041550964394e-06,6.623446926942534e-05,8.05102021529295e-05
0.2421220853025005,8.66642736506172e-06,6.547732512702504e-05,8.312841694867054e-05
0.24215839090833385,8.456488069218452e-06,6.470641047547592e-05,8.57295483938214e-05
0.24219469651416717,8.2403860412825e-06,6.392188535810809e-05,8.831366155885893e-05
0.2422310021200005,8.018254933568276e-06,6.31238648919655e-05,9.088056772292341e-05
0.24226730772583385,7.790217683422106e-06,6.231241540216186e-05,9.342983521126304e-05
0.24230361333166717,7.556405980572604e-06,6.148755879787988e-05,9.596085146109686e-05
0.2423399189375005,7.316978025919419e-06,6.06492846582237e-05,9.847292311022461e-05
0.24237622454333385,7.0721316727388975e-06,5.979756821468669e-05,0.00010096539309298257
0.24241253014916717,6.822110773499915e-06,5.893239141280874e-05,0.00010343775032680335
0.2424488357550005,6.567203649662842e-06,5.8053763678871634e-05,0.00010588970925776514
0.24248514136083385,6.307733883447257e-06,5.71617390069651e-05,0.00010832124292414377
0.24252144696666716,6.0440448921319684e-06,5.6256426527309624e-05,0.00011073256293869645
0.2425577525725005,5.776480780097837e-06,5.533799273639918e-05,0.00011312405084223699
0.24259405817833385,5.505366599154269e-06,5.4406654901855206e-05,0.00011549615534293987
0.24263036378416716,5.2309912746267585e-06,5.346266658454451e-05,0.00011784927694708331
0.2426666693900005,4.9535960462880214e-06,5.2506297513333504e-05,0.00012018366397644251
0.24270297499583385,4.673370390290817e-06,5.153781098940176e-05,0.00012249934146632652
0.2427392806016672,4.3904561705760575e-06,5.0557442428472504e-05,0.00012479608749516908
0.2427755862075005,4.104959412594631e-06,4.956538249441174e-05,0.00012707346157810002
0.24281189181333385,3.816967820772191e-06,4.8561767556414204e-05,0.00012933087893743275
0.2428481974191672,3.526571185168918e-06,4.7546679028421803e-05,0.00013156771499100056
0.2428845030250005,3.2338813074126636e-06,4.652015171350091e-05,0.00013378341823012347
0.24292080863083385,2.9390481123868626e-06,4.5482189812771135e-05,0.00013597760805133732
0.2429571142366672,2.642269201388433e-06,4.443278800964729e-05,0.0001381501373651567
0.2429934198425005,2.3437911540506164e-06,4.337195421330045e-05,0.00014030110722560192
0.24302972544833384,2.043902231968093e-06,4.229973027921028e-05,0.00014243083074226798
0.2430660310541672,1.7429175574334462e-06,4.121620736570614e-05,0.00014453975405986057
0.2431023366600005,1.441159101503618e-06,4.012153347864124e-05,0.0001466283510342
0.24313864226583384,1.138933705742087e-06,3.901591205434855e-05,0.00014869701357622222
0.24317494787166719,8.365127292443228e-07,3.789959191782048e-05,0.00015074596039127192
0.2432112534775005,5.341166896691685e-07,3.677285038004708e-05,0.00015277518288240495
0.24324755908333384,2.31907483869877e-07,3.563597236613267e-05,0.00015478443916400395
0.24328386468916718,-7.001044630961444e-08,3.448922910428161e-05,0.00015677329709188223
0.2433201702950005,-3.715800970167224e-07,3.333285994714452e-05,0.00015874121705364484
0.24335647590083384,-6.727745875689926e-07,3.216706033433156e-05,0.00016068765708585043
0.24339278150666718,-9.73575318489213e-07,3.099197783374928e-05,0.000162612178374899
0.2434290871125005,-1.2739491435375558e-06,2.980771680238033e-05,0.0001645145292677736
0.24346539271833384,-1.5738282883081163e-06,2.861435072309e-05,0.0001663946905227168
0.24350169832416718,-1.873096323162872e-06,2.7411939957674997e-05,0.00016825287268444245
0.24353800393000052,-2.171582522465064e-06,2.6200551734525624e-05,0.00017008946645934267
0.24357430953583384,-2.4690655729981032e-06,2.4980278821815454e-05,0.00017190495670922563
0.24361061514166718,-2.765286056960409e-06,2.3751253588909572e-05,0.00017369981815800947
0.24364692074750052,-3.0599656839503427e-06,2.2513654987615617e-05,0.00017547441457829867
0.24368322635333384,-3.3528301244725583e-06,2.1267707248419533e-05,0.00017722892235649517
0.24371953195916718,-3.643631694081056e-06,2.0013670565752864e-05,0.000178963294135432
0.24375583756500052,-3.932168156189836e-06,1.8751825482197047e-05,0.00018067726980922584
0.24379214317083384,-4.218294552955062e-06,1.748245382127358e-05,0.0001823704322650196
0.24382844877666718,-4.501926132938012e-06,1.6205819658572703e-05,0.00018404229599038477
0.24386475438250052,-4.7830319290771154e-06,1.4922153843545337e-05,0.00018569240991495842
0.24390105998833383,-5.0616201023052176e-06,1.3631644978691495e-05,0.00018732045301581235
0.24393736559416718,-5.337717541909644e-06,1.2334438628958014e-05,0.0001889263028531447
0.24397367120000052,-5.611347170356342e-06,1.1030645066184284e-05,0.00019051006294861856
0.24400997680583383,-5.882506774426942e-06,9.720354307369503e-06,0.00019207204355493977
0.24404628241166718,-6.151152910827875e-06,8.40365585501146e-06,0.0001936127000813811
0.24408258801750052,-6.417192557512313e-06,7.0806596363020676e-06,0.00019513254221207633
0.24411889362333383,-6.6804838495424035e-06,5.751514335686967e-06,0.0001966320327663622
0.24415519922916717,-6.940845676841335e-06,4.41641968780562e-06,0.00019811149737136314
0.24419150483500052,-7.198074397621366e-06,3.0756302928330315e-06,0.00019957106365047552
0.24422781044083386,-7.45196469768954e-06,1.729449970606294e-06,0.00020101064239462553
0.24426411604666717,-7.702330914310822e-06,3.782173362335601e-07,0.00020242995439368353
0.24430042165250052,-7.949025069026451e-06,-9.777151317050447e-07,0.0002038285971028466
0.24433672725833386,-8.19194843271348e-06,-2.3380050310245106e-06,0.00020520613707995203
0.24437303286416717,-8.43105458117276e-06,-3.702342841535596e-06,0.00020656220885742892
0.24440933847000051,-8.66634339633013e-06,-5.070469523522287e-06,0.00020789659968407755
0.24444564407583386,-8.89784706787157e-06,-6.442185623320943e-06,0.00020920930261863726
0.24448194968166717,-9.125610573676333e-06,-7.817349984510323e-06,0.00021050052712207079
0.2445182552875005,-9.349670113662966e-06,-9.195867917196578e-06,0.00021177066517452209
0.24455456089333386,-9.570033361585208e-06,-1.0577670504399365e-05,0.0002130202201806326
0.24459086649916717,-9.786665108000199e-06,-1.1962688307208229e-05,0.0002142497136044239
0.2446271721050005,-9.999480938674055e-06,-1.3350823788242426e-05,0.0002154595888084144
0.24466347771083385,-1.0208350182119888e-05,-1.4741927110177632e-05,0.0002166501320389009
0.24469978331666717,-1.041310771050261e-05,-1.6135779507780024e-05,0.00021782142682743924
0.2447360889225005,-1.0613572577970536e-05,-1.7532087239488976e-05,0.00021897335105378158
0.24477239452833385,-1.0809570213432552e-05,-1.8930487388061544e-05,0.00022010561701515154
0.24480870013416717,-1.1000954180610145e-05,-2.0330564787152813e-05,0.00022121784592835577
0.2448450057400005,-1.1187623511314604e-05,-2.1731877440034028e-05,0.0002223096612050347
0.24488131134583385,-1.1369532322372918e-05,-2.3133986298476756e-05,0.00022338078104525063
0.2449176169516672,-1.1546689731545994e-05,-2.453648444977229e-05,0.00022443109115783826
0.2449539225575005,-1.1719149774532216e-05,-2.5939020771445707e-05,0.00022546068265802993
0.24499022816333385,-1.1886992803765291e-05,-2.7341313969333088e-05,0.00022646984750924275
0.2450265337691672,-1.2050301408379653e-05,-2.874315448281053e-05,0.0002274590327296095
0.2450628393750005,-1.2209134953965518e-05,-3.0144393763610454e-05,0.0002284287631282886
0.24509914498083385,-1.2363507203018609e-05,-3.154492257177948e-05,0.00022937954880075342
0.2451354505866672,-1.2513371062846198e-05,-3.294464181872296e-05,0.00023031179666772013
0.2451717561925005,-1.2658613371992068e-05,-3.434343079533114e-05,0.00023122574437635734
0.24520806179833385,-1.2799060961291064e-05,-3.574111812009678e-05,0.00023212143012065118
0.2452443674041672,-1.2934497291928982e-05,-3.713746033164831e-05,0.0002329987043925076
0.2452806730100005,-1.306468711204923e-05,-3.85321317911893e-05,0.0002338572809301912
0.24531697861583385,-1.3189405111619711e-05,-3.9924727659187644e-05,0.00023469681600916075
0.2453532842216672,-1.3308463756053108e-05,-4.131477948720564e-05,0.00023551699940473135
0.2453895898275005,-1.3421735496407795e-05,-4.2701780799763213e-05,0.00023631763803960313
0.24542589543333385,-1.3529165403191178e-05,-4.408521830718836e-05,0.0002370987149714998
0.2454622010391672,-1.3630771823074042e-05,-4.546460339295548e-05,0.00023786041161141054
0.2454985066450005,-1.3726634659863e-05,-4.6839498438526974e-05,0.0002386030887816394
0.24553481225083384,-1.3816872996471072e-05,-4.820953340878664e-05,0.00023932723080634296
0.2455711178566672,-1.3901615640639094e-05,-4.957440978236452e-05,0.00024003336448690882
0.24560742346250053,-1.3980969467071937e-05,-5.093389109325181e-05,0.0002407219699644543
0.24564372906833384,-1.4054990909009671e-05,-5.228778167900917e-05,0.00024139340205681594
0.24568003467416719,-1.412366552499496e-05,-5.36358973026545e-05,0.0002420478383694325
0.24571634028000053,-1.4186899288470216e-05,-5.49780327662361e-05,0.00024268526481677514
0.24575264588583384,-1.4244523323326591e-05,-5.631393220454435e-05,0.00024330550134997881
0.24578895149166718,-1.4296311557070754e-05,-5.764326732851226e-05,0.00024390826230922437
0.24582525709750053,-1.43420085660134e-05,-5.896562754233318e-05,0.0002444932386502292
0.24586156270333384,-1.4381363121821223e-05,-6.0280523811669135e-05,0.0002450601848159221
0.24589786830916718,-1.4414161925427842e-05,-6.158740576334585e-05,0.0002456089921523852
0.24593417391500053,-1.444025791914264e-05,-6.288568916590976e-05,0.00024613973366331763
0.24597047952083384,-1.445958843015272e-05,-6.417478908501715e-05,0.00024665267093685385
0.24600678512666718,-1.447218008323053e-05,-6.54541529590046e-05,0.0002471482219900398
0.24604309073250052,-1.447813964848217e-05,-6.672328779179126e-05,0.0002476268969053769
0.24607939633833384,-1.4477632385097383e-05,-6.798177663290417e-05,0.00024808921479043446
0.24611570194416718,-1.4470851594264323e-05,-6.92292813493268e-05,0.0002485356194008338
0.24615200755000052,-1.445798463041403e-05,-7.046553107906539e-05,0.0002489664109533359
0.24618831315583384,-1.443918126832934e-05,-7.169029827925175e-05,0.00024938170820062923
0.24622461876166718,-1.4414529963125475e-05,-7.290336650031976e-05,0.00024978144848052694
0.24626092436750052,-1.4384046222500148e-05,-7.410449553827123e-05,0.00025016542552643565
0.24629722997333386,-1.4347675254019185e-05,-7.529339016301102e-05,0.00025053335698788234
0.24633353557916718,-1.430530860304539e-05,-7.646967808373971e-05,0.000250884967486768
0.24636984118500052,-1.4256812079222688e-05,-7.76329012730324e-05,0.00025122006988870596
0.24640614679083386,-1.4202060300548831e-05,-7.878252248734845e-05,0.0002515386279358156
0.24644245239666718,-1.4140972009806738e-05,-7.991794618529898e-05,0.0002518407873502269
0.24647875800250052,-1.4073540149705124e-05,-8.103855051490739e-05,0.00025212686913358274
0.24651506360833386,-1.3999851558849766e-05,-8.214372506316915e-05,0.0002523973266681605
0.24655136921416718,-1.3920092927464101e-05,-8.323290798964303e-05,0.00025265267572649106
0.24658767482000052,-1.3834542027869913e-05,-8.430561619966874e-05,0.0002528934120633492
0.24662398042583386,-1.3743545800731544e-05,-8.536146335913952e-05,0.00025311993375222447
0.24666028603166718,-1.3647489187230429e-05,-8.640016262299741e-05,0.0002533324843393607
0.24669659163750052,-1.3546760243293227e-05,-8.742151359046962e-05,0.0002535311284694503
0.24673289724333386,-1.344171776027102e-05,-8.842537575380654e-05,0.0002537157648254684
0.24676920284916717,-1.3332667217285488e-05,-8.941163309120155e-05,0.0002538861734496767
0.24680550845500052,-1.321984946332015e-05,-9.038015604576984e-05,0.0002540420873940187
0.24684181406083386,-1.3103444312491416e-05,-9.133076764309283e-05,0.00025418327366049276
0.24687811966666717,-1.2983588615028777e-05,-9.226321982939904e-05,0.00025430960655871285
0.24691442527250052,-1.2860405796017684e-05,-9.317718436759822e-05,0.0002544211182905452
0.24695073087833386,-1.2734041786684975e-05,-9.407226010633514e-05,0.0002545180163996171
0.24698703648416717,-1.2604701078169058e-05,-9.494799557531718e-05,0.0002546006646745487
0.24702334209000051,-1.2472676525128366e-05,-9.58039231600361e-05,0.00025466953171179125
0.24705964769583386,-1.233836754620737e-05,-9.66395990485439e-05,0.00025472511804003215
0.2470959533016672,-1.2202283343024942e-05,-9.745464209148604e-05,0.00025476787709708624
0.2471322589075005,-1.2065030351585776e-05,-9.824876486837686e-05,0.00025479814653353496
0.24716856451333385,-1.19272858997871e-05,-9.9021791591041e-05,0.000254816104068169
0.2472048701191672,-1.1789762487266848e-05,-9.977365977171465e-05,0.00025482175692644336
0.2472411757250005,-1.16531687948404e-05,-0.00010050440543876921,0.00025481496685187245
0.24727748133083385,-1.151817416336482e-05,-0.00010121413459469829,0.00025479550526651113
0.2473137869366672,-1.1385382732371946e-05,-0.00010190298606156374,0.00025476312691426347
0.2473500925425005,-1.1255321780673845e-05,-0.00010257109240844844,0.0002547176465412346
0.24738639814833385,-1.112844634265206e-05,-0.00010321854601993727,0.00025465900262272795
0.2474227037541672,-1.1005159311382361e-05,-0.00010384537646916558,0.00025458729493180545
0.2474590093600005,-1.0885843483873008e-05,-0.00010445154335262877,0.0002545027882616119
0.24749531496583385,-1.0770899842157452e-05,-0.00010503694597579092,0.00025440588170017807
0.2475316205716672,-1.0660785185028749e-05,-0.00010560144823738202,0.0002542970500295538
0.2475679261775005,-1.055604224791594e-05,-0.00010614491428887866,0.00025417676958842765
0.24760423178333385,-1.0457316682022262e-05,-0.00010666724854421147,0.0002540454441069352
0.2476405373891672,-1.0365357503722767e-05,-0.00010716843275085098,0.00025390334594890726
0.2476768429950005,-1.0281000486566444e-05,-0.00010764855327475752,0.0002537505849129852
0.24771314860083385,-1.0205136952146089e-05,-0.00010810781343353871,0.0002535871109498343
0.2477494542066672,-1.0138672996585705e-05,-0.0001085465283462667,0.00025341275006632514
0.24778575981250053,-1.0082485906167048e-05,-0.00010896510289187067,0.0002532272657893694
0.24782206541833385,-1.0037385056371226e-05,-0.00010936399642418847,0.00025303043328537433
0.2478583710241672,-1.0004083846008696e-05,-0.00010974368032893956,0.00025282211066454094
0.24789467663000053,-9.983187311074204e-06,-0.00011010459587844674,0.0002526022926617951
0.24793098223583385,-9.97519731808184e-06,-0.00011044711988209562,0.00025237113562326
0.2479672878416672,-9.980534132501252e-06,-0.00011077154431784609,0.00025212894874581825
0.24800359344750053,-9.999570241829966e-06,-0.0001110780736795063,0.00025187615355447583
0.24803989905333385,-1.003267010435454e-05,-0.00011136684061062144,0.00025161322019000374
0.2480762046591672,-1.008022839295525e-05,-0.00011163793707782898,0.0002513405938510976
0.24811251026500053,-1.0142699514909253e-05,-0.00011189145545946037,0.00025105862670926095
0.24814881587083384,-1.0220612688544351e-05,-0.00011212753201374033,0.00025076752939576344
0.2481851214766672,-1.0314569391177923e-05,-0.00011234638460430854,0.0002504673520190042
0.24822142708250053,-1.0425223118631538e-05,-0.00011254833742569904,0.00025015799848386014
0.24825773268833384,-1.0553244563109761e-05,-0.00011273382765603077,0.00024983927094885435
0.24829403829416719,-1.0699277958635306e-05,-0.00011290339209792559,0.00024951093501745977
0.24833034390000053,-1.0863895984285325e-05,-0.00011305763540520318,0.0002491727920090578
0.24836664950583384,-1.1047560951560678e-05,-0.0001131971848053298,0.00024882474326500827
0.24840295511166718,-1.1250598959561593e-05,-0.00011332263871966087,0.000248466833188547
0.24843926071750053,-1.147319145212303e-05,-0.00011343451789676933,0.0002480992622136853
0.24847556632333387,-1.1715385544371775e-05,-0.0001135332273720184,0.00024772236719774
0.24851187192916718,-1.1977121142693027e-05,-0.00011361903577982078,0.0002473365735150151
0.24854817753500053,-1.2258269858064326e-05,-0.00011369207557020645,0.0002469423289829318
0.24858448314083387,-1.2558678554188259e-05,-0.00011375236403127862,0.0002465400334651932
0.24862078874666718,-1.2878209476379588e-05,-0.0001137998413344955,0.0002461299788098854
0.24865709435250052,-1.3216769450768285e-05,-0.00011383441875612026,0.0002457123115415265
0.24869339995833387,-1.3574322546299385e-05,-0.00011385602833939152,0.00024528702591823225
0.24872970556416718,-1.3950883529739839e-05,-0.00011386466489960793,0.0002448539886030599
0.24876601117000052,-1.4346492902216202e-05,-0.00011386041252248064,0.00024441298961435417
0.24880231677583386,-1.4761177670445437e-05,-0.00011384345036292045,0.00024396380878432834
0.24883862238166718,-1.5194904671250533e-05,-0.00011381403616153796,0.0002435062837922759
0.24887492798750052,-1.56475347459775e-05,-0.00011377246982890241,0.0002430403655937456
0.24891123359333386,-1.6118786070215407e-05,-0.00011371904300757271,0.00024256614977414534
0.24894753919916718,-1.660821346152723e-05,-0.0001136539830722179,0.00024208387743461987
0.24898384480500052,-1.711520775853164e-05,-0.00011357740110487825,0.00024159390559937865
0.24902015041083386,-1.763901586020868e-05,-0.00011348925277940683,0.00024109665348164547
0.24905645601666718,-1.8178778351660418e-05,-0.00011338931889754961,0.0002405925359390298
0.24909276162250052,-1.8733578475490127e-05,-0.00011327720891437115,0.0002400818980563761
0.24912906722833386,-1.9302494110484058e-05,-0.00011315238676829689,0.00023956496448520774
0.2491653728341672,-1.9884643781835578e-05,-0.00011301421440226397,0.0002390418140236478
0.24920167844000052,-2.047921868427932e-05,-0.00011286200522847292,0.00023851238460890226
0.24923798404583386,-2.1085495102337206e-05,-0.00011269507801535946,0.00023797650753311128
0.2492742896516672,-2.170282505101786e-05,-0.00011251280158871933,0.0002374339636122198
0.24931059525750052,-2.233060683560825e-05,-0.00011231462236737458,0.00023688454950085227
0.24934690086333386,-2.296824085458289e-05,-0.00011210006981844324,0.00023632814029037394
0.2493832064691672,-2.36150786946884e-05,-0.00011186873887958814,0.00023576473536764402
0.24941951207500052,-2.4270374893852053e-05,-0.00011162025255165333,0.00023519447805887153
0.24945581768083386,-2.4933250420932295e-05,-0.0001113542114705024,0.00023461764508470208
0.2494921232866672,-2.560267497858202e-05,-0.00011107013967026474,0.0002340346081545086
0.24952842889250051,-2.6277472002597674e-05,-0.0001107674365110761,0.00023344577581455776
0.24956473449833386,-2.695634626818577e-05,-0.00011044534371425128,0.00023285152773487122
0.2496010401041672,-2.763793001758824e-05,-0.00011010293379940402,0.00023225215513502056
0.2496373457100005,-2.832084020546307e-05,-0.00010973912241703263,0.00023164781970733939
0.24967365131583386,-2.900373741646987e-05,-0.0001093527027937853,0.0002310385394905397
0.2497099569216672,-2.9685376620852036e-05,-0.00010894239652451861,0.0002304242045027029
0.2497462625275005,-3.0364641284829556e-05,-0.00010850691197722095,0.0002298046187426802
0.24978256813333385,-3.10405552203138e-05,-0.00010804500016829581,0.00022917955970524107
0.2498188737391672,-3.1712270446968996e-05,-0.00010755549838357502,0.00022854884296022942
0.2498551793450005,-3.2379033566030065e-05,-0.00010703735400354215,0.00022791237835743098
0.24989148495083385,-3.3040136959672074e-05,-0.00010648962455824706,0.00022727020622882613
0.2499277905566672,-3.369486384872153e-05,-0.00010591145435288349,0.0002266225061774278
0.24996409616250054,-3.434243737106664e-05,-0.0001053020322922211,0.00022596957677739501
0.2500004017683339,-3.4981983168791425e-05,-0.00010466053901230558,0.00022531179056301342
0.25003670737416717,-3.5612512599943114e-05,-0.00010398609346150683,0.0002246495337942533
0.2500730129800005,-3.62329300316153e-05,-0.00010327770927702856,0.00022398314359654535
0.25010931858583385,-3.684206336912458e-05,-0.00010253426962280269,0.00022331285554638567
0.2501456241916672,-3.743871279626895e-05,-0.00010175452587733846,0.0002226387725282504
0.25018192979750054,-3.802170939306337e-05,-0.00010093712126561414,0.0002219608612041093
0.2502182354033339,-3.858997345880027e-05,-0.0001000806359881731,0.00022127897665949456
0.2502545410091672,-3.9142562339615166e-05,-9.91836464365513e-05,0.00022059290992836595
0.2502908466150005,-3.967869935854145e-05,-9.824478842401825e-05,0.00021990244837262991
0.25032715222083385,-4.019777876179266e-05,-9.72628135019538e-05,0.0002192074362779887
0.2503634578266672,-4.0699345842182696e-05,-9.623662855038532e-05,0.00021850782305789948
0.25039976343250053,-4.118305582171176e-05,-9.516531174415771e-05,0.00021780368911080393
0.2504360690383339,-4.1648618875945443e-05,-9.40481021935815e-05,0.00021709524408568297
0.2504723746441672,-4.209574117426079e-05,-9.28843652909126e-05,0.00021638279808576497
0.2505086802500005,-4.2524072534518466e-05,-9.16735402070177e-05,0.0002156667119719961
0.25054498585583385,-4.293317010575045e-05,-9.041507927028852e-05,0.0002149473372451083
0.2505812914616672,-4.33224845991718e-05,-8.91083905123631e-05,0.00021422495809618906
0.25061759706750053,-4.36913714975574e-05,-8.775279418142673e-05,0.00021349974769301937
0.2506539026733339,-4.40391251174764e-05,-8.634750156967999e-05,0.0002127717477361486
0.2506902082791672,-4.436502919970763e-05,-8.489162050180709e-05,0.00021204087541984714
0.2507265138850005,-4.466841462410797e-05,-8.338418699639768e-05,0.0002113069561988835
0.25076281949083384,-4.4948713453354444e-05,-8.182421781225659e-05,0.00021056977539123082
0.2507991250966672,-4.5205499071344437e-05,-8.021077469945112e-05,0.00020982913775613983
0.25083543070250053,-4.54385046107111e-05,-7.854302890823565e-05,0.00020908492257933715
0.25087173630833387,-4.5647615734486095e-05,-7.682031429732475e-05,0.00020833712279567864
0.2509080419141672,-4.5832838458582835e-05,-7.50421592870118e-05,0.00020758586006325113
0.2509443475200005,-4.599424724109875e-05,-7.320829159898992e-05,0.00020683137275490947
0.25098065312583384,-4.613192219543181e-05,-7.131861456074145e-05,0.0002060739794929358
0.2510169587316672,-4.62458863382486e-05,-6.937315886119925e-05,0.00020531402593800612
0.2510532643375005,-4.633605387210596e-05,-6.737201810047247e-05,0.00020455182599845507
0.25108956994333387,-4.640219859123537e-05,-6.53152794631759e-05,0.00020378760973823002
0.2511258755491672,-4.6443947916181e-05,-6.320296180439423e-05,0.0002030214888114721
0.25116218115500055,-4.646080344436979e-05,-6.103497217454033e-05,0.00020225344655264274
0.25119848676083384,-4.645218407973064e-05,-5.88110885315046e-05,0.00020148335468449566
0.2512347923666672,-4.6417483651330966e-05,-5.65309716714029e-05,0.00020071101305473428
0.2512710979725005,-4.63561322117057e-05,-5.419420409650151e-05,0.0001999362040335461
0.25130740357833387,-4.6267649430140384e-05,-5.1800348591095793e-05,0.00019915875018954894
0.2513437091841672,-4.615167982627335e-05,-4.9349015597168486e-05,0.00019837856323020133
0.25138001479000055,-4.600800280523351e-05,-4.683992675372573e-05,0.00019759567406453467
0.25141632039583384,-4.5836514991924024e-05,-4.427296252078456e-05,0.00019681023781963167
0.2514526260016672,-4.563718740751361e-05,-4.164818457251505e-05,0.00019602251288058624
0.2514889316075005,-4.541000467292268e-05,-3.8965828133077484e-05,0.0001952328184305622
0.25152523721333386,-4.515489681294351e-05,-3.622626484341555e-05,0.00019444147941714043
0.2515615428191672,-4.4871675740209154e-05,-3.342994211142257e-05,0.00019364877044227537
0.25159784842500055,-4.455998782584507e-05,-3.057730923483264e-05,0.00019285487024019998
0.25163415403083383,-4.421929121151178e-05,-2.7668743096701377e-05,0.00019205983614774359
0.2516704596366672,-4.384886216310901e-05,-2.470448644297553e-05,0.0001912636037671015
0.2517067652425005,-4.344782958353861e-05,-2.1684609600279463e-05,0.00019046601175668008
0.25174307084833386,-4.301523172337334e-05,-1.8609002348822015e-05,0.00018966684646188912
0.2517793764541672,-4.255008507778638e-05,-1.5477397265553862e-05,0.00018886589700126222
0.25181568206000055,-4.205145318233246e-05,-1.2289420167357975e-05,0.00018806300930051194
0.2518519876658339,-4.151850295114157e-05,-9.044658345094169e-06,0.00018725812784944318
0.2518882932716672,-4.095053837430353e-05,-5.742733992222279e-06,0.0001864513165726658
0.2519245988775005,-4.0347005435131286e-05,-2.38336920932351e-06,0.0001856427545980536
0.25196090448333386,-3.970746730730189e-05,1.0335695860596524e-06,0.00018483270795321407
0.2519972100891672,-3.903155431405377e-05,4.508056338627444e-06,0.0001840214832233845
0.25203351569500054,-3.8318897794179143e-05,8.039922364012322e-06,0.00018320937292401932
0.2520698213008339,-3.756906006812633e-05,1.1628903039229228e-05,0.0001823966040103441
0.25210612690666717,-3.67814735624463e-05,1.5274706071778373e-05,0.00018158330022778244
0.2521424325125005,-3.59554006534721e-05,1.8977089218759047e-05,0.00018076946606372868
0.25217873811833386,-3.508992218027022e-05,2.2735933476312312e-05,0.00017995499551745245
0.2522150437241672,-3.4183957487624094e-05,2.6551298437409327e-05,0.00017913970371581005
0.25225134933000054,-3.3236313201769856e-05,3.0423449618414375e-05,0.0001783233746522149
0.2522876549358339,-3.2245752736327636e-05,3.435285253491835e-05,0.00017750581500228555
0.25232396054166717,-3.121107472209378e-05,3.8340134271264526e-05,0.00017668690275689548
0.2523602661475005,-3.0131186854878274e-05,4.2386019155899926e-05,0.0001758666205537992
0.25239657175333385,-2.9005162387219358e-05,4.649124985565673e-05,0.00017504506683292085
0.2524328773591672,-2.7832269540617924e-05,5.0656507871003415e-05,0.00017422244260106956
0.25246918296500054,-2.6611968950583217e-05,5.4882347550877564e-05,0.00017339901669080762
0.2525054885708339,-2.5343880014034277e-05,5.916915530881668e-05,0.0001725750768704749
0.2525417941766672,-2.402772264946544e-05,6.351714114082855e-05,0.0001717508770788202
0.2525780997825005,-2.2663245479332557e-05,6.792636364405912e-05,0.00017092659181790413
0.25261440538833385,-2.125015397516746e-05,7.239678358530228e-05,0.00017010228719377234
0.2526507109941672,-1.978805219405204e-05,7.692833579403134e-05,0.0001692779145786411
0.25268701660000054,-1.827640934593652e-05,8.152100572738495e-05,0.00016845332812307916
0.2527233222058339,-1.671455798093902e-05,8.6174896113891e-05,0.00016762832236672242
0.2527596278116672,-1.5101724868540644e-05,9.08902708164552e-05,0.0001668026820204897
0.2527959334175005,-1.3437089687385201e-05,9.566756716164556e-05,0.0001659762334886915
0.25283223902333385,-1.171986153669842e-05,0.00010050737372230265,0.00016514888738025326
0.2528685446291672,-9.949359953559847e-06,0.00010541037686964661,0.0001643206631811879
0.25290485023500053,-8.12508619208577e-06,0.00011037728516951663,0.00016349169101471754
0.2529411558408339,-6.246772175990631e-06,0.00011540874482220614,0.00016266219021065844
0.2529774614466672,-4.3143984903055036e-06,0.00012050526106661948,0.00016183242923817966
0.2530137670525005,-2.3281783254075715e-06,0.0001256671394541244,0.00016100267541897844
0.25305007265833385,-2.885104257386331e-07,0.0001308944573139576,0.00016017314493097854
0.2530863782641672,1.8040902892424166e-06,0.0001361870702231507,0.0001593439635078551
0.25312268387000053,3.949071700809479e-06,0.00014154465186213273,0.00015851514596873877
0.2531589894758339,6.145918571379304e-06,0.00014696675946269236,0.00015768659875805804
0.2531952950816672,8.394208114101159e-06,0.00015245291227982264,0.00015685814486869783
0.25323160068750056,1.0693636805203996e-05,0.00015800266803597433,0.0001560295658671992
0.25326790629333384,1.304401345236005e-05,0.00016361568257244812,0.00015520065220591124
0.2533042118991672,1.544521973092782e-05,0.00016929174096782495,0.00015437125132427394
0.25334051750500053,1.789714540778742e-05,0.0001750307536112362,0.00015354130355132775
0.25337682311083387,2.0399610187630975e-05,0.00018083271720128457,0.0001527108584075257
0.2534131287166672,2.295228666693757e-05,0.0001866976471918015,0.00015188006801767294
0.25344943432250056,2.5554638785697646e-05,0.00019262549361259666,0.00015104915912458108
0.25348573992833384,2.8205887427732687e-05,0.00019861605544637374,0.00015021838963695785
0.2535220455341672,3.090500992396848e-05,0.000204668909220036,0.00014938799883167792
0.2535583511400005,3.365077404540381e-05,0.0002107833650545358,0.00014855816160273526
0.25359465674583387,3.6441800759346274e-05,0.000216958458529839,0.00014772895625158773
0.2536309623516672,3.927664472369428e-05,0.00022319298023869058,0.0001469003524440936
0.25366726795750055,4.215387819098057e-05,0.0002294855380057232,0.0001460722217253238
0.25370357356333384,4.507216330761453e-05,0.00023583464070583285,0.00014524436827387672
0.2537398791691672,4.803029986815879e-05,0.00024223878855096054,0.00014441657337526163
0.2537761847750005,5.102724005626815e-05,0.00024869655339674083,0.0001435886442721559
0.25381249038083387,5.406206776569694e-05,0.00025520663432000755,0.00014276045718868784
0.2538487959866672,5.71339466402733e-05,0.0002617678781513703,0.00014193198559568496
0.25388510159250055,6.0242046797215636e-05,0.0002683792610240158,0.00014110330790864797
0.2539214071983339,6.338546422339264e-05,0.00027503983416505754,0.00014027459312945887
0.2539577128041672,6.656314830233751e-05,0.00028174864379774,0.00013944606755024626
0.2539940184100005,6.977385154975405e-05,0.00028850463991447045,0.00013861796957153374
0.25403032401583386,7.301611163857169e-05,0.00029530659090594257,0.00013779050213003633
0.2540666296216672,7.628826989751537e-05,0.0003021530201569954,0.00013696379268214473
0.25410293522750055,7.95885237423675e-05,0.00030904217687833163,0.00013613786906295817
0.2541392408333339,8.291500418107225e-05,0.00031597204731470324,0.00013531265618679748
0.2541755464391672,8.626586479256605e-05,0.00032294040516088403,0.00013448799418113366
0.2542118520450005,8.963936630399948e-05,0.00032994489285909513,0.00013366367406885467
0.25424815765083386,9.303394152407314e-05,0.0003369831197607081,0.00013283948346803223
0.2542844632566672,9.64482288413283e-05,0.0003440527599667353,0.00013201525272046625
0.25432076886250055,9.988106815476256e-05,0.00035115163261576567,0.00013119089181233573
0.2543570744683339,0.0001033314599470318,0.00035827775049490103,0.00013036641041329298
0.2543933800741672,0.0001067984949872504,0.0003654293285597475,0.00012954191691598105
0.2544296856800005,0.00011028126761153331,0.0003726047512319803,0.0001287175967576677
0.25446599128583386,0.00011377878865671664,0.00037980250486986216,0.00012789367462820873
0.2545022968916672,0.00011728991431880164,0.00038702108819733434,0.00012707036851274347
0.25453860249750054,0.00012081330440981286,0.00039425891755045893,0.00012624784519016104
0.2545749081033339,0.0001243474181829079,0.0004015142447950104,0.00012542618646773713
0.25461121370916723,0.00012789054903929723,0.0004087851034871369,0.00012460537315791317
0.2546475193150005,0.00013144089226938224,0.0004160692936939644,0.00012378529007724432
0.25468382492083386,0.00013499663382882815,0.00042336440879819866,0.00012296575095285987
0.2547201305266672,0.000138556044147776,0.00043066789987788404,0.0001221465379771752
0.25475643613250054,0.00014211755987194843,0.00043797716630209177,0.00012132744771982427
0.2547927417383339,0.00014567983846419688,0.00044528965630095176,0.00012050833381397298
0.2548290473441672,0.0001492417754066953,0.00045260295936430845,0.00011968913754416014
0.2548653529500005,0.0001528024804759765,0.0004599148737618774,0.00011886990001815468
0.25490165855583385,0.0001563612169941983,0.0004672234370074796,0.00011805075346575
0.2549379641616672,0.00015991731473161458,0.00047452691388606883,0.00011723189356309545
0.25497426976750054,0.00016347007199972035,0.00048182374447659673,0.00011641353862262374
0.2550105753733339,0.00016701866452609364,0.0004891124619932475,0.00011559588419671122
0.2550468809791672,0.0001705620775454654,0.0004963915958606696,0.00011477906255934031
0.2550831865850005,0.00017409907336889976,0.0005036595781901178,0.00011396311547146035
0.25511949219083385,0.0001776282002517286,0.0005109146712093391,0.00011314798583191109
0.2551557977966672,0.00018114784084038738,0.0005181549293180283,0.00011233352985866248
0.25519210340250054,0.000184656291217125,0.0005253782029985007,0.00011151954716426652
0.2552284090083339,0.0001881518559150513,0.0005325821839934835,0.00011070582237797388
0.2552647146141672,0.00019163294129005378,0.0005397644834176219,0.00010989216959533175
0.25530102022000056,0.00019509812987284763,0.0005469227282393466,0.00010907847039191582
0.25533732582583385,0.00019854622175565571,0.0005540546580246431,0.00010826469752577331
0.2553736314316672,0.00020197623507711628,0.0005611582036508243,0.00010745091947470186
0.25540993703750053,0.00020538736516125937,0.0005682315329317332,0.00010663728497218253
0.2554462426433339,0.00020877890946821313,0.0005752730541649215,0.00010582399087755861
0.2554825482491672,0.00021215017182522704,0.0005822813764031216,0.00010501124017170899
0.25551885385500056,0.000215500363257622,0.0005892552333251137,0.00010419919889219131
0.25555515946083385,0.0002188285174099583,0.0005961933844308336,0.00010338796099689909
0.2555914650666672,0.0002221334359016509,0.000603094511625545,0.00010257752844511365
0.25562777067250053,0.00022541367347433163,0.0006099571302598253,0.00010176781057296749
0.2556640762783339,0.00022866756546379696,0.000616779531143747,0.00010095864279381498
0.2557003818841672,0.0002318932923152711,0.000623559764402792,0.00010014982062077863
0.25573668749000056,0.00023508896900167886,0.0006302956683190624,9.934114183005463e-05
0.25577299309583384,0.0002382527425751861,0.0006369849379277071,9.853244791857579e-05
0.2558092987016672,0.00024138287954972312,0.0006436252206706609,9.772365619875126e-05
0.25584560430750053,0.0002444778266737364,0.0006502142212465708,9.69147758683317e-05
0.25588190991333387,0.0002475362335769463,0.0006567497959176695,9.610590477049776e-05
0.2559182155191672,0.0002505569328611497,0.0006632300183177966,9.529720760716963e-05
0.25595452112500056,0.0002535388811458171,0.0006696532039485464,9.448888023957496e-05
0.2559908267308339,0.0002564810719015783,0.0006760178881228194,9.368110759716174e-05
0.2560271323366672,0.00025938243624299524,0.000682322760727811,9.287402402064808e-05
0.2560634379425005,0.0002622417502020933,0.0006885665692393554,9.206768432170191e-05
0.25609974354833387,0.0002650575659120484,0.0006947480074239197,9.126205157147916e-05
0.2561360491541672,0.00026782817978020506,0.0007008656099816383,9.045700411386773e-05
0.25617235476000055,0.0002705516439127855,0.0007069176724659327,8.965236027563164e-05
0.2562086603658339,0.000273225819025839,0.0007129022113050113,8.884791555636924e-05
0.2562449659716672,0.0002758484593270933,0.0007188169714590253,8.804348449474747e-05
0.2562812715775005,0.00027841731382805863,0.0007246594805075339,8.72389384591378e-05
0.25631757718333387,0.0002809302253798424,0.0007304271393870028,8.643423149198322e-05
0.2563538827891672,0.00028338520902940504,0.0007361173331795169,8.562940885701975e-05
0.25639018839500055,0.0002857804950330474,0.000741727541568179,8.482459656492151e-05
0.2564264940008339,0.00028811452836794896,0.0007472554285430653,8.401997412543335e-05
0.2564627996066672,0.0002903859246581946,0.0007526988946926085,8.321573626287918e-05
0.2564991052125005,0.0002925933905853608,0.000758056082274868,8.24120516115493e-05
0.25653541081833386,0.0002947356235665876,0.0007633253319758069,8.160902700737702e-05
0.2565717164241672,0.000296811209493658,0.0007685050992203696,8.080668479411497e-05
0.25660802203000055,0.000298818537867403,0.0007735938454450204,8.00049578228522e-05
0.2566443276358339,0.00030075575060554093,0.0007785899244596723,7.920370312033853e-05
0.25668063324166723,0.0003026207346901492,0.000783491485032217,7.840273130994245e-05
0.2567169388475005,0.0003044111607672508,0.0007882964079156993,7.760184560093619e-05
0.25675324445333386,0.00030612456129873705,0.0007930022892298909,7.680088219560297e-05
0.2567895500591672,0.0003077584344753753,0.0007976064735631406,7.599974370361645e-05
0.25682585566500055,0.00030931035521126083,0.0008021061309565522,7.519841864615067e-05
0.2568621612708339,0.0003107780730815758,0.000806498363780378,7.439698305956448e-05
0.25689846687666723,0.00031215957933273424,0.0008107803239338551,7.359558395400081e-05
0.2569347724825005,0.00031345313069241847,0.0008149493188439401,7.279440816173815e-05
0.25697107808833386,0.0003146572256205087,0.0008190028867845376,7.19936431358539e-05
0.2570073836941672,0.00031577053741742414,0.0008229388277204402,7.119343790451626e-05
0.25704368930000054,0.0003167918166212024,0.0008267551841539858,7.039387231346296e-05
0.2570799949058339,0.0003177197808868416,0.0008304501757838798,6.959494092194371e-05
0.25711630051166723,0.00031855301296805416,0.0008340221004369249,6.879655483177115e-05
0.2571526061175005,0.0003192898860424157,0.0008374692200859711,6.799856097451102e-05
0.25718891172333386,0.00031992853066961765,0.0008407896536248228,6.720077474420566e-05
0.2572252173291672,0.0003204668500474699,0.0008439812968844697,6.64030191004162e-05
0.25726152293500054,0.00032090258133138323,0.0008470417853497417,6.560516195095454e-05
0.2572978285408339,0.00032123339225445226,0.0008499685070951001,6.480714402321816e-05
0.2573341341466672,0.000321456995711118,0.0008527586640763075,6.400899145637203e-05
0.2573704397525005,0.0003215712615770163,0.000855409370841424,6.321081056422147e-05
0.25740674535833385,0.0003215743054749982,0.0008579177726608814,6.241276595368647e-05
0.2574430509641672,0.00032146453839829175,0.0008602811613551674,6.161504665449995e-05
0.25747935657000054,0.00032124066830239295,0.000862497067433313,6.081782739884312e-05
0.2575156621758339,0.00032090165365239074,0.0008645633115030604,6.002123317105201e-05
0.2575519677816672,0.000320446617819562,0.0008664780054792079,5.922531442883148e-05
0.25758827338750057,0.0003198747405046085,0.0008682395034978992,5.843003813583763e-05
0.25762457899333385,0.00031918514666428666,0.0008698463118915725,5.7635296419672925e-05
0.2576608845991672,0.0003183768139226498,0.0008712969753203542,5.6840930978097495e-05
0.25769719020500054,0.00031744851605028173,0.0008725899607296886,5.604676807184897e-05
0.2577334958108339,0.00031639881341387696,0.0008737235613357066,5.5252656749100556e-05
0.2577698014166672,0.0003152260925677998,0.0008746958392073186,5.445850229800838e-05
0.25780610702250056,0.00031392864799933344,0.0008755046178756331,5.36642879494776e-05
0.25784241262833385,0.0003125047911571534,0.0008761475270766124,5.287008033168056e-05
0.2578787182341672,0.00031095296676332524,0.0008766220919588695,5.207601758785499e-05
0.25791502384000053,0.0003092718549999219,0.0008769258506961812,5.128228269411163e-05
0.2579513294458339,0.0003074604407483314,0.0008770564790157904,5.048906759679702e-05
0.2579876350516672,0.00030551803717311166,0.0008770118987240362,4.969653568785022e-05
0.25802394065750056,0.00030344425945242026,0.0008767903501711815,4.8904790459505906e-05
0.25806024626333385,0.0003012389537805087,0.0008763904152354399,4.8113856864915724e-05
0.2580965518691672,0.000298902095162821,0.0008758109865985935,4.7323679239031646e-05
0.25813285747500053,0.00029643367341562055,0.0008750511891227963,4.6534136166856665e-05
0.2581691630808339,0.00029383358905649105,0.0008741102681427337,4.574506915013342e-05
0.2582054686866672,0.00029110157898865676,0.0008729874657650882,4.4956319056575764e-05
0.25824177429250056,0.00028823718635802824,0.0008716819086261769,4.4167762733397125e-05
0.2582780798983339,0.0002852397807166051,0.0008701925285350981,4.337934215868983e-05
0.2583143855041672,0.0002821086251933216,0.0008685180313796125,4.259108008597002e-05
0.25835069111000053,0.0002788429785172313,0.0008666569207083062,4.180307897315545e-05
0.25838699671583387,0.000275442213122015,0.0008646075721907167,4.101550348135454e-05
0.2584233023216672,0.0002719059274370446,0.0008623683456053527,4.022855025013211e-05
0.25845960792750056,0.0002682340314417905,0.0008599377139082498,3.9442411291424725e-05
0.2584959135333339,0.0002644267894653004,0.0008573143856350564,3.865723864769741e-05
0.2585322191391672,0.0002604848121503093,0.0008544973980251502,3.787311766487178e-05
0.2585685247450005,0.0002564089989982583,0.0008514861636355547,3.709005440498924e-05
0.25860483035083387,0.00025220044219307117,0.0008482804618468314,3.630797975432894e-05
0.2586411359566672,0.000247860309725026,0.0008448803769483385,3.552676929350942e-05
0.25867744156250055,0.00024338972981670853,0.0008412861945043489,3.474627471655945e-05
0.2587137471683339,0.00023878969852585944,0.0008374982755652514,3.396636019891115e-05
0.2587500527741672,0.00023406102816650047,0.0008335169325140862,3.3186936113649315e-05
0.2587863583800005,0.00022920434662192417,0.000829342330118451,3.240798308383967e-05
0.25882266398583387,0.0002242201481224581,0.0008249744307129179,3.162956140675857e-05
0.2588589695916672,0.0002191088863989485,0.000820412994220137,3.085180395986911e-05
0.25889527519750055,0.000213871093110954,0.0008156576334571643,3.0074894152735998e-05
0.2589315808033339,0.00020850749959819035,0.0008107079147856833,2.929903360142094e-05
0.25896788640916724,0.00020301913924137985,0.000805563485601408,2.852440632432806e-05
0.2590041920150005,0.0001974074112090931,0.00080022420503569,2.7751146952338037e-05
0.25904049762083386,0.00019167409347847487,0.0007946902535382039,2.697931957270627e-05
0.2590768032266672,0.00018582130243566798,0.0007889622008744264,2.6208911574608086e-05
0.25911310883250055,0.00017985140633271945,0.0007830410197980181,2.5439843710296433e-05
0.2591494144383339,0.00017376690853557748,0.0007769280428095715,2.4671994191907458e-05
0.25918572004416723,0.00016757032221312537,0.0007706248700907261,2.3905231719732167e-05
0.2592220256500005,0.00016126405980440315,0.0007641332459004587,2.3139450492061813e-05
0.25925833125583386,0.0001548503579246357,0.0007574549267023481,2.2374599860680056e-05
0.2592946368616672,0.00014833125181151058,0.0007505915659193515,2.161070244457598e-05
0.25933094246750055,0.00014170860418282364,0.0007435446371622287,2.084785695159963e-05
0.2593672480733339,0.0001349841831932473,0.000736315410604353,2.0086225169512397e-05
0.25940355367916723,0.00012815977494633267,0.0007289049872127966,1.9326005900317172e-05
0.2594398592850005,0.00012123730947280134,0.0007213143846574508,1.8567401332497346e-05
0.25947616489083386,0.00011421897646635245,0.0007135446589526551,1.7810582908593468e-05
0.2595124704966672,0.0001071073088812867,0.0007055970390828376,1.7055663828045652e-05
0.25954877610250054,9.990521842038886e-05,0.0006974730493177476,1.6302683915388034e-05
0.2595850817083339,9.261597588208516e-05,0.0006891745961301541,1.5551609981357275e-05
0.25962138731416723,8.52431396276081e-05,0.0006807040031921092,1.48023515569377e-05
0.25965769292000057,7.779044514602048e-05,0.0006720639876254525,1.405478866825472e-05
0.25969399852583386,7.026167601180789e-05,0.0006632575817026904,1.3308805814232183e-05
0.2597303041316672,6.266054006406674e-05,0.0006542880144640651,1.2564325029995642e-05
0.25976660973750054,5.499057371070399e-05,0.0006451585752972279,1.1821331130117015e-05
0.2598029153433339,4.725509203318648e-05,0.0006358724849784443,1.1079883877989288e-05
0.2598392209491672,3.945719380372487e-05,0.0006264327983324546,1.0340114571286738e-05
0.25987552655500057,3.159982022429033e-05,0.0006168423567672707,9.602207792385528e-06
0.25991183216083386,2.3685856085268756e-05,0.0006071037995764307,8.866372165009018e-06
0.2599481377666672,1.571825402189423e-05,0.0005972196318281481,8.132806239532563e-06
0.25998444337250054,7.700158133631099e-06,0.0005871923359612414,7.4016666261413466e-06
0.2600207489783339,-3.6499673251120493e-07,0.0005770245059020228,6.673045003820813e-06
0.2600570545841672,-8.473429240724902e-06,0.000566718978180678,5.946958761561186e-06
0.26009336019000057,-1.66210104530244e-05,0.0005562789349927994,5.223357171355618e-06
0.26012966579583385,-2.4803318197737588e-05,0.0005457079593507394,4.502141749855401e-06
0.2601659714016672,-3.301573734879096e-05,0.0005350100314355192,3.783196514545918e-06
0.26020227700750054,-4.1253587788000645e-05,0.0005241894663132169,3.066421795338021e-06
0.2602385826133339,-4.9512256569925376e-05,0.0005132508042394108,2.351764546601071e-06
0.2602748882191672,-5.778730996074387e-05,0.0005021986737516503,1.6392388621650432e-06
0.26031119382500056,-6.607456475357991e-05,0.0004910376529390402,9.289324630963976e-07
0.2603474994308339,-7.437010588522463e-05,0.0004797721546852139,2.2099786893068097e-07
0.2603838050366672,-8.26702474701404e-05,0.0004684063572117861,-4.843698392085548e-07
0.26042011064250054,-9.097144503360158e-05,0.0004569441927310152,-1.1869639684950573e-06
0.2604564162483339,-9.92701759583612e-05,0.000445389396045014,-1.886599386150641e-06
0.2604927218541672,-0.00010756281121296033,0.00043374560357072403,-2.5831409871833695e-06
0.26052902746000056,-0.00011584550315251415,0.00042201648367254157,-3.2765215439439587e-06
0.2605653330658339,-0.00012411411123496507,0.00041020587317079643,-3.9667452644926584e-06
0.2606016386716672,-0.00013236418041755781,0.00039831789361620385,-4.653876384682098e-06
0.26063794427750053,-0.00014059097711091953,0.00038635702463832425,-5.338015244760287e-06
0.2606742498833339,-0.00014878957672759092,0.00037432811970587043,-6.019266902187017e-06
0.2607105554891672,-0.00015695498711060243,0.00036223636047538765,-6.69770886740878e-06
0.26074686109500056,-0.00016508228530987942,0.00035008715751159774,-7.373364702360666e-06
0.2607831667008339,-0.00017316674258692063,0.00033788601534302586,-8.04618896605677e-06
0.2608194723066672,-0.00018120391467432714,0.00032563838663697217,-8.71606659559248e-06
0.26085577791250053,-0.00018918968080740853,0.0003133495424331923,-9.382826779185734e-06
0.2608920835183339,-0.00019712022466946636,0.0003010244824384579,-1.0046268346341752e-05
0.2609283891241672,-0.00020499196134342605,0.0002886679018895945,-1.0706191302225372e-05
0.26096469473000056,-0.00021280142457610508,0.0002762842208408943,-1.1362427867562502e-05
0.2610010003358339,-0.00022054513620527614,0.00026387766992680607,-1.201486651220767e-05
0.26103730594166724,-0.00022821948303896017,0.000251452415922999,-1.2663463958378663e-05
0.26107361154750053,-0.00023582062514667558,0.00023901270281395383,-1.3308242662700515e-05
0.26110991715333387,-0.0002433444536581907,0.00022656298102776117,-1.3949274331568827e-05
0.2611462227591672,-0.00025078660685917036,0.00021410799961447748,-1.4586652943708942e-05
0.26118252836500055,-0.0002581425423721563,0.0002016528430436791,-1.5220462937446573e-05
0.2612188339708339,-0.0002654076525896037,0.00018920290469296908,-1.5850749214155626e-05
0.26125513957666724,-0.00027257740229318236,0.00017676380103814234,-1.647749520971005e-05
0.2612914451825005,-0.0002796474631158204,0.00016434124178373955,-1.7100613580452477e-05
0.26132775078833387,-0.00028661382000345643,0.0001519408795619426,-1.7719951399599864e-05
0.2613640563941672,-0.00029347283003490054,0.0001395681667796995,-1.833530872084597e-05
0.26140036200000055,-0.0003002212228938024,0.00012722824594428602,-1.894646657430487e-05
0.2614366676058339,-0.00030685604327968825,0.00011492589356396172,-1.9553218498278848e-05
0.26147297321166724,-0.0003133745465230638,0.00010266552766516549,-2.0155398985884634e-05
0.2615092788175005,-0.00031977406755547455,9.045127698079005e-05,-2.075290288595903e-05
0.26154558442333387,-0.00032605188849003285,7.828709820776576e-05,-2.1345691700890026e-05
0.2615818900291672,-0.0003322051304113231,6.617691861381159e-05,-2.193378546903914e-05
0.26161819563500055,-0.0003382306904731526,5.4124776426733256e-05,-2.2517241930703405e-05
0.2616545012408339,-0.00034412523689205055,4.213493179547833e-05,-2.3096127324803563e-05
0.26169080684666723,-0.00034988526349947937,3.0211926618151823e-05,-2.3670484897132303e-05
0.2617271124525006,-0.0003555071942350227,1.8360581160326277e-05,-2.424030766114305e-05
0.26176341805833386,-0.00036098751845992663,6.585927325065405e-06,-2.4805521046917323e-05
0.2617997236641672,-0.0003663229320502399,-5.106909571123575e-06,-2.5365978996371904e-05
0.26183602927000055,-0.0003715104580248715,-1.671285888673858e-05,-2.5921474250180994e-05
0.2618723348758339,-0.0003765475242210659,-2.822705527836775e-05,-2.6471760613428687e-05
0.26190864048166723,-0.0003814319835548265,-3.9644963994227666e-05,-2.7016582500265633e-05
0.2619449460875006,-0.00038616207319313006,-5.096245771871446e-05,-2.7555705559891765e-05
0.26198125169333386,-0.00039073632048624077,-6.21758309847072e-05,-2.8088941986014862e-05
0.2620175572991672,-0.0003951534135842249,-7.32817499746446e-05,-2.861616524668842e-05
0.26205386290500055,-0.0003994120613802226,-8.42771477696039e-05,-2.9137311199603934e-05
0.2620901685108339,-0.0004035108695015488,-9.515908545551006e-05,-2.965236541071415e-05
0.26212647411666723,-0.0004074482560997715,-0.00010592460598769603,-3.016133937405782e-05
0.26216277972250057,-0.0004112224237184832,-0.00011657060910769662,-3.0664240636898384e-05
0.26219908532833386,-0.0004148313929426957,-0.00012709377162358913,-3.1161043087760175e-05
0.2622353909341672,-0.0004182730918486525,-0.000137490528752551,-3.165166360810087e-05
0.26227169654000054,-0.0004215454846858161,-0.00014775712060890062,-3.213594993809004e-05
0.2623080021458339,-0.0004246467157410838,-0.0001578896955052605,-3.261368225008709e-05
0.2623443077516672,-0.00042757524138402683,-0.00016788445087912135,-3.30845880558233e-05
0.26238061335750057,-0.00043032992544231915,-0.00017773778543185226,-3.35483672956808e-05
0.2624169189633339,-0.0004329100799149405,-0.0001874464338566477,-3.4004722350510985e-05
0.2624532245691672,-0.0004353154433105961,-0.0001970075587697698,-3.4453386715854614e-05
0.26248953017500054,-0.00043754610066167363,-0.00020641878254329925,-3.489414639004542e-05
0.2625258357808339,-0.0004396023602853379,-0.00021567815314041508,-3.5326849581494565e-05
0.2625621413866672,-0.00044148461055317515,-0.000224784050612313,-3.575140280721266e-05
0.26259844699250057,-0.00044319318373069194,-0.0002337350522390357,-3.616775431550695e-05
0.2626347525983339,-0.0004447282526279471,-0.00024252978222254448,-3.657586842143474e-05
0.2626710582041672,-0.00044608977960181165,-0.00025116677484776054,-3.697569623959004e-05
0.26270736381000054,-0.0004472775275343517,-0.0002596443775270924,-3.736714904136464e-05
0.2627436694158339,-0.00044829113065379103,-0.00026796071259502084,-3.77500799015346e-05
0.2627799750216672,-0.00044913021169158413,-0.0002761137055443934,-3.812427755365762e-05
0.26281628062750056,-0.0004497945230405382,-0.0002841011747138827,-3.848947381397221e-05
0.2628525862333339,-0.000450284084975807,-0.0002919209656598275,-3.884536309695753e-05
0.2628888918391672,-0.00045059929450549734,-0.00029957110482423186,-3.9191630026296024e-05
0.26292519744500054,-0.00045074098394485624,-0.0003070499432993294,-3.952797946843068e-05
0.2629615030508339,-0.00045071041781738345,-0.00031435626323198776,-3.985416283023367e-05
0.2629978086566672,-0.00045050922837836123,-0.0003214893263964299,-4.016999526560161e-05
0.26303411426250056,-0.00045013930171273195,-0.0003284488553790262,-4.047536035650953e-05
0.2630704198683339,-0.0004496026357631043,-0.00033523495059833096,-4.077020146763732e-05
0.26310672547416725,-0.00044890119700123084,-0.0003418479585985447,-4.1054501767782784e-05
0.26314303108000053,-0.000448036802739331,-0.0003482883163756189,-4.1328257281580095e-05
0.2631793366858339,-0.0004470110512209662,-0.00035455640113597926,-4.1591448787418234e-05
0.2632156422916672,-0.0004458253125476843,-0.0003606524139475666,-4.184401861089657e-05
0.26325194789750056,-0.00044448078190714214,-0.00036657631938101325,-4.208585733209386e-05
0.2632882535033339,-0.00044297858467246107,-0.0003723278526481098,-4.231680334799765e-05
0.26332455910916724,-0.0004413199130067123,-0.00037790659292760476,-4.2536655545057156e-05
0.26336086471500053,-0.0004395061675289627,-0.0003833120889578066,-4.2745196603411534e-05
0.2633971703208339,-0.00043753907654776067,-0.00038854401297285445,-4.294222224454458e-05
0.2634334759266672,-0.0004354207695583879,-0.000393602313577107,-4.312757050761326e-05
0.26346978153250056,-0.00043315379034773206,-0.00039848733824701806,-4.330114514958662e-05
0.2635060871383339,-0.0004307410465197243,-0.00040319990182017054,-4.3462928504906043e-05
0.26354239274416724,-0.00042818570436684256,-0.00040774128751301707,-4.361298134909699e-05
0.26357869835000053,-0.0004254910484619197,-0.00041211317977630797,-4.375143002384306e-05
0.26361500395583387,-0.00042266033213215126,-0.0004163175412265204,-4.387844373087167e-05
0.2636513095616672,-0.00041969664679809414,-0.0004203564565220877,-4.399420693597299e-05
0.26368761516750056,-0.0004166028346514543,-0.00042423197235588945,-4.409889282023056e-05
0.2637239207733339,-0.00041338146095813575,-0.0004279459635009652,-4.4192643468751725e-05
0.26376022637916724,-0.0004100348509526622,-0.00043150004991766107,-4.427556105348279e-05
0.2637965319850005,-0.0004065651839840495,-0.00043489558023508256,-4.434771194922641e-05
0.26383283759083387,-0.0004029746266236256,-0.0004381336842959653,-4.4409143007325465e-05
0.2638691431966672,-0.00039926547894334055,-0.0004412153843020932,-4.445990666747637e-05
0.26390544880250055,-0.0003954403055597099,-0.0004441417429229069,-4.4500089745075674e-05
0.2639417544083339,-0.00039150202582775547,-0.00044691401966639473,-4.452983997155075e-05
0.26397806001416724,-0.00038745394524747546,-0.00044953380521199865,-4.454938484301984e-05
0.2640143656200006,-0.00038329972126579197,-0.00045200310758325944,-4.455903894414144e-05
0.26405067122583387,-0.0003790432691126298,-0.0004543243732043522,-4.4559198318578415e-05
0.2640869768316672,-0.00037468862473303074,-0.0004565004382969021,-4.4550323150118906e-05
0.26412328243750055,-0.0003702397900898146,-0.00045853441936603666,-4.4532912435748024e-05
0.2641595880433339,-0.00036570058954020344,-0.00046042956315977743,-4.4507475969889695e-05
0.26419589364916723,-0.00036107456396857596,-0.00046218908423812565,-4.4474509478203096e-05
0.2642321992550006,-0.00035636492225579904,-0.0004638160206702977,-4.443447803518208e-05
0.26426850486083386,-0.00035157455882166993,-0.0004653131349272806,-4.438781112379916e-05
0.2643048104666672,-0.00034670613344540106,-0.0004666828784036464,-4.433491022249473e-05
0.26434111607250055,-0.00034176219773094426,-0.0004679274258312091,-4.4276167154324495e-05
0.2643774216783339,-0.000336745343694219,-0.00046904877246144747,-4.421198915989635e-05
0.26441372728416723,-0.00033165834570667794,-0.0004700488748542852,-4.4142825234106966e-05
0.2644500328900006,-0.0003265042682515024,-0.0004709298077257165,-4.406918799142577e-05
0.26448633849583386,-0.00032128651841328273,-0.00047169390618878436,-4.3991666249837336e-05
0.2645226441016672,-0.00031600883250823797,-0.00047234386547908403,-4.3910925452660263e-05
0.26455894970750055,-0.00031067519878005785,-0.00047288277837085436,-4.3827695574160294e-05
0.2645952553133339,-0.00030528973025546627,-0.0004733141024187603,-4.374274874924233e-05
0.26463156091916723,-0.00029985651135488523,-0.00047364156262525516,-4.3656870986944464e-05
0.2646678665250006,-0.0002943794468728326,-0.0004738690075559168,-4.357083353013691e-05
0.2647041721308339,-0.0002888621415171265,-0.0004740002459208884,-4.348536946074285e-05
0.2647404777366672,-0.0002833078323995961,-0.00047403889447595433,-4.340116001627052e-05
0.26477678334250054,-0.0002777193868024586,-0.0004739882660230232,-4.331883301944669e-05
0.2648130889483339,-0.0002720993651192778,-0.00047385131868884936,-4.323897326208433e-05
0.26484939455416723,-0.00026645013645560457,-0.0004736306759752324,-4.316214216350051e-05
0.26488570016000057,-0.00026077402434144284,-0.00047332871353312605,-4.3088902069643366e-05
0.2649220057658339,-0.00025507345427381586,-0.00047294769580821956,-4.301983957869411e-05
0.2649583113716672,-0.00024935107447275043,-0.00047248993609386554,-4.295558247494444e-05
0.26499461697750054,-0.00024360982636780447,-0.00047195794896070386,-4.289680618163426e-05
0.2650309225833339,-0.0002378529509596069,-0.00047135456540109335,-4.284422782510422e-05
0.2650672281891672,-0.00023208392948604714,-0.0004706829880855203,-4.279858857963183e-05
0.26510353379500057,-0.00022630636941906756,-0.0004699467755412329,-4.2760627395859295e-05
0.2651398394008339,-0.00022052385731571948,-0.0004691497576559975,-4.273105099831895e-05
0.2651761450066672,-0.0002147398064342853,-0.0004682958980838816,-4.271050579897222e-05
0.26521245061250054,-0.00020895732807435716,-0.0004673891293601591,-4.269955695780547e-05
0.2652487562183339,-0.0002031791511003434,-0.0004664331918507481,-4.269867831842184e-05
0.2652850618241672,-0.00019740760491435003,-0.00046543150703573825,-4.270825467294308e-05
0.26532136743000057,-0.00019164466901067703,-0.000464387109160276,-4.272859524300625e-05
0.2653576730358339,-0.0001858920794906363,-0.000463302648202191,-4.275995493877693e-05
0.26539397864166725,-0.00018015147198658692,-0.0004621804635147435,-4.2802558360045585e-05
0.26543028424750054,-0.00017442453343690495,-0.0004610227140006878,-4.285662096378973e-05
0.2654665898533339,-0.0001687131334205093,-0.00045983153984564357,-4.292236245037581e-05
0.2655028954591672,-0.0001630194096439565,-0.00045860922476355067,-4.300000908113349e-05
0.26553920106500056,-0.0001573457909433141,-0.0004573583275580402,-4.308978398349705e-05
0.2655755066708339,-0.00015169495314621185,-0.00045608175762155593,-4.3191887034948424e-05
0.26561181227666725,-0.00014606971604575204,-0.0004547827796767741,-4.3306468113839306e-05
0.26564811788250053,-0.0001404729010939701,-0.000453464946575933,-4.3433598906321443e-05
0.2656844234883339,-0.0001349071770460901,-0.00045213197273094645,-4.357324877416624e-05
0.2657207290941672,-0.00012937492320591723,-0.00045078757211652307,-4.372526935590364e-05
0.26575703470000056,-0.0001238781366594538,-0.00044943529158870466,-4.388939077106161e-05
0.2657933403058339,-0.00011841840154852832,-0.000448078371182941,-4.406522990401842e-05
0.26582964591166724,-0.00011299692661316,-0.00044671965791426516,-4.425230876190622e-05
0.26586595151750053,-0.00010761464417758752,-0.0004453615893745786,-4.445007884887831e-05
0.2659022571233339,-0.00010227235196926326,-0.00044400625006237715,-4.465794630413359e-05
0.2659385627291672,-9.697087090505806e-05,-0.00044265548944582395,-4.487529246015798e-05
0.26597486833500056,-9.171118884612181e-05,-0.0004413110789221631,-4.5101485505967034e-05
0.2660111739408339,-8.649456292651701e-05,-0.0004399748773678127,-4.533588086898547e-05
0.26604747954666724,-8.132256091745638e-05,-0.0004386489733115185,-4.557781035224139e-05
0.2660837851525006,-7.619703370757103e-05,-0.00043733577623257123,-4.5826562472313576e-05
0.26612009075833387,-7.112002414449479e-05,-0.00043603803923555125,-4.608135833391304e-05
0.2661563963641672,-6.609362967690894e-05,-0.0004347588085157132,-4.634132835484517e-05
0.26619270197000056,-6.111984512177215e-05,-0.00043350130908041803,-4.660549501801616e-05
0.2662290075758339,-5.620041574974063e-05,-0.000432268788433446,-4.687276560641674e-05
0.26626531318166724,-5.133672898088127e-05,-0.00043106434800636444,-4.714193683044305e-05
0.2663016187875006,-4.652976566414487e-05,-0.0004298907944773811,-4.7411710814327067e-05
0.26633792439333387,-4.1780120567511056e-05,-0.00042875053929402343,-4.7680719581404985e-05
0.2663742299991672,-3.7088088495295105e-05,-0.0004276455654400037,-4.794755345260472e-05
0.26641053560500055,-3.24537999000228e-05,-0.00042657746753673576,-4.821078800807764e-05
0.2664468412108339,-2.7877380371721785e-05,-0.0004255475572333696,-4.846900461581113e-05
0.26648314681666724,-2.335910378787279e-05,-0.0004245570132350891,-4.872080092667466e-05
0.2665194524225006,-1.8899510080357052e-05,-0.00042360704667617947,-4.896478987845715e-05
0.26655575802833387,-1.449946530482235e-05,-0.00042269904953189666,-4.919958819228485e-05
0.2665920636341672,-1.0160152701500783e-05,-0.00042183469697019174,-4.9423797572405246e-05
0.26662836924000055,-5.882996612346433e-06,-0.0004210159833632274,-4.963598336942962e-05
0.2666646748458339,-1.6695339460670077e-06,-0.00042024518442025405,-4.983465601529253e-05
0.26670098045166724,2.4787420973787116e-06,-0.00041952475212037315,-5.0018259972783983e-05
0.2667372860575006,6.560536040373093e-06,-0.00041885716208012397,-5.018517338377161e-05
0.2667735916633339,1.0574872332919662e-05,-0.00041824474218856475,-5.033371937558022e-05
0.2668098972691672,1.4521162322874221e-05,-0.0004176895150027024,-5.046218756018108e-05
0.26684620287500055,1.83992031778623e-05,-0.0004171930838030771,-5.056886214233469e-05
0.2668825084808339,2.2209109019693362e-05,-0.00041675658385042434,-5.0652051681974464e-05
0.26691881408666723,2.5951187559384974e-05,-0.00041638070785859335,-5.0710115217145084e-05
0.2669551196925006,2.9625786000715013e-05,-0.00041606580041108926,-5.074148021488443e-05
0.2669914252983339,3.3233135898681074e-05,-0.0004158120027477619,-5.07446495169849e-05
0.2670277309041672,3.677322687677895e-05,-0.0004156194195987684,-5.071819672859023e-05
0.26706403651000055,4.024573357825452e-05,-0.00041548827543058236,-5.066075188269843e-05
0.2671003421158339,4.3650010010299986e-05,-0.00041541902943565014,-5.057098120506228e-05
0.26713664772166723,4.6985152497438124e-05,-0.0004154124264776683,-5.0447565987483796e-05
0.2671729533275006,5.025011927808124e-05,-0.0004154694734929839,-5.0289185708671354e-05
0.2672092589333339,5.3443883892031666e-05,-0.00041559134518781,-5.009450959661443e-05
0.2672455645391672,5.656559301303509e-05,-0.00041577923650366666,-4.986219900554552e-05
0.26728187014500054,5.961469853303392e-05,-0.0004160341896231791,-4.959092066694409e-05
0.2673181757508339,6.259103867191864e-05,-0.00041635692826540855,-4.927936855238934e-05
0.26735448135666723,6.549485271768855e-05,-0.00041674773070586124,-4.8926290241337493e-05
0.26739078696250057,6.83267268087001e-05,-0.0004172063655926229,-4.853051270301876e-05
0.2674270925683339,7.108748148829473e-05,-0.0004177321026236216,-4.809096248164678e-05
0.26746339817416726,7.377802302676673e-05,-0.0004183237958044038,-4.7606676398247035e-05
0.26749970378000054,7.63991875424749e-05,-0.00041898002307906866,-4.70768008128566e-05
0.2675360093858339,7.895160840022431e-05,-0.0004196992553011575,-4.650057982211966e-05
0.2675723149916672,8.143563293309016e-05,-0.00042048002187546665,-4.5877335011365106e-05
0.26760862059750057,8.38513050680383e-05,-0.000421321041048711,-4.520644106874279e-05
0.2676449262033339,8.619841775186006e-05,-0.0004222212896409213,-4.448730235103404e-05
0.26768123180916725,8.847662561125009e-05,-0.000423179998686467,-4.371933520594202e-05
0.26771753741500054,9.06855966330006e-05,-0.0004241965757509553,-4.29019595670849e-05
0.2677538430208339,9.282517406604486e-05,-0.00042527046885730823,-4.20346013183234e-05
0.2677901486266672,9.489551769643325e-05,-0.00042640099826180255,-4.1116704598326764e-05
0.26782645423250057,9.689719753575304e-05,-0.00042758718858702447,-4.0147751072183444e-05
0.2678627598383339,9.883122205566852e-05,-0.00042882763383061154,-3.912728168292652e-05
0.26789906544416725,0.00010069899565487142,-0.0004301204215174048,-3.805491582768922e-05
0.26793537105000054,0.00010250221364810003,-0.0004314631309465925,-3.6930363397887886e-05
0.2679716766558339,0.00010424271510127372,-0.000432852906280795,-3.575342657484008e-05
0.2680079822616672,0.00010592232198053195,-0.00043428659086637794,-3.452399037607589e-05
0.26804428786750056,0.00010754269575931963,-0.000435760897431596,-3.324200326214967e-05
0.2680805934733339,0.00010910523930997867,-0.0004372725819479913,-3.190745115473743e-05
0.26811689907916725,0.00011061106322148125,-0.00043881858828797194,-3.052032955814356e-05
0.2681532046850006,0.00011206102329480342,-0.00044039613649828773,-2.908061883910076e-05
0.2681895102908339,0.0001134558222505387,-0.00044200273844265093,-2.7588267030101164e-05
0.2682258158966672,0.00011479615627809477,-0.0004436361386407384,-2.6043182925718075e-05
0.26826212150250056,0.00011608287835271,-0.0004452941926306969,-2.4445240074800382e-05
0.2682984271083339,0.00011731714692730144,-0.0004469747073085767,-2.279428998796892e-05
0.26833473271416725,0.00011850053131865295,-0.00044867527510692687,-2.109018095693365e-05
0.2683710383200006,0.00011963505333915047,-0.0004503931351309279,-1.9332777720899468e-05
0.2684073439258339,0.00012072315690018181,-0.00045212508922571796,-1.7521977056919946e-05
0.2684436495316672,0.00012176761109393368,-0.0004538674903911081,-1.565771524670031e-05
0.26847995513750056,0.0001227713649967575,-0.0004556163070246139,-1.373996509720353e-05
0.2685162607433339,0.0001237373816773059,-0.0004573672518504636,-1.1768722404658005e-05
0.26855256634916724,0.0001246684828543456,-0.00045911595190659387,-9.743983988342724e-06
0.2685888719550006,0.0001255672335650919,-0.0004608581280291202,-7.665721214809676e-06
0.26862517756083387,0.00012643588847123963,-0.0004625897504323452,-5.533853911318652e-06
0.2686614831666672,0.0001272764095313587,-0.00046430714159412934,-3.348229526687041e-06
0.26869778877250056,0.0001280905509934733,-0.00046600700783613105,-1.1086113490153491e-06
0.2687340943783339,0.00012887999466245652,-0.0004676863947730569,1.1853222463011877e-06
0.26877039998416724,0.00012964650867805066,-0.00046934257653221594,3.533967783629553e-06
0.2688067055900006,0.00013039209847526826,-0.0004709729014664613,5.937778348412719e-06
0.2688430111958339,0.00013111912007174805,-0.00047257462551728995,8.397241017956872e-06
0.2688793168016672,0.00013183033305514752,-0.000474144766793555,1.091285495152821e-05
0.26891562240750055,0.00013252888223660146,-0.0004756800108416203,1.3485114799919136e-05
0.2689519280133339,0.00013321821065978955,-0.0004771766862782327,1.6114502892034315e-05
0.26898823361916724,0.00013390191986304654,-0.00047863081682808105,1.880149173482776e-05
0.2690245392250006,0.00013458360343601678,-0.0004800382409866729,2.154655612673466e-05
0.2690608448308339,0.00013526668503428542,-0.00048139477738263163,2.4350192101861588e-05
0.2690971504366672,0.00013595429112527157,-0.0004826964049883362,2.7212938427570894e-05
0.26913345604250055,0.00013664918200676217,-0.0004839394243569717,3.0135395782585137e-05
0.2691697616483339,0.00013735375336437433,-0.0004851205696304966,3.311823916853359e-05
0.26920606725416724,0.00013807010699285336,-0.00048623705048530597,3.616222046345656e-05
0.2692423728600006,0.00013880017593379345,-0.00048728651664480715,3.9268160025655146e-05
0.2692786784658339,0.0001395458787640771,-0.00048826695249069266,4.243692848105823e-05
0.2693149840716672,0.00014030927214004702,-0.000489176522765252,4.566942181174088e-05
0.26935128967750055,0.00014109267105332475,-0.0004900133997688229,4.896653419359961e-05
0.2693875952833339,0.00014189871252087181,-0.0004907756059930232,5.2329133431508714e-05
0.26942390088916723,0.00014273034940576513,-0.0004914609031002475,5.575804322971403e-05
0.2694602064950006,0.00014359077462611195,-0.0004920667491418885,5.925403504447475e-05
0.2694965121008339,0.00014448328953505995,-0.0004925903326405593,6.281783020944076e-05
0.26953281770666726,0.00014541114112686298,-0.0004930286772087372,6.645011083388325e-05
0.26956912331250055,0.00014637735883522713,-0.0004933787966306673,7.015153610855857e-05
0.2696054289183339,0.00014738462185261245,-0.0004936378704587739,7.392275950350822e-05
0.26964173452416723,0.00014843518207478907,-0.0004938034060868244,7.776444214590747e-05
0.2696780401300006,0.0001495308570844816,-0.0004938733557581373,8.167725846346639e-05
0.2697143457358339,0.00015067309409535438,-0.0004938461655725625,8.566189180123131e-05
0.26975065134166726,0.0001518630920918008,-0.0004937207466116762,8.971901982606768e-05
0.26978695694750054,0.00015310195817057847,-0.0004934963732849233,9.384929168213645e-05
0.2698232625533339,0.0001543908674947188,-0.0004931725280117407,9.805330060268248e-05
0.26985956815916723,0.00015573119559156748,-0.000492748721682442,0.00010233155665468156
0.26989587376500057,0.0001571245971047012,-0.0004922243239811975,0.0001066844642913236
0.2699321793708339,0.00015857301551091684,-0.0004915984357046788,0.00011111230841457504
0.26996848497666726,0.00016007862173161925,-0.0004908698270423695,0.00011561525091072267
0.27000479058250054,0.00016164369340902914,-0.0004900369529764228,0.00012019333748021804
0.2700410961883339,0.00016327045820242183,-0.0004890980419878159,0.00012484651248705878
0.2700774017941672,0.00016496093154177424,-0.0004880512400200708,0.00012957463793979415
0.27011370740000057,0.00016671678047780047,-0.00048689478091041525,0.00013437751192178955
0.2701500130058339,0.00016853924034674304,-0.00048562714933445054,0.00013925488197679396
0.27018631861166725,0.00017042910086840864,-0.0004842472037283686,0.00014420645008573083
0.27022262421750054,0.00017238676496341237,-0.00048275423438179035,0.00014923186770407178
0.2702589298233339,0.00017441236958525277,-0.0004811479444401959,0.00015433072148179994
0.2702952354291672,0.00017650594592015216,-0.0004794283564896872,0.00015950251230956923
0.27033154103500057,0.0001786675887251979,-0.0004775956618249052,0.000164746631803193
0.2703678466408339,0.0001808976028249044,-0.0004756500406258949,0.0001700623409483061
0.27040415224666725,0.00018319659921279543,-0.00047359148693290967,0.00017544875525205169
0.2704404578525006,0.00018556552295805946,-0.00047141967140877823,0.00018090483946880877
0.2704767634583339,0.00018800560831618222,-0.0004691338675879443,0.00018642941305078994
0.2705130690641672,0.00019051827053659146,-0.0004667329550408938,0.00019202116532244593
0.27054937467000056,0.00019310495612402537,-0.0004642154980105947,0.0001976786774389045
0.2705856802758339,0.00019576698136967102,-0.00046157988348810553,0.00020340044686645046
0.27062198588166725,0.00019850539126093549,-0.0004588244912186984,0.0002091849096909859
0.2706582914875006,0.0002013208669576867,-0.00045594786199594213,0.00021503045660570052
0.2706945970933339,0.00020421370064298473,-0.00045294883100169996,0.00022093543983483493
0.2707309026991672,0.00020718384352990494,-0.0004498265998094429,0.00022689817022017976
0.27076720830500056,0.00021023101865222342,-0.0004465807326569845,0.00023291690581760528
0.2708035139108339,0.0002133548775243407,-0.00044321107738614577,0.0002389898351788812
0.27083981951666725,0.00021655517125305888,-0.00043971762616865984,0.0002451150596480837
0.2708761251225006,0.00021983190386773958,-0.00043610034292927154,0.0002512905792425741
0.2709124307283339,0.00022318543905231825,-0.00043235899094537684,0.0002575142859679191
0.2709487363341672,0.0002266165404518785,-0.00042849299416792625,0.00026378396688725995
0.27098504194000056,0.00023012633854753708,-0.0004245013593537142,0.0002700973172501247
0.2710213475458339,0.00023371623126286836,-0.000420382674374672,0.00027645196190602075
0.27105765315166724,0.00023738773823768893,-0.0004161351833505665,0.000282845481519252
0.2710939587575006,0.0002411423376055641,-0.000411756924396534,0.00028927543911963266
0.27113026436333393,0.0002449813174148917,-0.00040724590367364593,0.0002957394024726526
0.2711665699691672,0.0002489056708998467,-0.0004026002724339998,0.00030223495864067684
0.27120287557500056,0.00025291605620637473,-0.00039781847322552623,0.00030875971874607267
0.2712391811808339,0.000257012828578906,-0.0003928993274727393,0.0003153113129932067
0.27127548678666724,0.00026119613886080295,-0.0003878420481061491,0.000321887378030216
0.2713117923925006,0.00026546607920304024,-0.00038264617555100976,0.00032848554031002
0.2713480979983339,0.0002698228476274545,-0.0003773114503608851,0.00033510339991392506
0.2713844036041672,0.00027426689934972306,-0.0003718376481805302,0.00034173851916377606
0.27142070921000055,0.00027879905526092944,-0.0003662244101314611,0.00034838841930051693
0.2714570148158339,0.0002834205462124785,-0.00036047110268625415,0.00035505058676926955
0.27149332042166724,0.00028813298414709967,-0.0003545767354384355,0.00036172248858852134
0.2715296260275006,0.0002929382652613328,-0.0003485399539777961,0.00036840159432597637
0.2715659316333339,0.0002978384235247499,-0.00034235911051821825,0.0003750854007651871
0.2716022372391672,0.00030283546246423997,-0.00033603239982541767,0.00038177145472575785
0.27163854284500055,0.0003079311972838151,-0.00032955803529131255,0.00038845736982499017
0.2716748484508339,0.000313127137319961,-0.0003229344321721632,0.00039514083417165296
0.27171115405666724,0.00031842443092889097,-0.00031616036357628524,0.0004018196078111541
0.2717474596625006,0.0003238238826987516,-0.00030923506003823094,0.00040849151081345434
0.2717837652683339,0.0003293260387474455,-0.000302158234434783,0.0004151544047780128
0.27182007087416726,0.0003349313225527064,-0.0002949300284658508,0.0004218061718314553
0.27185637648000055,0.000340640193855891,-0.0002875508921304082,0.0004284446956431194
0.2718926820858339,0.0003464532986144689,-0.0002800214206180116,0.0004350678484890461
0.27192898769166723,0.0003523715796438093,-0.0002723421812831331,0.00044167348706146165
0.2719652932975006,0.0003583963251689349,-0.0002645135652662496,0.0004482594578283337
0.2720015989033339,0.0003645291445334094,-0.0002565356934999546,0.0004548236106923421
0.27203790450916726,0.0003707718744513466,-0.00024840839622510365,0.00046136381790994296
0.27207421011500055,0.000377126432692542,-0.00024013127080218385,0.00046787799408203637
0.2721105157208339,0.00038359464633343573,-0.00023170380732367128,0.0004743641127568025
0.27214682132666723,0.00039017808669297043,-0.00022312555828526065,0.0004808202158475272
0.2721831269325006,0.0003968779418272629,-0.0002143963199348393,0.00048724441352385243
0.2722194325383339,0.00040369495021570973,-0.0002055162905697677,0.0004936348741787648
0.27225573814416726,0.0004106294074348982,-0.0001964861754540289,0.0004999898060994776
0.27229204375000055,0.0004176812434812568,-0.00018730721832271985,0.0005063074341556722
0.2723283493558339,0.0004248501547135644,-0.00017798115363049644,0.0005125859758128811
0.27236465496166723,0.00043213576380290254,-0.0001685100890231743,0.0005188236208766548
0.27240096056750057,0.0004395377756595855,-0.0001588963409868019,0.0005250185185566779
0.2724372661733339,0.00044705609811095164,-0.00014914225563437443,0.0005311687738821319
0.27247357177916726,0.00045469090297901957,-0.0001392500493748768,0.0005372724535276238
0.2725098773850006,0.0004624426148212544,-0.00012922170023162326,0.0005433275991357392
0.2725461829908339,0.0004703118286973974,-0.00011905891061280147,0.0005493322446597943
0.2725824885966672,0.00047829917217229076,-0.00010876314832863487,0.0005552844334237864
0.27261879420250057,0.00048640513766814086,-9.833575732651508e-05,0.0005611822306764818
0.2726550998083339,0.0004946299171195727,-8.777811596393556e-05,0.0005670237283837457
0.27269140541416725,0.0005029732705240974,-7.709181131958339e-05,0.0005728070406529714
0.2727277110200006,0.0005114344534869025,-6.627879487181133e-05,0.0005785302901689728
0.2727640166258339,0.0005200122174919345,-5.534148846875337e-05,0.0005841915879257301
0.2728003222316672,0.0005287048825984944,-4.428281917420772e-05,0.0005897890099644718
0.27283662783750057,0.0005375104682901943,-3.3106175413959635e-05,0.000595320575478266
0.2728729334433339,0.0005464268570060924,-2.1815292168657408e-05,0.0006007842303820942
0.27290923904916725,0.0005554519586378086,-1.0414086772560615e-05,0.0006061778393315525
0.2729455446550006,0.0005645838441945353,1.093523513032513e-06,0.0006114991874377384
0.2729818502608339,0.0005738208229343637,1.2703787452981578e-05,0.0006167459909345657
0.2730181558666672,0.0005831614483477797,2.4413237859116966e-05,0.0006219159142245486
0.27305446147250056,0.0005926044522991546,3.621873959791775e-05,0.0006270065894424335
0.2730907670783339,0.0006021486206752325,4.811745919171355e-05,0.0006320156342010081
0.27312707268416725,0.0006117926353229901,6.010676294533913e-05,0.000636940663617941
0.2731633782900006,0.0006215349136581822,7.218406450112503e-05,0.0006417792939741509
0.27319968389583393,0.0006313734778072841,8.43466526126099e-05,0.0006465291371598395
0.2732359895016672,0.0006413058794177206,9.659153379822323e-05,0.0006511877870453424
0.27327229510750056,0.0006513291954519275,0.00010891532163103007,0.000655752800655613
0.2733086007133339,0.0006614400964792883,0.00012131419530283205,0.0006602216781653179
0.27334490631916725,0.0006716349748864641,0.00013378393654744238,0.0006645918460286303
0.2733812119250006,0.0006819101087878525,0.00014632003866316625,0.0006688606469523937
0.27341751753083393,0.0006922618305019216,0.00015891786723445673,0.0006730253390405369
0.2734538231366672,0.0007026866676131995,0.00017157284198033017,0.0006770831045704275
0.27349012874250056,0.0007131814300274063,0.0001842806049426406,0.0006810310668984414
0.2735264343483339,0.0007237432269966074,0.00019703714279909598,0.0006848663123421595
0.27356273995416724,0.0007343694117796778,0.00020983883994789542,0.0006885859128940579
0.2735990455600006,0.0007450574657395196,0.00022268245243851992,0.0006921869454924198
0.27363535116583393,0.000755804845503472,0.00023556500819931379,0.0006956665043350787
0.2736716567716672,0.0007666088240187817,0.00024848365333754837,0.0006990217042105967
0.27370796237750056,0.0007774663575135459,0.00026143547476522477,0.000702249674727827
0.2737442679833339,0.0007883740052938077,0.00027441733398663544,0.0007053475472502279
0.27378057358916724,0.0007993279189596417,0.00028742574467365445,0.0007083124378842653
0.2738168791950006,0.0008103239040260913,0.0003004568180791464,0.0007111414307107664
0.2738531848008339,0.000821357542742895,0.0003135062870677024,0.0007138315654105621
0.27388949040666727,0.0008324243548917297,0.00032656960416337365,0.0007163798325308545
0.27392579601250056,0.0008435199658493975,0.00033964209452612095,0.0007187831780570927
0.2739621016183339,0.000854640249706109,0.0003527191339995226,0.000721038517028103
0.27399840722416724,0.0008657814200171315,0.0003657963174243275,0.0007231427540625212
0.2740347128300006,0.0008769400509133959,0.00037886958425267786,0.0007250928072420427
0.2740710184358339,0.0008881130248253286,0.00039193527676861177,0.0007268856311172984
0.27410732404166727,0.0008992974173457886,0.0004049901193089617,0.0007285182348052142
0.27414362964750055,0.0009104903419872767,0.0004180311222316073,0.0007299876921879134
0.2741799352533339,0.0009216887853868819,0.0004310554289996384,0.000731291142883116
0.27421624085916724,0.0009328894653542893,0.0004440601357874789,0.0007324257845865165
0.2742525464650006,0.0009440887396795977,0.0004570421183154022,0.0007333888591840584
0.2742888520708339,0.0009552825836879888,0.0004699978991495136,0.0007341776363214358
0.27432515767666726,0.000966466641081164,0.0004829235807546757,0.0007347893986316278
0.27436146328250055,0.0009776363382623088,0.0004958148567130304,0.00073522143245366
0.2743977688883339,0.0009887870399000554,0.0005086670982374142,0.000735471026706274
0.27443407449416723,0.0009999142153759657,0.0005214754984035711,0.0007355354808553936
0.2744703801000006,0.0010110135835644045,0.0005342352452702857,0.0007354121209963152
0.2745066857058339,0.0010220812075449834,0.0005469416894496877,0.0007350983213621641
0.27454299131166726,0.0010331135205397168,0.0005595904728235487,0.0007345915274266148
0.2745792969175006,0.001044107277712026,0.0005721775927496912,0.0007338892764294248
0.2746156025233339,0.0010550594428619098,0.0005846993887660627,0.0007329892116875998
0.27465190812916723,0.0010659670316940718,0.0005971524539985774,0.0007318890883497748
0.2746882137350006,0.0010768269417583385,0.0006095334882373371,0.0007305867700345504
0.2747245193408339,0.0010876358017219531,0.0006218391210761239,0.000729080217691284
0.27476082494666726,0.0010983898688323866,0.0006340657393760878,0.0007273674736369797
0.2747971305525006,0.0011090849940093481,0.0006462093524699394,0.0007254466447179538
0.2748334361583339,0.0011197166608040926,0.0006582655211353533,0.0007233158887124644
0.27486974176416723,0.0011302800900588287,0.0006702293638844321,0.0007209734073964303
0.2749060473700006,0.0011407703892995168,0.0006820956389862099,0.0007184174482847905
0.2749423529758339,0.0011511827171980713,0.000693858885825998,0.0007156463152314677
0.27497865858166726,0.0011615124305398717,0.0007055135976115353,0.0007126583862042005
0.2750149641875006,0.0011717551845921912,0.0007170543913334382,0.0007094521350369371
0.2750512697933339,0.0011819069669092316,0.0007284761414726526,0.0007060261531180169
0.27508757539916723,0.0011919640576414697,0.0007397740511065228,0.0007023791669728783
0.27512388100500057,0.001201922923793046,0.0007509436463954833,0.0006985100485446651
0.2751601866108339,0.0012117800677816824,0.0007619806955181791,0.0006944178164877405
0.27519649221666725,0.00122153185957941,0.0007728810680071497,0.0006901016286515763
0.2752327978225006,0.0012311743849079961,0.0007836405622016357,0.0006855607677567012
0.27526910342833394,0.0012407033388096968,0.0007942547348703697,0.0006807946236697845
0.2753054090341672,0.0012501139850328,0.0008047187667200109,0.0006758026763787882
0.27534171464000057,0.0012594011888031934,0.0008150273905560231,0.0006705844836075898
0.2753780202458339,0.001268559516217793,0.0008251748966599057,0.0006651396760273474
0.27541432585166725,0.001277583380499034,0.0008351552148776671,0.000659467961425053
0.2754506314575006,0.0012864672062345675,0.0008449620579301643,0.0006535691373119779
0.27548693706333394,0.001295205579275135,0.0008545890984923141,0.0006474431096878434
0.2755232426691672,0.0013037933528493016,0.0008640301459909557,0.0006410899143885506
0.27555954827500057,0.001312225689108484,0.000873279289136052,0.0006345097369035937
0.2755958538808339,0.0013204980280421281,0.0008823309769183408,0.0006277029268651745
0.27563215948666725,0.0013286059900063703,0.0008911800228666561,0.0006206700045167461
0.2756684650925006,0.0013365452311868012,0.0008998215324012888,0.0006134116581318922
0.27570477069833393,0.001344311280603995,0.0009082507682020484,0.000605928733226993
0.2757410763041672,0.0013518993909485218,0.0009164629806784697,0.0005982222161020166
0.27577738191000056,0.0013593044328784056,0.0009244532375016905,0.0005902932154008093
0.2758136875158339,0.001366520853945152,0.0009322162863862249,0.0005821429457654045
0.27584999312166725,0.0013735427106924445,0.0009397464788489379,0.0005737727171902127
0.2758862987275006,0.001380363768166989,0.0009470377707855714,0.0005651839324614855
0.27592260433333393,0.001386977647896855,0.0009540838007182635,0.000556378093351936
0.2759589099391672,0.0013933779959136457,0.0009608780314137815,0.0005473568143893158
0.27599521554500056,0.0013995586384805624,0.0009674139282173397,0.0005381218414180862
0.2760315211508339,0.0014055136956091145,0.000973685140308273,0.0005286750711586216
0.27606782675666725,0.001411237630732172,0.0009796856505570265,0.000519018567749259
0.2761041323625006,0.0014167252274305095,0.0009854098658483397,0.0005091545728768438
0.27614043796833393,0.0014219714984318394,0.0009908526314190153,0.0004990855074295978
0.27617674357416727,0.001426971545411156,0.0009960091676496786,0.0004888139643628323
0.27621304918000056,0.0014317203978113794,0.0010008749429305027,0.00047834269428493616
0.2762493547858339,0.0014362128630738319,0.001005445508717717,0.00046767458676799
0.27628566039166724,0.001440443418499068,0.0010097163302649084,0.0004568126512517133
0.2763219659975006,0.0014444061668711192,0.0010136826473114368,0.00044576000146150834
0.2763582716033339,0.0014480948655524743,0.0010173393930889044,0.00043451984649154647
0.27639457720916727,0.00145150302442322,0.00102068118853222,0.000423095490274495
0.27643088281500056,0.0014546240546002274,0.0010237024138092098,0.0004114903393706306
0.2764671884208339,0.00145745143996096,0.0010263973441122255,0.00039970791723554036
0.27650349402666724,0.0014599788990515474,0.0010287603240632548,0.00038775188173848917
0.2765397996325006,0.0014622005068507674,0.0010307859475393209,0.0003756260419927066
0.2765761052383339,0.0014641107537207464,0.0010324692087041085,0.00036333437067246195
0.27661241084416727,0.0014657045311638128,0.0010338055957299546,0.00035088100890548425
0.27664871645000055,0.0014669770483184083,0.0010347911099875204,0.00033827026235148217
0.2766850220558339,0.0014679236966645961,0.0010354222081464801,0.0003255065888896779
0.27672132766166724,0.001468539890523205,0.0010356956797858811,0.00031259458006157394
0.2767576332675006,0.0014688209156446994,0.001035608485779091,0.00029953893968972677
0.2767939388733339,0.0014687618165751999,0.0010351575904072323,0.0002863444636532815
0.27683024447916726,0.0014683573458762619,0.0010343398213573508,0.0002730160245300759
0.2768665500850006,0.0014676019861557636,0.0010331517862430968,0.000259558563770484
0.2769028556908339,0.0014664900416153169,0.0010315898631332672,0.0002459770924685137
0.27693916129666724,0.0014650157822271536,0.0010296502679812732,0.00023227669997525043
0.2769754669025006,0.001463173613381697,0.0010273291866866319,0.0002184625679384993
0.2770117725083339,0.0014609582389048948,0.001024622946769991,0.00020453998619669175
0.27704807811416726,0.0014583647866950567,0.0010215281958138632,0.00019051436654519968
0.2770843837200006,0.001455388873601538,0.0010180420524528737,0.00017639125081366628
0.2771206893258339,0.001452026598111026,0.0010141622010605255,0.0001621763108550658
0.27715699493166723,0.0014482744635751419,0.0010098869123214044,0.00014787533970768855
0.2771933005375006,0.00144412924832484,0.0010052149864287875,0.00013349423500333787
0.2772296061433339,0.0014395878494030362,0.0010001456308477447,0.00011903897728093693
0.27726591174916726,0.0014346471317722826,0.0009946782974444945,0.00010451560689452418
0.2773022173550006,0.001429303813718084,0.0009888125117744526,8.993020346488136e-05
0.2773385229608339,0.0014235544119992982,0.0009825477288707301,7.528887126226656e-05
0.27737482856666723,0.0014173952585078517,0.000975883244674184,6.059773264290023e-05
0.2774111341725006,0.0014108225861099296,0.0009688181813143459,4.5862929959312006e-05
0.2774474397783339,0.0014038326677196314,0.0009613515499331041,3.109063458044069e-05
0.27748374538416726,0.0013964219821801039,0.0009534823794905795,1.6287060163767684e-05
0.2775200509900006,0.001388587375253561,0.0009452098870011438,1.4584764295567095e-06
0.27755635659583394,0.0013803261849845894,0.000936533656469471,-1.3388780418933e-05
0.27759266220166723,0.0013716363077090424,0.0009274537920393733,-2.8248303785465355e-05
0.27762896780750057,0.0013625161926540277,0.0009179710158784048,-4.311362107941136e-05
0.2776652734133339,0.0013529647671166364,0.0009080866921161247,-5.7978206490628984e-05
0.27770157901916726,0.0013429813078584731,0.0008978027726145298,-7.283550046743606e-05
0.2777378846250006,0.001332565284925421,0.0008871216756366244,-8.767893283695328e-05
0.27777419023083394,0.0013217162095179834,0.0008760461215922839,-0.00010250194576210216
0.2778104958366672,0.0013104335167311901,0.0008645789584057743,-0.00011729801278131945
0.27784680144250057,0.001298716507111676,0.0008527230110257813,-0.00013206065101300192
0.2778831070483339,0.0012865643593927376,0.0008404809848009849,-0.0001467834250503484
0.27791941265416725,0.001273976212742695,0.0008278554418171305,-0.0001614599428204355
0.2779557182600006,0.001260951303154421,0.0008148488549248045,-0.00017608384536775353
0.27799202386583394,0.0012474891279093167,0.0008014637289039445,-0.00019064879379428293
0.2780283294716672,0.0012335896064707749,0.0007877027650132587,-0.00020514845718000858
0.27806463507750057,0.001219253206798885,0.0007735690366505334,-0.00021957650509666472
0.2781009406833339,0.0012044810128074269,0.0007590661416732061,-0.00023392660735866954
0.27813724628916725,0.001189274720186536,0.0007441983015193946,-0.00024819244213224255
0.2781735518950006,0.0011736365618321457,0.0007289703877191606,-0.000262367711765821
0.27820985750083393,0.0011575691779039806,0.0007133878706345371,-0.000276446164080084
0.2782461631066673,0.0011410754563710315,0.0006974567005097863,-0.00029042161570392547
0.27828246871250056,0.0011241583756681805,0.0006811831441523038,-0.00030428797360418136
0.2783187743183339,0.0011068208806469817,0.0006645736091979892,-0.0003180392513230637
0.27835507992416725,0.001089065816443073,0.0006476344902494029,-0.00033166957753109536
0.2783913855300006,0.0010708959334895635,0.0006303720667580812,-0.00034517319609590926
0.27842769113583393,0.0010523139629162567,0.0006127924722304951,-0.0003585444586256158
0.2784639967416673,0.001033322747734591,0.0005949017402026088,-0.0003717778120022533
0.27850030234750056,0.0010139254042338566,0.0005767059172380364,-0.0003848677844511976
0.2785366079533339,0.0009941254820585764,0.0005582112199524332,-0.0003978089739815861
0.27857291355916725,0.0009739270916669135,0.0005394242043612603,-0.00041059604252095236
0.2786092191650006,0.0009533349742377114,0.0005203519134013008,-0.0004232237178617269
0.27864552477083393,0.0009323545003462197,0.0005010019727660045,-0.0004356868038900129
0.27868183037666727,0.0009109915976541024,0.0004813826153709403,-0.0004479801978219238
0.27871813598250056,0.0008892526217226248,0.0004615026288187162,-0.0004600989116936483
0.2787544415883339,0.0008671441951375424,0.00044137123538983005,-0.00047203809444624296
0.27879074719416724,0.0008446730462573374,0.0004209979273576393,-0.00048379305080284435
0.2788270528000006,0.0008218458788654857,0.0004003922891952375,-0.000495359253783363
0.2788633584058339,0.0007986692978348559,0.0003795638407810448,-0.0005067323490037332
0.27889966401166727,0.0007751498048173914,0.0003585219315187064,-0.0005179081505911796
0.2789359696175006,0.0007512938641405723,0.0003372757051928336,-0.0005288826302622269
0.2789722752233339,0.0007271080252454242,0.00031583414137639575,-0.0005396519024990106
0.27900858082916724,0.0007025990768611869,0.0002942061640504916,-0.0005502122095332617
0.2790448864350006,0.0006777742018664665,0.00027240079478169316,-0.0005605599098463131
0.2790811920408339,0.0006526411016583837,0.0002504273189524329,-0.0005706914731196445
0.27911749764666727,0.000627208064858034,0.0002282954309019594,-0.0005806034831870167
0.2791538032525006,0.0006014839661334062,0.00020601532793071157,-0.0005902926488360567
0.2791901088583339,0.0005754781946583772,0.00018359773314377556,-0.0005997558206402235
0.27922641446416724,0.0005492005255408289,0.00016105384108512836,-0.0006089900107189944
0.2792627200700006,0.0005226609587237867,0.00013839519528998167,-0.0006179924116915878
0.2792990256758339,0.0004958695561929586,0.00011563352026737456,-0.0006267604112379361
0.27933533128166727,0.0004688363085695672,9.278053938151008e-05,-0.0006352915995769842
0.2793716368875006,0.0004415710562856815,6.984781286293309e-05,-0.0006435837686276961
0.2794079424933339,0.00041408347969433405,4.684662620454792e-05,-0.0006516349033270847
0.27944424809916724,0.0003863831587998378,2.3787949265362046e-05,-0.0006594431671844965
0.2794805537050006,0.0003584796895011582,6.824724727319217e-07,-0.0006670068853171681
0.2795168593108339,0.000330382832042722,-2.2459288674394247e-05,-0.0006743245286960118
0.27955316491666726,0.00030210266096999884,-4.562684305228564e-05,-0.0006813947030329867
0.2795894705225006,0.0002736496855516518,-6.880955863048525e-05,-0.0006882161447261018
0.27962577612833395,0.0002450349154208017,-9.199651668442546e-05,-0.0006947877247588257
0.27966208173416723,0.00021626985696197472,-0.00011517641589078998,-0.0007011084597462251
0.2796983873400006,0.00018736643960233677,-0.00013833754687943056,-0.0007071775277874802
0.2797346929458339,0.00015833688496738848,-0.0001614678439573928,-0.0007129942857440685
0.27977099855166726,0.00012919354311068787,-0.00018455500554943893,-0.0007185582842320011
0.2798073041575006,9.994872650588868e-05,-0.00020758666140345447,-0.000723869277063546
0.27984360976333394,7.061457291937229e-05,-0.00023055055544455002,-0.0007289272230046354
0.27987991536916723,4.120296257724055e-05,-0.00025343471012966967,-0.0007337322792915242
0.2799162209750006,1.1725504324807942e-05,-0.0002762275418466656,-0.0007382847880440033
0.2799525265808339,-1.780640813890063e-05,-0.000298917906584219,-0.0007425852581683048
0.27998883218666726,-4.7381482701983886e-05,-0.0003214950688578864,-0.0007466343462565308
0.2800251377925006,-7.698838203043583e-05,-0.0003439486019972964,-0.0007504328401702665
0.28006144339833394,-0.00010661557416749483,-0.0003662682413986361,-0.0007539816484065715
0.28009774900416723,-0.00013625121174619132,-0.0003884437215658235,-0.0007572817971082507
0.28013405461000057,-0.00016588306541933526,-0.00041046463089038586,-0.0007603344349556806
0.2801703602158339,-0.00019549852646690317,-0.00043232031454462297,-0.0007631408445038803
0.28020666582166726,-0.0002250846799485188,-0.0004539998462983577,-0.000765702457155321
0.2802429714275006,-0.0002546284359048216,-0.00047549207641058646,-0.0007680208681725691
0.28027927703333394,-0.0002841166947054418,-0.0004967857476940151,-0.0007700978480989685
0.2803155826391673,-0.0003135365159379368,-0.0005178696583758702,-0.0007719353476772399
0.28035188824500057,-0.0003428752595496006,-0.0005387328411412439,-0.000773535494684121
0.2803881938508339,-0.00037212067342469,-0.000559364724565336,-0.000774900582756702
0.28042449945666725,-0.0004012609121237581,-0.0005797552466404134,-0.0007760330539272646
0.2804608050625006,-0.0004302844850513059,-0.0005998948995845518,-0.0007769354778663842
0.28049711066833394,-0.00045918014618593966,-0.000619774698703657,-0.0007776105314920602
0.2805334162741673,-0.0004879367489735972,-0.0006393860830780098,-0.0007780609824995735
0.28056972188000057,-0.000516543096793871,-0.0006587207692939355,-0.0007782896795252882
0.2806060274858339,-0.000544987820225497,-0.0006777705886826494,-0.0007782995502542196
0.28064233309166725,-0.0005732593070047314,-0.0006965273417374213,-0.0007780936071091595
0.2806786386975006,-0.0006013457001459763,-0.0007149826999256515,-0.0007776749585672171
0.28071494430333394,-0.0006292349662362673,-0.0007331281756802861,-0.0007770468229691727
0.2807512499091673,-0.0006569150220785848,-0.0007509551678125474,-0.0007762125411630177
0.28078755551500056,-0.0006843738963700039,-0.0007684550746142653,-0.0007751755845631063
0.2808238611208339,-0.0007115998962206545,-0.0007856194534743338,-0.0007739395561585916
0.28086016672666725,-0.0007385817473986811,-0.0008024401965778819,-0.0007725081834690185
0.2808964723325006,-0.0007653086823988626,-0.0008189096890181322,-0.0007708853041145285
0.28093277793833393,-0.0007917704607426006,-0.0008350209190693432,-0.0007690748461943877
0.2809690835441673,-0.0008179573192845789,-0.000850767519768495,-0.0007670808067324637
0.2810053891500006,-0.0008438598640854334,-0.0008661437344753157,-0.0007649072318308214
0.2810416947558339,-0.0008694689268897003,-0.0008811443140521603,-0.0007625582017946831
0.28107800036166725,-0.0008947754161610568,-0.0008957643667682648,-0.0007600378234344355
0.2811143059675006,-0.0009197701936130529,-0.0009099991913267228,-0.0007573502302357396
0.28115061157333393,-0.000944444002045144,-0.0009238441267010529,-0.0007544995894346764
0.2811869171791673,-0.0009687874600703522,-0.0009372944491022054,-0.0007514901135872901
0.2812232227850006,-0.0009927911260271254,-0.0009503453370418754,-0.0007483260732840686
0.2812595283908339,-0.0010164456196335061,-0.0009629919119627051,-0.0007450118074251356
0.28129583399666724,-0.0010397417784811275,-0.0009752293469364819,-0.0007415517279890085
0.2813321396025006,-0.0010626708195432307,-0.0009870530224444325,-0.0007379503173872213
0.28136844520833393,-0.0010852244748501614,-0.0009984586989120912,-0.0007342121180553341
0.28140475081416727,-0.001107395075565789,-0.0010094426723182468,-0.0007303417155612178
0.2814410564200006,-0.0011291755688713578,-0.0010200018824928177,-0.000726343717872757
0.2814773620258339,-0.0011505594653157248,-0.001030133953008501,-0.0007222227342346786
0.28151366763166724,-0.0011715407280013588,-0.0010398371550183164,-0.000717983357189629
0.2815499732375006,-0.0011921136264329737,-0.0010491103023382764,-0.0007136301506245657
0.2815862788433339,-0.0012122725847956112,-0.0010579525985692439,-0.0007091676454673257
0.28162258444916727,-0.0012320120554803488,-0.0010663634664312416,-0.0007046003430629242
0.2816588900550006,-0.0012513264436317586,-0.0010743423928985163,-0.0006999327246584762
0.28169519566083395,-0.0012702100983497916,-0.001081888820505533,-0.0006951692641542095
0.28173150126666724,-0.0012886573729450914,-0.0010890021059847173,-0.0006903144406014658
0.2817678068725006,-0.0013066627429367738,-0.0010956815540212716,-0.0006853727469880279
0.2818041124783339,-0.0013242209590050929,-0.0011019265190154173,-0.0006803486926339411
0.28184041808416727,-0.0013413272051360017,-0.0011077365542724823,-0.0006752467978635747
0.2818767236900006,-0.0013579772310985609,-0.0011131115786564198,-0.0006700715812415891
0.28191302929583395,-0.0013741674333957645,-0.0011180520272926226,-0.0006648275412232412
0.28194933490166724,-0.001389894868936674,-0.001122558956066158,-0.0006595191352471436
0.2819856405075006,-0.0014051571988960088,-0.0011266340787990455,-0.0006541507598458137
0.2820219461133339,-0.001419952573945711,-0.001130279729290881,-0.000648726735152419
0.28205825171916726,-0.0014342794835524965,-0.0011334987552353622,-0.0006432512962825812
0.2820945573250006,-0.0014481365990641102,-0.0011362943644460262,-0.00063772859265592
0.28213086293083395,-0.0014615226414685838,-0.001138669953184096,-0.0006321626946882096
0.28216716853666723,-0.0014744362997781587,-0.0011406289498323095,-0.0006265576057720353
0.2822034741425006,-0.0014868762159390514,-0.001142174704024629,-0.0006209172763864948
0.2822397797483339,-0.0014988410389864964,-0.001143310442250428,-0.0006152456167584318
0.28227608535416726,-0.0015103295374553206,-0.0011440392977094423,-0.000609546504824844
0.2823123909600006,-0.0015213407475261652,-0.0011443644074269905,-0.0006038237872490549
0.28234869656583395,-0.0015318741273108193,-0.001144289056273798,-0.000598081272711871
0.28238500217166723,-0.0015419296864503907,-0.001143816838217411,-0.0005923227183265245
0.2824213077775006,-0.0015515080650549064,-0.0011429518017050744,-0.0005865518114734757
0.2824576133833339,-0.001560610545988238,-0.0011416985492155591,-0.0005807721503171119
0.28249391898916726,-0.001569238997623294,-0.0011400622700934021,-0.0005749872265509586
0.2825302245950006,-0.0015773957578649252,-0.001138048698991108,-0.0005692004134635983
0.28256653020083394,-0.0015850834817611758,-0.0011356640069725055,-0.0005634149613206492
0.2826028358066673,-0.0015923049821238893,-0.0011329146456543816,-0.000557634000549194
0.28263914141250057,-0.001599063093859989,-0.0011298071740440975,-0.0005518605516057145
0.2826754470183339,-0.0016053605879293503,-0.0011263481011308644,-0.0005460975390419975
0.28271175262416726,-0.0016112001509475489,-0.0011225437741364092,-0.0005403478064401805
0.2827480582300006,-0.0016165844334049323,-0.0011184003332538898,-0.0005346141287427789
0.28278436383583394,-0.0016215161558608938,-0.0011139237405026932,-0.0005288992190847666
0.2828206694416673,-0.001625998250986429,-0.0011091198756180793,-0.0005232057284193594
0.28285697504750057,-0.0016300340122379425,-0.0011039946785930562,-0.0005175362377681133
0.2828932806533339,-0.001633627218647808,-0.0010985543092300641,-0.0005118932444967943
0.28292958625916725,-0.0016367822099618281,-0.0010928052906750908,-0.0005062791452926521
0.2829658918650006,-0.0016395038961941706,-0.001086754607065419,-0.0005006962192302953
0.28300219747083394,-0.0016417976986527944,-0.0010804097344966888,-0.0004951466143144211
0.2830385030766673,-0.00164366943303912,-0.0010737785977062147,-0.0004896323401790941
0.28307480868250057,-0.0016451251566610566,-0.0010668694595638462,-0.0004841552683543194
0.2831111142883339,-0.0016461710088561021,-0.0010596907637488247,-0.00047871713994753634
0.28314741989416725,-0.0016468130750074985,-0.0010522509602408543,-0.0004733195790577532
0.2831837255000006,-0.0016470572998018827,-0.0010445583466365137,-0.0004679641090634169
0.28322003110583394,-0.0016469094655645665,-0.001036620955151512,-0.0004626521683476591
0.2832563367116673,-0.0016463752385665765,-0.001028446506112581,-0.0004573851221666614
0.2832926423175006,-0.00164546027269245,-0.0010200424355765964,-0.0004521642681984304
0.2833289479233339,-0.0016441703484658993,-0.0010114159900480436,-0.00044699083465605713
0.28336525352916725,-0.001642511518407904,-0.0010025743680037408,-0.00044186597142980476
0.2834015591350006,-0.0016404902284377777,-0.000993524878700153,-0.00043679073620575526
0.28343786474083393,-0.0016381133897698725,-0.0009842750853583187,-0.00043176607858530383
0.2834741703466673,-0.0016353883855645302,-0.0009748329029582989,-0.00042679282567470076
0.2835104759525006,-0.0016323230095165564,-0.000965206629901885,-0.0004218716723342831
0.2835467815583339,-0.0016289253470458875,-0.0009554049059257309,-0.00041700317833145555
0.28358308716416725,-0.0016252036211220288,-0.0009454366032639922,-0.00041218777322726726
0.2836193927700006,-0.0016211660317550062,-0.0009353106712734461,-0.0004074257682386363
0.28365569837583393,-0.0016168206194354343,-0.0009250359639291566,-0.0004027173728879535
0.2836920039816673,-0.001612175178058989,-0.0009146210829581185,-0.00039806271327695163
0.2837283095875006,-0.0016072372330681627,-0.0009040742662432059,-0.0003934618485051583
0.2837646151933339,-0.0016020140876295411,-0.0008934033421291156,-0.00038891478216040483
0.28380092079916724,-0.0015965129261964217,-0.0008826157571866195,-0.00038442146685429884
0.2838372264050006,-0.001590740953451448,-0.0008717186704379315,-0.0003799818012409597
0.28387353201083393,-0.0015847055396294633,-0.0008607190939012166,-0.00037559562053711746
0.28390983761666727,-0.0015784143419699012,-0.0008496240501807718,-0.000371262682926904
0.2839461432225006,-0.0015718753767857,-0.0008384407145171761,-0.00036698265510150415
0.28398244882833396,-0.0015650970264210941,-0.0008271765118688343,-0.0003627551003727039
0.28401875443416724,-0.0015580879782639424,-0.0008158391485890991,-0.00035857947227219817
0.2840550600400006,-0.0015508571064256037,-0.00080443657130092,-0.0003544551154164202
0.2840913656458339,-0.0015434133180407858,-0.0007929768600624021,-0.00035038127391655397
0.28412767125166727,-0.001535765393128436,-0.0007814680759845237,-0.0003463571060583944
0.2841639768575006,-0.0015279218482128227,-0.0007699180925145049,-0.0003423817026907283
0.28420028246333395,-0.0015198908491872959,-0.0007583344428421153,-0.0003384541060110798
0.28423658806916724,-0.0015116801891508261,-0.0007467242126830757,-0.00033457332537882047
0.2842728936750006,-0.0015032973340946116,-0.0007350939986852526,-0.00033073834742822504
0.2843091992808339,-0.0014947495259102805,-0.0007234499396829277,-0.00032694813896222473
0.28434550488666727,-0.0014860439208871216,-0.0007117978135803583,-0.0003232016426278873
0.2843818104925006,-0.001477187734899139,-0.0007001431796470511,-0.00031949776688903434
0.28441811609833395,-0.0014681883652280158,-0.000688491537033558,-0.00031583537300383847
0.28445442170416724,-0.0014590534636669383,-0.0006768484671471202,-0.00031221326233758095
0.2844907273100006,-0.0014497909452646572,-0.0006652197307866214,-0.0003086301672644251
0.2845270329158339,-0.0014404089298684706,-0.0006536112999746208,-0.0003050847481546686
0.28456333852166726,-0.0014309156269691906,-0.0006420293174425837,-0.0003015755976653134
0.2845996441275006,-0.0014213191855956325,-0.0006304799911366246,-0.0002981012520203494
0.28463594973333395,-0.0014116275379248912,-0.0006189694440530207,-0.00029466020750364694
0.2846722553391673,-0.0014018482665017588,-0.0006075035486167727,-0.0002912509392977823
0.2847085609450006,-0.0013919885202600796,-0.0005960877779170668,-0.00028787191931382226
0.2847448665508339,-0.001382054994850147,-0.0005847271027983126,-0.000284521629871357
0.28478117215666726,-0.001372053980027028,-0.0005734259547361354,-0.0002811985709591682
0.2848174777625006,-0.0013619914635774188,-0.000562188261407843,-0.00027790126015184125
0.28485378336833395,-0.0013518732700917861,-0.0005510175474830656,-0.00027462822579450984
0.2848900889741673,-0.0013417052060379915,-0.0005399170802682625,-0.0002713779954750457
0.2849263945800006,-0.0013314931814168234,-0.000528890030996343,-0.0002681490827860714
0.2849627001858339,-0.0013212432830060944,-0.0005179396195120299,-0.0002649399757327707
0.28499900579166726,-0.0013109617838840135,-0.0005070692134641785,-0.00026174912979289066
0.2850353113975006,-0.0013006550866372982,-0.0004962823622064325,-0.0002585749676558646
0.28507161700333394,-0.0012903296108780372,-0.0004855827586189086,-0.0002554158862634922
0.2851079226091673,-0.0012799916467909728,-0.0004749741364106715,-0.0002522702702386368
0.2851442282150006,-0.001269647203208113,-0.00046446012329710027,-0.0002491365094417924
0.2851805338208339,-0.0012593018798186444,-0.00045404407922196635,-0.00024601301751932985
0.28521683942666726,-0.0012489607883526402,-0.0004437289517730874,-0.0002428982480845769
0.2852531450325006,-0.0012386285378782021,-0.00043351717753695846,-0.00023979070565004752
0.28528945063833394,-0.0012283092866525046,-0.0004234106490335718,-0.00023668894950649912
0.2853257562441673,-0.0012180068497910253,-0.00041341075388062596,-0.00023359159019735757
0.2853620618500006,-0.0012077248409824,-0.0004035184785395842,-0.0002304972797625281
0.2853983674558339,-0.0011974668197687712,-0.00039373455623418027,-0.00022740469820591459
0.28543467306166725,-0.0011872364148622985,-0.000384059629937003,-0.0002243125394096371
0.2854709786675006,-0.0011770373987826858,-0.00037449439841352305,-0.00022121949981535012
0.28550728427333394,-0.0011668736988191084,-0.00036503971676576496,-0.00021812427259958514
0.2855435898791673,-0.0011567493420107696,-0.0003556966320365649,-0.00021502554890996342
0.2855798954850006,-0.0011466683449826822,-0.00034646634740207117,-0.00021192202624457793
0.2856162010908339,-0.0011366345704582645,-0.00033735012271446596,-0.00020881242255720305
0.28565250669666725,-0.0011266515789189403,-0.0003283491318293529,-0.0002056954934683105
0.2856888123025006,-0.0011167225048762024,-0.0003194643057467571,-0.00020257004930587753
0.28572511790833394,-0.0011068499823695575,-0.00031069619340813164,-0.00019943496872612527
0.2857614235141673,-0.0010970361345710796,-0.0003020448684717023,-0.00019628920636578797
0.2857977291200006,-0.0010872826296986222,-0.00029350990124179876,-0.0001931317932068269
0.2858340347258339,-0.0010775907923330477,-0.00028509040197900184,-0.0001899618298345647
0.28587034033166725,-0.0010679617483011097,-0.0002767851276453674,-0.00018677847422807377
0.2859066459375006,-0.0010583965746926165,-0.0002685926315616884,-0.00018358092683383123
0.28594295154333393,-0.001048896425632676,-0.0002605114269707504,-0.00018036841620939958
0.2859792571491673,-0.0010394626093101608,-0.0002525401327943277,-0.00017714018837314377
0.2860155627550006,-0.001030096601498106,-0.0002446775734744758,-0.0001738955021920724
0.28605186836083396,-0.0010207999934540453,-0.00023692281397866212,-0.0001706336318522668
0.28608817396666725,-0.0010115743851444414,-0.00022927512399040557,-0.00016735387595502265
0.2861244795725006,-0.0010024212456057667,-0.0002217338794246249,-0.00016405557138074356
0.28616078517833393,-0.0009933417687806904,-0.00021429842189064728,-0.0001607381090541322
0.2861970907841673,-0.0009843367540607031,-0.00020696790509405565,-0.00015740094833805628
0.2862333963900006,-0.0009754065358555696,-0.00019974115976022919,-0.00015404362706312273
0.28626970199583396,-0.000966550976776921,-0.0001926166049669173,-0.0001506657651055418
0.28630600760166725,-0.000957769526406255,-0.00018559222453083714,-0.00014726706076670292
0.2863423132075006,-0.0009490613346253313,-0.00017866561414716227,-0.00014384728070279443
0.28637861881333393,-0.0009404253976999211,-0.00017183409090915598,-0.00014040624548881416
0.28641492441916727,-0.0009318607088657119,-0.00016509484443816088,-0.00013694381379917415
0.2864512300250006,-0.0009233663843420455,-0.00015844510059638932,-0.00013345986845952982
0.28648753563083396,-0.0009149417406515675,-0.0001518822662758152,-0.00012995430721519176
0.28652384123666724,-0.0009065863088606482,-0.00014540402754450096,-0.00012642704005683234
0.2865601468425006,-0.0008982997839359571,-0.0001390083827284169,-0.00012287799355489433
0.2865964524483339,-0.0008900819203332399,-0.00013269360495856466,-0.00011930712117108654
0.28663275805416727,-0.0008819323956267854,-0.00012645814274081976,-0.00011571441724891737
0.2866690636600006,-0.0008738506703295408,-0.00012030047941829622,-0.00011209993160019279
0.28670536926583395,-0.0008658358727887536,-0.00011421898054569062,-0.00010846378146484343
0.2867416748716673,-0.0008578867330306554,-0.0001082117605646027,-0.0001048061581564531
0.2867779804775006,-0.0008500015796728159,-0.00010227659629208679,-0.00010112732680361312
0.2868142860833339,-0.000842178401469232,-9.641090538845974e-05,-9.742761902841833e-05
0.28685059168916727,-0.0008344149622003018,-9.061179501883159e-05,-9.370741986921638e-05
0.2868868972950006,-0.0008267089470239662,-8.487617194562151e-05,-8.996715144917486e-05
0.28692320290083395,-0.0008190581121705542,-7.920089306781158e-05,-8.620725656613128e-05
0.2869595085066673,-0.0008114604092278827,-7.358292738630433e-05,-8.2428185392025e-05
0.2869958141125006,-0.0008039140603461612,-6.801949811794598e-05,-7.863038781938487e-05
0.2870321197183339,-0.0007964175704779839,-6.250817764655654e-05,-7.48143128136393e-05
0.28706842532416726,-0.0007889696753064837,-5.7046917392141124e-05,-7.098041466914286e-05
0.2871047309300006,-0.0007815692363082831,-5.163400762475981e-05,-6.712916462811981e-05
0.28714103653583395,-0.0007742151049021679,-4.626797616774611e-05,-6.326106520469314e-05
0.2871773421416673,-0.0007669059837619391,-4.0947447055590754e-05,-5.937666399300824e-05
0.2872136477475006,-0.0007596403139074377,-3.56709881249896e-05,-5.5476563845804074e-05
0.2872499533533339,-0.0007524162110293647,-3.0436978653348398e-05,-5.156142706451313e-05
0.28728625895916726,-0.0007452314646819332,-2.52435240990646e-05,-4.763197248621409e-05
0.2873225645650006,-0.0007380836014499669,-2.008843555748174e-05,-4.368896582696124e-05
0.28735887017083395,-0.0007309700004577802,-1.4969278611001623e-05,-3.973320503814673e-05
0.2873951757766673,-0.0007238880391700952,-9.883482400635304e-06,-3.5765503462146776e-05
0.28743148138250063,-0.0007168352414104266,-4.8284877380037284e-06,-3.17866740221313e-05
0.2874677869883339,-0.0007098093990844895,1.9809469971006591e-07,-2.7797517456513553e-05
0.28750409259416726,-0.000702808644327677,5.198347050447089e-06,-2.3798816759346593e-05
0.2875403982000006,-0.0006958314586511966,1.0173954615894612e-05,-1.9791338692312068e-05
0.28757670380583394,-0.000688876618176902,1.5126181173281988e-05,-1.5775841762679837e-05
0.2876130094116673,-0.0006819430867347156,2.005591361511231e-05,-1.1753088721603351e-05
0.28764931501750063,-0.000675029878926065,2.496376649686049e-05,-7.723860707153055e-06
0.2876856206233339,-0.0006681359211798131,2.985022518028258e-05,-3.6889698292474834e-06
0.28772192622916726,-0.0006612599391700456,3.4715798626763003e-05,3.507326643369425e-07
0.2877582318350006,-0.0006544003946651908,3.956115103705589e-05,4.394354563610645e-06
0.28779453744083394,-0.0006475554849952541,4.438718581485186e-05,8.440967799639268e-06
0.2878308430466673,-0.0006407232058290293,4.919506489245851e-05,1.2489619606097787e-05
0.2878671486525006,-0.0006339014653342748,5.3986159387179434e-05,1.653934760018062e-05
0.2879034542583339,-0.0006270882275614179,5.87619412769922e-05,2.0589195824885535e-05
0.28793975986416726,-0.0006202816570783858,6.352383755935722e-05,2.463822859635268e-05
0.2879760654700006,-0.0006134802366422047,6.827307584310799e-05,2.8685539462485473e-05
0.28801237107583394,-0.0006066828350639028,7.301055203294072e-05,3.273025360450097e-05
0.2880486766816673,-0.0005998887123319028,7.773674636404128e-05,3.677152338587392e-05
0.2880849822875006,-0.0005930974615285595,8.245170441395962e-05,4.080851818559648e-05
0.2881212878933339,-0.0005863088996203995,8.71550867840401e-05,4.484041084496798e-05
0.28815759349916725,-0.0005795229293280657,9.184627748420071e-05,4.886636376005345e-05
0.2881938991050006,-0.0005727393999746266,9.652452939499869e-05,5.288551771891415e-05
0.28823020471083394,-0.0005659579953429959,0.00010118911784117906,5.689698600024128e-05
0.2882665103166673,-0.0005591781711251407,0.00010583947174956765,6.0899855140430175e-05
0.2883028159225006,-0.0005523991546088138,0.00011047525638658545,6.489319237183048e-05
0.28833912152833396,-0.0005456200068055191,0.00011509639136947121,6.887605832975449e-05
0.28837542713416725,-0.000538839734756642,0.00011970300058245404,7.284752251368884e-05
0.2884117327400006,-0.0005320574317456897,0.00012429530422312574,7.680667840152789e-05
0.28844803834583393,-0.0005252724175837577,0.000128873474745324,8.07526551771469e-05
0.2884843439516673,-0.0005184843511250675,0.0001334374856550707,8.468462372846616e-05
0.2885206495575006,-0.0005116932927054826,0.00013798698352714866,8.860179575988006e-05
0.28855695516333396,-0.0005048997041704557,0.00014252120896674536,9.25034162918829e-05
0.28859326076916725,-0.0004981043865783974,0.00014703898247526236,9.638875119379323e-05
0.2886295663750006,-0.0004913083680543873,0.0001515387582439266,0.00010025707242629613
0.28866587198083393,-0.00048451276415959523,0.00015601873537513224,0.00010410764414421096
0.2887021775866673,-0.0004777186385661198,0.00016047700461587988,0.00010793971262781381
0.2887384831925006,-0.0004709268917093096,0.00016491170165347483,0.0001117525022112916
0.28877478879833396,-0.0004641381994592888,0.00016932113676806112,0.00011554521812624385
0.28881109440416725,-0.00045735301383787374,0.00017370387540324294,0.00011931705573715579
0.2888474000100006,-0.0004505716254063703,0.00017805875404762475,0.00012306721431444218
0.28888370561583393,-0.00044379427463709303,0.00018238482875038446,0.00012679491254588378
0.28892001122166727,-0.0004370212898100327,0.00018668126704107026,0.000130499402625153
0.2889563168275006,-0.0004302532236902939,0.00019094720530558494,0.00013417998005123256
0.28899262243333396,-0.00042349096149041544,0.000195181600539489,0.00013783598716255238
0.2890289280391673,-0.0004167357783493492,0.00019938310649154025,0.0001414668097285601
0.2890652336450006,-0.0004099893346198848,0.00020354999931380851,0.00014507186735835808
0.2891015392508339,-0.00040325360963970385,0.00020768016793342229,0.00014865059976189548
0.28913784485666727,-0.00039653078689812243,0.0002117711714358707,0.00015220245174899538
0.2891741504625006,-0.0003898231131627138,0.00021582035238265014,0.00015572686009944934
0.28921045606833395,-0.00038313275927674516,0.00021982498384410566,0.00015922324503342777
0.2892467616741673,-0.00037646170995884223,0.00022378242123193711,0.00016269100804130543
0.2892830672800006,-0.0003698117041120167,0.0002276902290960563,0.00016612953649919305
0.2893193728858339,-0.00036318423704663813,0.00023154625808439162,0.00016953821407958246
0.28935567849166727,-0.0003565806236590296,0.0002353486572408528,0.00017291643476100035
0.2893919840975006,-0.00035000210945038644,0.00023909581973987566,0.00017626361749710124
0.28942828970333395,-0.00034345000674228644,0.00024278627344382576,0.00017957921847794426
0.2894645953091673,-0.00033692582844128374,0.00024641853867008004,0.00018286273842921242
0.2895009009150006,-0.00033043139221816654,0.0002499909820750881,0.0001861137234400324
0.2895372065208339,-0.00032396887388884947,0.00025350169630671655,0.00018933175916725604
0.28957351212666727,-0.00031754079892704355,0.00025694842990138457,0.000192516459649277
0.2896098177325006,-0.00031114997337697823,0.00026032858184791554,0.00019566745308613562
0.28964612333833395,-0.0003047993675053755,0.00026363926231742936,0.00019878436757048997
0.2896824289441673,-0.00029849197492943705,0.0002668774078500265,0.00020186681975572314
0.28971873455000063,-0.0002922306748113198,0.0002700399284308799,0.00020491440882382806
0.2897550401558339,-0.0002860181240570279,0.0002731238575452054,0.0002079267169982706
0.28979134576166726,-0.0002798567004354196,0.000276126475734576,0.00021090331647032425
0.2898276513675006,-0.00027374850734828343,0.00027904538349316117,0.00021384378125982663
0.28986395697333395,-0.00026769543867105806,0.0002818785094743651,0.00021674770149491494
0.2899002625791673,-0.00026169929010346247,0.00028462405289859515,0.0002196146970866799
0.28993656818500063,-0.0002557618942089906,0.0002872803721797568,0.00022244442789991857
0.2899728737908339,-0.00024988525162568533,0.0002898458425013342,0.0002252365982537462
0.29000917939666726,-0.0002440716317292939,0.00029231871123703494,0.00022799095477228965
0.2900454850025006,-0.0002383236221581574,0.00029469698050083,0.0002307072779977943
0.29008179060833394,-0.0002326441168384119,0.0002969783406557108,0.00023338536948514787
0.2901180962141673,-0.00022703624443299195,0.00029916016840546625,0.0002360250370449276
0.29015440182000063,-0.00022150325102539094,0.0003012395901820139,0.00023862608119347377
0.2901907074258339,-0.00021604835996798442,0.00030321359850307624,0.00024118828562133952
0.29022701303166726,-0.00021067463635872683,0.00030507919841419646,0.00024371141365723908
0.2902633186375006,-0.00020538488265963632,0.0003068335551505859,0.00024619521145728413
0.29029962424333394,-0.00020018158573133527,0.0003084741139460122,0.0002486394172489639
0.2903359298491673,-0.0001950669252806664,0.0003099986685122347,0.0002510437746979155
0.2903722354550006,-0.00019004284145807045,0.00031140536498859756,0.0002534080476059068
0.29040854106083397,-0.00018511114754648334,0.0003126926410593523,0.00025573203286961626
0.29044484666666726,-0.00018027366470698742,0.00031385911287703134,0.00025801556898965243
0.2904811522725006,-0.00017553235137641058,0.00031490343282923914,0.00026025853834262674
0.29051745787833394,-0.00017088940101546882,0.00031582414696986545,0.00026246086272352614
0.2905537634841673,-0.00016634728825668963,0.0003166195809546526,0.00026462249306156716
0.2905900690900006,-0.00016190875382618203,0.0003172877775788765,0.0002667433954197501
0.29062637469583397,-0.00015757673084758656,0.0003178264986661003,0.00026882353615571136
0.29066268030166725,-0.00015335422683670908,0.0003182332911749057,0.00027086286929026105
0.2906989859075006,-0.0001492441845271563,0.0003185056045522021,0.000272861328666047
0.29073529151333394,-0.00014524934887151896,0.0003186409361323342,0.00027481882647967763
0.2907715971191673,-0.00014137216630557387,0.0003186369758015971,0.00027673525844513434
0.2908079027250006,-0.00013761473590178996,0.00031849172132722864,0.00027861051447071185
0.29084420833083396,-0.0001339788216686936,0.0003182035416456507,0.0002804444925922175
0.29088051393666725,-0.00013046592304856837,0.0003177711758315358,0.00028223711323817693
0.2909168195425006,-0.00012707738906546758,0.00031719366833787784,0.0002839883308458687
0.29095312514833394,-0.00012381455289321364,0.00031647025383268855,0.00028569814041033335
0.2909894307541673,-0.00012067885957832833,0.00031560021501479067,0.0002873665776130492
0.2910257363600006,-0.00011767196106525705,0.0003145827421622179,0.0002889937125195627
0.29106204196583396,-0.00011479575924202601,0.0003134168227835549,0.0002905796381754384
0.2910983475716673,-0.00011205238813534649,0.00031210118368809925,0.00029212445648808534
0.2911346531775006,-0.00010944413855182249,0.0003106342972814741,0.00029362826433842364
0.29117095878333393,-0.00010697333995477595,0.0003090144510348974,0.0002950911428062823
0.2912072643891673,-0.00010464222289043291,0.00030723986644168316,0.000296513151731083
0.2912435699950006,-0.0001024527891345668,0.00030530884388917714,0.00029789433070466693
0.29127987560083396,-0.00010040671515695533,0.00030321990471142006,0.00029923470624220415
0.2913161812066673,-9.850530781751686e-05,0.00030097190227445597,0.000300534303582878
0.2913524868125006,-9.674952075620395e-05,0.0002985640801590024,0.00030179316060496267
0.29138879241833393,-9.514002781108903e-05,0.000295996066096255,0.00030301134090163505
0.2914250980241673,-9.367733842019983e-05,0.0002932678031601023,0.00030418894324514773
0.2914614036300006,-9.236193160464368e-05,0.0002903794322523803,0.00030532610542894414
0.29149770923583396,-9.1194381459274e-05,0.000287331149631997,0.0003064230016596828
0.2915340148416673,-9.017544882016926e-05,0.0002841230681950908,0.0003074798340260153
0.2915703204475006,-8.930612058050373e-05,0.00028075511042643367,0.00030849681981459816
0.29160662605333393,-8.85875886225689e-05,0.0002772269545758308,0.0003094741773160133
0.29164293165916727,-8.80211724218819e-05,0.0002735380449463245,0.00031041211308168983
0.2916792372650006,-8.760820064196294e-05,0.00026968766435083954,0.0003113108132911293
0.29171554287083395,-8.734987522571061e-05,0.0002656750543677619,0.0003121704410299636
0.2917518484766673,-8.724714496870352e-05,0.0002614995594872688,0.0003129911400432342
0.29178815408250064,-8.73006136412544e-05,0.00025716076649224325,0.00031377304417314625
0.2918244596883339,-8.751050079920894e-05,0.00025265861140340594,0.0003145162904995868
0.29186076529416727,-8.787666287838422e-05,0.0002479934328334349,0.0003152210334237103
0.2918970709000006,-8.839867011585239e-05,0.00024316596132956488,0.00031588745673242065
0.29193337650583395,-8.907592369347159e-05,0.00023817724708664277,0.00031651578109702946
0.2919696821116673,-8.990778948235478e-05,0.00023302854072031117,0.0003171062654062147
0.29200598771750064,-9.089372148035568e-05,0.00022772115114259582,0.0003176592016143323
0.2920422933233339,-9.203335013002995e-05,0.00022225630911354533,0.00031817490413422653
0.29207859892916727,-9.332651775739461e-05,0.00021663506385324657,0.00031865369593813054
0.2921149045350006,-9.47732539672494e-05,0.00021085823343441394,0.00031909589421487823
0.29215121014083395,-9.637369584738342e-05,0.00020492641887747117,0.00031950179852410565
0.2921875157466673,-9.812796886844038e-05,0.0001988400791034396,0.0003198716838694593
0.29222382135250063,-0.0001000360522142075,0.00019259965172171487,0.0003202058000913424
0.2922601269583339,-0.00010209765537354488,0.0001862056954755299,0.00032050437766825945
0.29229643256416726,-0.00010431213055640121,0.00017965902586487161,0.0003207676386873299
0.2923327381700006,-0.00010667843832172012,0.00017296081686902928,0.00032099581067519323
0.29236904377583395,-0.00010919517316391303,0.00016611264851017235,0.000321189140392187
0.2924053493816673,-0.00011186064382757978,0.0001591164908631285,0.0003213479047067974
0.29244165498750063,-0.00011467299220249329,0.0001519746278449441,0.0003214724162798573
0.292477960593334,-0.00011763032697321537,0.00014468953616056802,0.0003215630228702249
0.29251426619916726,-0.00012073084529059107,0.0001372637437283199,0.0003216201003996296
0.2925505718050006,-0.00012397291817091836,0.0001296996959735669,0.00032164404120770603
0.29258687741083395,-0.0001273551226187187,0.00012199965675375471,0.0003216352399200255
0.2926231830166673,-0.00013087621414746293,0.00011416566369523114,0.00032159407983665055
0.29265948862250063,-0.00013453504530056747,0.0001061995467869402,0.0003215209226269375
0.29269579422833397,-0.0001383304465666135,9.810300638249346e-05,0.0003214161034151197
0.29273209983416726,-0.00014226109358244314,8.987773485422262e-05,0.0003212799322084114
0.2927684054400006,-0.0001463253872308759,8.152555740418148e-05,0.0003211127012923465
0.29280471104583394,-0.0001505213706305771,7.304856371398183e-05,0.00032091469697409226
0.2928410166516673,-0.00015484669961329244,6.444920396787297e-05,0.0003206862131528282
0.2928773222575006,-0.0001592986725751551,5.573032993435859e-05,0.00032042756382418577
0.29291362786333397,-0.00016387431372011415,4.6895172803138576e-05,0.0003201390918594652
0.29294993346916726,-0.00016857049305986656,3.794726213705778e-05,0.0003198211721894995
0.2929862390750006,-0.0001733840592248846,2.8890302075577283e-05,0.00031947420870134157
0.29302254468083394,-0.00017831195863236032,1.9728029459766374e-05,0.00031909862547618357
0.2930588502866673,-0.00018335131734392702,1.046408213364683e-05,0.00031869485418266845
0.2930951558925006,-0.0001884994694635661,1.1019036003327591e-06,0.0003182633202432038
0.29313146149833397,-0.0001937539266632417,-8.355297104444534e-06,0.0003178044306445482
0.2931677671041673,-0.00019911229522748437,-1.7904522543767574e-05,0.00031731856591549505
0.2932040727100006,-0.00020457215751482397,-2.7542905868817277e-05,0.00031680607791758367
0.29324037831583394,-0.0002101309418428095,-3.7267588164623383e-05,0.000316267293873483
0.2932766839216673,-0.00021578580709627552,-4.7075578981305295e-05,0.00031570252574790827
0.2933129895275006,-0.00022153356538314617,-5.6963628230898215e-05,0.0003151120829718236
0.29334929513333396,-0.00022737065842106473,-6.6928135336412e-05,0.00031449628579742044
0.2933856007391673,-0.00023329319256727382,-7.696511404753913e-05,0.00031385547643599464
0.2934219063450006,-0.00023929702566380796,-8.707022018848655e-05,0.00031319002559168283
0.29345821195083394,-0.0002453778885119745,-9.723883701417336e-05,0.00031250033296476053
0.2934945175566673,-0.000251531516886488,-0.00010746620134357383,0.00031178682155816523
0.2935308231625006,-0.0002577537679286353,-0.00011774754551561855,0.00031104992691694113
0.29356712876833396,-0.0002640406979284885,-0.000128078227095609,0.00031029008349178734
0.2936034343741673,-0.0002703885862775546,-0.00013845382076591646,0.00030950771092319574
0.2936397399800006,-0.0002767939011840391,-0.00014887015445437044,0.0003087032030653684
0.29367604558583393,-0.0002832532144250033,-0.00015932328295437698,0.0003078769220043169
0.2937123511916673,-0.0002897630826229191,-0.00016980940482457562,0.00030702919828986576
0.2937486567975006,-0.00029631991923494464,-0.00018032473971097348,0.000306160337312203
0.29378496240333396,-0.0003029198832935617,-0.00019086539113875628,0.0003052706304785613
0.2938212680091673,-0.00030955880757152845,-0.00020142722269651106,0.0003043603688499397
0.29385757361500064,-0.00031623218094160925,-0.00021200577281405881,0.00030342985638852636
0.29389387922083393,-0.00032293518884904236,-0.00022259622557016076,0.0003024794200492843
0.2939301848266673,-0.00032966280418793693,-0.00023319344372127538,0.0003015094146063311
0.2939664904325006,-0.00033640991080018226,-0.00024379205767555422,0.00030052022119911033
0.29400279603833396,-0.0003431714353118157,-0.00025438659294719823,0.0002995122398869343
0.2940391016441673,-0.0003499424613852798,-0.0002649716109553081,0.00029848587774209095
0.29407540725000064,-0.0003567183040189891,-0.00027554183541037046,0.0002974415349334516
0.29411171285583393,-0.00036349452955128283,-0.0002860922394781604,0.0002963795916634593
0.29414801846166727,-0.0003702669179127765,-0.00029661807682608294,0.00029530039863718405
0.2941843240675006,-0.0003770313752370184,-0.00030711485094669016,0.00029420427300243896
0.29422062967333396,-0.0003837838148685161,-0.0003175782295489426,0.00029309150055989425
0.2942569352791673,-0.0003905200311143111,-0.0003280039218227488,0.0002919623437398037
0.29429324088500064,-0.00039723559151249915,-0.00033838754380966673,0.000290817053648706
0.2943295464908339,-0.00040392576965898473,-0.0003487244994679341,0.00028965588365324453
0.29436585209666727,-0.00041058553249604117,-0.00035900990183773,0.0002884791016620799
0.2944021577025006,-0.0004172095850576203,-0.00036923855063832755,0.0002872869985529054
0.29443846330833395,-0.0004237924641740641,-0.00037940497128830636,0.0002860798910084141
0.2944747689141673,-0.0004303286628640791,-0.00038950350801199665,0.00028485811820081635
0.29451107452000064,-0.0004368127610386858,-0.00039952845285377674,0.000283622033052864
0.2945473801258339,-0.00044323953692664724,-0.00040947418523960176,0.00028237198993512607
0.29458368573166727,-0.0004496040375394747,-0.0004193352946385536,0.00028110833139862205
0.2946199913375006,-0.00045590159473602457,-0.0004291066622989516,0.0002798313767354742
0.29465629694333395,-0.0004621277843648389,-0.00043878348627108085,0.000278541414768918
0.2946926025491673,-0.00046827833736610324,-0.0004483612453242373,0.0002772387023810015
0.29472890815500064,-0.00047434902131974967,-0.0004578356096303844,0.00027592346907944854
0.294765213760834,-0.00048033551681093994,-0.00046720231675937573,0.0002745959266375378
0.29480151936666726,-0.00048623331397609965,-0.00047645703847254477,0.0002732562817778293
0.2948378249725006,-0.0004920376505010093,-0.0004855952656242159,0.0002719047492343141
0.29487413057833395,-0.000497743503995182,-0.0004946122348242454,0.0002705415624507236
0.2949104361841673,-0.0005033456407433813,-0.0005035029121181765,0.0002691669796708141
0.29494674179000063,-0.0005088387115289154,-0.0005122620374938716,0.00026778128414470985
0.294983047395834,-0.0005142173758010592,-0.0005208842218234342,0.0002663847784108937
0.29501935300166726,-0.0005194764298064751,-0.0005293640773439843,0.00026497777385749377
0.2950556586075006,-0.0005246109135493276,-0.0005376963560748801,0.0002635605777588179
0.29509196421333395,-0.0005296161757310725,-0.0005458760690024738,0.0002621334805160539
0.2951282698191673,-0.0005344878842818585,-0.0005538985627444878,0.00026069674579318436
0.29516457542500063,-0.0005392219810284893,-0.0005617595389499347,0.0002592506056382362
0.295200881030834,-0.0005438145902529454,-0.0005694550131785097,0.00025779526164138353
0.29523718663666726,-0.0005482619001320592,-0.0005769812221286567,0.00025633089192190377
0.2952734922425006,-0.0005525600414630204,-0.00058433449841432,0.0002548576625183871
0.29530979784833394,-0.0005567049885897746,-0.0005915111385579706,0.00025337574083498805
0.2953461034541673,-0.0005606925029556761,-0.0005985072911805014,0.00025188530836318555
0.29538240906000063,-0.0005645181311244365,-0.0006053188882710408,0.00025038657004394213
0.29541871466583397,-0.0005681772581609222,-0.0006119416337410351,0.0002488797583291441
0.2954550202716673,-0.0005716652061449083,-0.000618371051954039,0.00024736513109929043
0.2954913258775006,-0.0005749773585349112,-0.0006246025868883984,0.0002458429638680054
0.29552763148333394,-0.0005781092859200371,-0.0006306317324485095,0.00024431353788807313
0.2955639370891673,-0.0005810568484302128,-0.0006364541682225111,0.00024277712662213239
0.2956002426950006,-0.0005838162547679307,-0.000642065873930995,0.00024123398337777278
0.29563654830083397,-0.0005863840665316015,-0.0006474632001256152,0.0002396843326620535
0.2956728539066673,-0.0005887571474716497,-0.0006526428815042139,0.00023812836703593585
0.2957091595125006,-0.0005909325683533063,-0.0006576019907359429,0.0002365662501064353
0.29574546511833394,-0.0005929074869822959,-0.0006623378426186229,0.00023499812502143848
0.2957817707241673,-0.0005946790279024878,-0.0006668478683269082,0.00023342412669377427
0.2958180763300006,-0.0005962441863090966,-0.0006711294854628737,0.00023184439521350646
0.29585438193583397,-0.0005975997758353573,-0.0006751799904020234,0.0002302590876691953
0.2958906875416673,-0.0005987424310494487,-0.0006789964948889121,0.00022866838593827313
0.2959269931475006,-0.000599668664514358,-0.0006825759198971984,0.00022707249885163032
0.29596329875333394,-0.0006003749673205444,-0.0006859150482307209,0.00022547165831091293
0.2959996043591673,-0.0006008579332929902,-0.0006890106255259156,0.0002238661101938555
0.2960359099650006,-0.0006011143823432439,-0.0006918594895948568,0.0002222561019614159
0.29607221557083396,-0.0006011414586266305,-0.0006944587023715743,0.0002206418695565655
0.2961085211766673,-0.0006009366842305783,-0.0006968056582263224,0.0002190236263187438
0.29614482678250065,-0.000600497958040198,-0.0006988981471858502,0.00021740155620394094
0.29618113238833393,-0.0005998235004087041,-0.0007007343606763322,0.00021577581269038737
0.2962174379941673,-0.0005989117550990664,-0.0007023128389599634,0.0002141465235551933
0.2962537436000006,-0.0005977612684871822,-0.0007036323711419474,0.00021251380047819328
0.29629004920583396,-0.0005963705705208237,-0.0007046918681299216,0.00021087775142249532
0.2963263548116673,-0.0005947380815160847,-0.0007054902343259488,0.00020923849316657623
0.29636266041750065,-0.0005928620636345988,-0.0007060262640425871,0.0002075961613392577
0.29639896602333393,-0.0005907406268785623,-0.0007062985836229414,0.00020595091584019984
0.2964352716291673,-0.0005883717884786634,-0.0007063056510228777,0.0002043029405023674
0.2964715772350006,-0.0005857535738338659,-0.0007060458130391271,0.00020265243706466628
0.29650788284083396,-0.0005828841388403579,-0.0007055174087676039,0.00020099961471860812
0.2965441884466673,-0.0005797618891848414,-0.0007047188985820369,0.00019934467742216088
0.29658049405250064,-0.0005763855728226743,-0.0007036489927983864,0.00019768781164261314
0.29661679965833393,-0.0005727543272762212,-0.0007023067542603025,0.0001960291771005963
0.29665310526416727,-0.0005688676724783529,-0.0007006916543254256,0.00019436890245849063
0.2966894108700006,-0.0005647254508199464,-0.0006988035710926751,0.0001927070868601542
0.29672571647583396,-0.0005603277266408011,-0.0006966427303024691,0.00019104380700221384
0.2967620220816673,-0.0005556746655073217,-0.0006942096008347334,0.00018937912825670272
0.29679832768750064,-0.000550766417624802,-0.00069150476581584,0.00018771311751334245
0.296834633293334,-0.0005456030288398147,-0.0006885287952035228,0.00018604585504535104
0.29687093889916727,-0.0005401843970861012,-0.0006852821453779254,0.00018437744290164212
0.2969072445050006,-0.0005345102829478793,-0.0006817651058019704,0.00018270800804933422
0.29694355011083395,-0.0005285803721068079,-0.0006779778033287965,0.00018103769958330214
0.2969798557166673,-0.0005223943769965335,-0.0006739202631376222,0.0001793666805561976
0.29701616132250064,-0.0005159521571088779,-0.0006695925139030377,0.0001776951161050655
0.297052466928334,-0.0005092538336578412,-0.0006649947159301109,0.00017602316032530333
0.29708877253416727,-0.0005022998754572111,-0.0006601272863967213,0.00017435094460776097
0.2971250781400006,-0.0004950911386674715,-0.0006549909964508675,0.00017267856985497113
0.29716138374583395,-0.0004876288523468835,-0.0006495870205850292,0.0001710061041902269
0.2971976893516673,-0.00047991455263155175,-0.0006439169283051358,0.00016933358663545785
0.29723399495750064,-0.0004719499786801578,-0.0006379826196956252,0.0001676610359973208
0.297270300563334,-0.0004637369511798403,-0.0006317862177252824,0.00016598846312271156
0.29730660616916726,-0.0004552772576841543,-0.0006253299387837712,0.00016431588398895815
0.2973429117750006,-0.00044657256764847153,-0.0006186159672539938,0.0001626433309244616
0.29737921738083395,-0.00043762439402993884,-0.0006116463590510601,0.00016097085964703308
0.2974155229866673,-0.00042843410893769534,-0.0006044229931789585,0.00015929855067746117
0.29745182859250063,-0.0004190030099422015,-0.0005969475806605512,0.0001576265048533182
0.297488134198334,-0.00040933242346633734,-0.0005892217286395721,0.00015595483388958692
0.2975244398041673,-0.00039942382423043416,-0.0005812470463601564,0.0001542836479544783
0.2975607454100006,-0.00038927894650211416,-0.0005730252713284603,0.00015261304283900988
0.29759705101583395,-0.0003788998645523389,-0.0005645583899359581,0.00015094308937178743
0.2976333566216673,-0.0003682890259050715,-0.0005558487279766934,0.0001492738272523365
0.29766966222750063,-0.00035744923044278397,-0.0005468989925807708,0.00014760526454829856
0.297705967833334,-0.0003463835592880992,-0.0005377122568812595,0.00014593738291828474
0.2977422734391673,-0.0003350952674420244,-0.0005282918902560502,0.00014427014743030532
0.2977785790450006,-0.00032358766140312673,-0.0005186414479199941,0.00014260351889369655
0.29781488465083394,-0.00031186398596906226,-0.0005087645417880193,0.00014093746610793472
0.2978511902566673,-0.00029992734253989187,-0.0004986647182530095,0.00013927197546054085
0.29788749586250063,-0.0002877806548855925,-0.000488345367080896,0.0001376070558707358
0.29792380146833397,-0.00027542668878993476,-0.0004778096793171801,0.0001359427380561831
0.2979601070741673,-0.0002628681211605646,-0.0004670606621999276,0.00013427906829107438
0.2979964126800006,-0.0002501076442745239,-0.0004561012075805774,0.00013261609797559262
0.29803271828583394,-0.00023714808379927114,-0.0004449341995801123,0.0001309538712087988
0.2980690238916673,-0.00022399250649782473,-0.00043356263932077933,0.0001292924129675655
0.2981053294975006,-0.0002106442956343105,-0.0004219897611556974,0.00012763172035845096
0.29814163510333397,-0.0001971071786119048,-0.0004102191165523387,0.00012597175875684333
0.2981779407091673,-0.00018338520098346606,-0.0003982546083158914,0.00012431246361578526
0.29821424631500065,-0.00016948265174168594,-0.0003861004678453983,0.00012265374753220513
0.29825055192083394,-0.0001554039545565445,-0.00037376117958205584,0.00012099551105118095
0.2982868575266673,-0.00014115354642491775,-0.0003612413674267146,0.00011933765490108753
0.2983231631325006,-0.0001267357676706269,-0.00034854566553753336,0.00011768009104876584
0.29835946873833397,-0.0001121547848940881,-0.0003356785990366862,0.0001160227502075812
0.2983957743441673,-9.741456179774298e-05,-0.000322644498134942,0.00011436558417126982
0.29843207995000065,-8.251888315529637e-05,-0.00030944746243693214,0.00011270856242793631
0.29846838555583394,-6.7471426495721e-05,-0.000296091382080119,0.00011105166370527011
0.2985046911616673,-5.2275866488797885e-05,-0.0002825800109239172,0.00010939486415977812
0.2985409967675006,-3.693599047217373e-05,-0.00026891707654354003,0.00010773812462760322
0.29857730237333396,-2.1455801361332337e-05,-0.0002551064043985973,0.00010608137955489858
0.2986136079791673,-5.83958676801146e-06,-0.00024115203072048509,0.00010442452987964853
0.29864991358500065,9.908060008329266e-06,-0.0002270582809578767,0.00010276744131620766
0.29868621919083393,2.5782271739895774e-05,-0.00021282979756828547,0.00010110994836961154
0.2987225247966673,4.177798577883282e-05,-0.00019847151114272459,9.945186321313599e-05
0.2987588304025006,5.789005391111968e-05,-0.00018398856024515317,9.779298754833034e-05
0.29879513600833396,7.411336186563643e-05,-0.00016938617564619235,9.613312494309856e-05
0.2988314416141673,9.04429348752988e-05,-0.0001546695517627037,9.447209104021311e-05
0.29886774722000065,0.00010687400852776451,-0.0001398437306518433,9.280971946736693e-05
0.298904052825834,0.00012340205115909359,-0.00012491352134675707,9.114586216913323e-05
0.2989403584316673,0.0001400227338177363,-0.0001098834701837527,8.94803840359554e-05
0.2989766640375006,0.00015673185438810683,-9.475788749958275e-05,8.781315288539005e-05
0.29901296964333396,0.00017352523168650419,-7.954092474249672e-05,8.614402681109822e-05
0.2990492752491673,0.00019039859137280778,-6.423668592286878e-05,8.447284145634219e-05
0.29908558085500064,0.00020734746714925773,-4.884935046109958e-05,8.279939977920553e-05
0.299121886460834,0.00022436713761988982,-3.3383282247954537e-05,8.112346635514706e-05
0.2991581920666673,0.00024145261198899487,-1.7843102558801836e-05,7.944476731818514e-05
0.2991944976725006,0.00025859866793602227,-2.2337117812749365e-06,7.776299587202676e-05
0.29923080327833396,0.00027579993449997027,1.343974475405779e-05,7.607782215037168e-05
0.2992671088841673,0.0002930510037521254,2.9171960291738474e-05,7.438890531074474e-05
0.29930341449000064,0.00031034654925171743,4.495758304940364e-05,7.269590529379424e-05
0.299339720095834,0.0003276814279247477,6.079134243851749e-05,7.099849176278732e-05
0.29937602570166727,0.000345050745349904,7.666816011445959e-05,6.92963483371641e-05
0.2994123313075006,0.0003624498718000606,9.258322396028239e-05,6.758917122316816e-05
0.29944863691333395,0.0003798744062885686,0.00010853201060799053,6.587666251655607e-05
0.2994849425191673,0.00039732009631330347,0.0001245102524854396,6.41585195624773e-05
0.29952124812500064,0.00041478272987828426,0.00014051385655048707,6.243442257464818e-05
0.299557553730834,0.00043225802191810436,0.00015653879158582275,6.070402307047629e-05
0.2995938593366673,0.00044974151834381544,0.0001725809672247218,5.896693549830327e-05
0.2996301649425006,0.000467228537356006,0.00018863612949716375,5.722273375672101e-05
0.29966647054833395,0.0004847141601556466,0.00020469979430851615,5.5470953276659754e-05
0.2997027761541673,0.0005021932732413551,0.00022076723257709774,5.371109817071018e-05
0.29973908176000064,0.0005196606541143435,0.00023683351031692277,5.194265189511507e-05
0.299775387365834,0.0005371110835034338,0.00025289357586472637,5.016508913932812e-05
0.2998116929716673,0.0005545394619197871,0.000268942376950305,4.837788640817575e-05
0.2998479985775006,0.0005719409075146911,0.0002849749843078357,4.6580529043900876e-05
0.29988430418333395,0.0005893108160047234,0.00030098669722743404,4.4772513189796686e-05
0.2999206097891673,0.0006066448710772096,0.00031697311010616986,4.295334226516797e-05
0.29995691539500063,0.0006239390036511289,0.0003329301269324302,4.112251867900282e-05
